101_1_60_nl_ho,101_2_60_nl_ho,101_3_60_nl_ho,101_4_60_nl_ho,101_5_60_nl_ho,101_6_60_nl_ho,101_7_60_nl_ho,101_8_60_nl_ho,101_9_60_nl_ho,101_10_60_nl_ho,101_11_60_nl_ho,101_12_60_nl_ho,101_13_60_nl_ho,101_14_60_nl_ho,101_15_60_nl_ho,101_16_60_nl_ho,101_17_60_nl_ho,101_18_60_nl_ho,101_19_60_nl_ho,101_20_60_nl_ho,101_21_60_nl_ho,101_22_60_nl_ho,101_23_60_nl_ho,101_24_60_nl_ho,101_25_60_nl_ho,101_26_60_nl_ho,101_27_60_nl_ho,101_28_60_nl_ho,101_29_60_nl_ho,101_30_60_nl_ho,101_31_60_nl_ho,101_32_60_nl_ho,101_33_60_nl_ho,101_34_60_nl_ho,101_35_60_nl_ho,101_36_60_nl_ho,101_37_60_nl_ho,101_38_60_nl_ho,101_39_60_nl_ho,101_40_60_nl_ho,101_41_60_nl_ho,101_42_60_nl_ho,101_43_60_nl_ho,101_44_60_nl_ho,101_45_60_nl_ho,101_46_60_nl_ho,101_47_60_nl_ho,101_48_60_nl_ho,101_49_60_nl_ho,101_50_60_nl_ho,101_51_60_nl_ho,101_52_60_nl_ho,101_53_60_nl_ho,101_54_60_nl_ho,101_55_60_nl_ho,101_56_60_nl_ho,101_57_60_nl_ho,101_58_60_nl_ho,101_59_60_nl_ho,101_60_60_nl_ho,101_61_60_nl_ho,101_62_60_nl_ho,101_63_60_nl_ho,101_64_60_nl_ho,101_65_60_nl_ho,101_66_60_nl_ho,101_67_60_nl_ho,101_68_60_nl_ho,101_69_60_nl_ho,101_70_60_nl_ho,101_71_60_nl_ho,101_72_60_nl_ho,101_73_60_nl_ho,101_74_60_nl_ho,101_75_60_nl_ho,101_76_60_nl_ho,101_77_60_nl_ho,101_78_60_nl_ho,101_79_60_nl_ho,101_80_60_nl_ho,101_81_60_nl_ho,101_82_60_nl_ho,101_83_60_nl_ho,101_84_60_nl_ho,101_85_60_nl_ho,101_86_60_nl_ho,101_87_60_nl_ho,101_88_60_nl_ho,101_89_60_nl_ho,101_90_60_nl_ho,101_91_60_nl_ho,101_92_60_nl_ho,101_93_60_nl_ho,101_94_60_nl_ho,101_95_60_nl_ho,101_96_60_nl_ho,101_97_60_nl_ho,101_98_60_nl_ho,101_99_60_nl_ho,101_100_60_nl_ho,101_101_60_nl_ho
0.4832910754,1.8545378645,0.649112815,1.2757900687,0.0656035208,0.6543492545,0.1889852069,0.8641952656,0.7932674688,0.4711185376,0.9189326419,1.9033778187,0.11718764,0.7448547457,1.1981741596,0.4249434979,1.1253042863,0.5376560622,0.6873392796,0.8720683038,0.0808499514,1.2476553449,0.0518917225,1.6770061339,0.7162017305,0.1516088578,0.7284252832,0.4420802633,0.5276021021,0.0058775996,1.3574633098,1.0057280988,0.6853236693,0.0932465559,1.9315350045,1.5201367485,1.0956987037,0.2149784943,0.7285305698,0.5514203913,0.4101861438,0.4553154102,0.7314885126,0.4547671278,0.385621081,0.9547255792,1.5144177777,0.639533362,0.7414313968,0.397737754,0.0401474815,0.0656706441,0.8915598776,0.1854145028,0.6086523255,1.3352874711,1.5034671632,1.6859597049,0.8142904035,0.5800698142,0.2745181218,1.155270491,0.0212445435,1.9193135522,1.1591537931,1.2213481107,1.7407262459,2.2029666121,0.0421052549,0.078274549,0.799866639,1.0614082018,0.1746536129,0.9396539045,1.511156316,0.9430616696,2.2761060111,0.5137308369,1.419259712,0.0329681149,1.6583944805,2.0005158546,0.7607368326,2.0912933212,1.9189607718,1.6728888425,0.7898915515,0.3745651951,1.5866141174,0.4343488395,1.0649763412,1.7183256159,1.2483345609,1.9803268755,0.7295395452,1.1971347217,0.8512822047,0.5792225729,1.6495980384,0.8704032483,0.4044417677
1.4371201098,3.2008937244,2.4848484133,2.1913742091,1.2659822094,1.4249693442,1.5637974914,2.8854471811,0.1888374265,1.5960813606,1.334754962,2.0904738658,0.353644907,2.2531902445,2.9733482846,0.685692575,2.231056073,1.2907479724,1.1731455646,2.2409212881,2.0251460002,2.9304734563,0.6238348644,3.4200208855,2.9198162671,0.2645279548,2.6892430561,1.726491875,0.1659101523,0.2424748778,1.9188193549,2.6430764871,2.5747176278,1.4856054636,2.8471265952,3.3832936807,3.3266384853,0.3480373649,1.7647392595,1.8187433062,1.9630724314,1.9698266029,1.1388899488,0.957930894,1.69541728,2.856477804,2.1502223672,1.9760070435,0.7153776766,1.998056602,2.6668791023,1.3612987989,2.6144047893,1.8721605097,1.0584465672,2.4282639801,3.3698008183,3.0737951577,1.2607142551,1.6231077462,1.2996056146,1.3617051035,0.6316323792,4.0977585316,2.9034210957,1.5023533111,4.5753650241,3.4653206302,0.6765054205,0.6913648674,1.2760679569,0.9778086686,1.7839493551,1.9858786139,3.9998736751,1.6798362779,4.8026538819,0.5073174254,1.7736992122,1.2810591791,2.3113340651,1.8049956621,1.6304543285,3.3630883007,3.1405154277,1.4268254406,3.1649551387,0.5261688813,2.883022512,1.6136223029,0.948658884,3.9948376908,2.9043234102,2.8976241906,0.1778373682,1.7096631237,3.0708499245,0.7276332413,1.7515648687,3.2635552978,0.9670037126
3.4618807007,3.7742409867,2.4215068127,3.3970010266,3.4525152285,2.9351373891,2.6348225097,3.6228374299,1.7837454344,3.1289124411,2.1556606471,2.0611430897,2.1529874532,3.2271226126,3.1163698401,1.8162357662,5.462567355,2.7762148735,1.6433415375,1.7264758472,2.3470105455,4.2196020827,1.1675447685,2.8340089018,4.2542706293,1.7785250804,3.4588015172,2.0564782776,0.7126220082,0.7405322181,1.9518680256,3.1755289713,4.0153038768,4.1765141279,4.6333733209,3.8647747307,5.1279317295,0.7651987695,5.2618106193,3.4124949219,2.0366408306,3.4994256288,0.9629699937,0.8234645269,3.6140626409,4.9697775112,3.4285990296,4.0992465257,3.2181155078,3.5392227951,3.6824821241,2.4700543582,5.0552079729,4.3075280042,1.7537704205,4.2082035312,4.2416962342,4.0886465067,1.9252032551,3.5169319405,3.0531245786,1.3098819405,0.6710243831,6.8213925551,3.8240636195,1.5088856178,4.6936578993,3.8076393297,2.4266875965,2.6394871841,0.8264910406,1.6728366456,2.5282006646,3.0612767899,3.3795908972,1.4539206938,6.0053872202,0.9209924958,1.8422174861,3.107240769,3.6146793696,1.1681586587,1.6599116002,5.1944856795,2.5912811663,2.1456891353,4.6991367969,2.0132376924,3.413059917,2.0500042173,1.5422857571,4.9611397311,3.797396225,3.7105069817,0.3628915869,1.9640852269,2.6387058925,1.4001086403,1.6858899478,4.3505415056,0.4384319132
6.0524580962,3.7406646588,2.4042742941,5.1840484502,6.2585286368,4.1834152301,3.5895950405,4.0061262486,2.9536260725,3.7511289885,2.3414259832,1.8472978964,1.8932462122,4.5780032896,3.8576869335,3.7589665765,8.7315248296,5.4579241779,2.7504041226,1.1031486021,4.0239650037,4.8542368645,2.1971792666,2.6076823844,4.8924428894,5.8067934044,3.5117082724,0.9680253326,1.2956773141,1.9822681773,2.9461980617,3.5523991917,4.1219839955,5.7017354024,6.4636834399,4.0843966633,6.883180889,1.5654092013,8.419191955,4.1566615849,2.9906039282,4.1239600344,1.025435414,1.5670423518,4.4616443737,6.6983503303,4.438414194,6.3702240935,4.245624257,5.0207105472,4.1354137572,3.0004228145,6.4281023136,4.5477474345,4.0815082486,4.1683275867,5.0566338774,4.0968480301,3.2553033052,2.5980824368,3.6926545948,2.7136562373,0.5226432656,7.3586167092,4.2149886293,2.1228025789,4.886354796,4.6953181587,5.7122992261,3.4377126067,0.8088561577,0.7000156104,3.9806422181,3.0454202402,4.3790783583,3.5524925749,7.6979381056,1.5773870704,3.763114504,3.3494283655,4.2300141861,1.944074606,2.012345303,5.5316983924,0.8567871844,3.1841993695,6.4402918251,1.7675080671,4.2247547284,1.824566107,2.1448604977,3.9345949313,6.1156580021,5.2785021501,0.778674776,1.250294207,3.7106907588,2.0703862855,0.9763546409,6.0659065671,1.1052969028
5.4235713866,4.1436122125,2.9110743533,7.6021150645,7.5781220789,4.6165707069,3.8380089983,2.8516171412,4.2034435836,3.3748437756,2.2126415708,3.4667689666,1.6017171255,5.8053379743,5.1832325061,4.7163262441,9.8392834446,6.7106966779,3.6077635979,2.0641088994,3.9360132739,6.8134784348,2.6318829747,3.2773986632,5.5748435715,8.0713051324,4.3560667032,1.9798244561,1.6546705114,3.9274194238,3.2816123638,2.9735741305,5.5487942669,7.3269885265,8.5430726602,4.8477905987,6.1539617231,3.2454953862,10.4440967969,5.4997112654,3.7721153415,5.3437467976,1.1858688844,2.5065482691,5.9112981448,6.3669678689,8.1133994342,6.6333346482,4.7431617215,4.9377098753,4.4123627374,2.4450440447,7.7494509041,5.4508727958,5.9771818763,4.7446959769,6.3041525044,4.4588613163,5.2374205494,3.1749494723,4.2904297949,3.7221647357,0.5552149026,8.2332230303,6.86710512,5.1986772184,4.6496925803,6.0473378767,7.240099172,2.9435521205,1.7191805366,1.522934458,4.897678416,2.2069771314,5.7956016019,4.932357163,8.3301847559,2.5787322881,5.2178980266,5.8260201776,4.7344177737,2.6417441456,3.8207335622,4.7674102698,0.9338934256,3.672432671,8.248341132,1.9162487197,4.732098667,1.2479111796,1.1746898586,4.9981559467,5.1111609451,6.7225100022,0.2267325183,1.4855540086,5.3936064547,4.4170401744,1.2777733468,7.4911656203,2.7286700922
4.0467608443,4.9653742287,3.6829676456,10.266304454,8.2678483215,4.7317434933,3.6759961545,2.8146324505,5.381687429,2.0223674298,2.0865419843,5.2560805927,1.948338598,5.2204841261,3.8013412235,6.1773189255,9.3821670258,9.1228325922,2.8831771491,1.99622692,3.9041423008,8.9820513929,3.5276030988,3.8365969392,5.1524363833,9.3994945984,6.2076153459,3.3739370001,2.7120795904,5.2900929054,3.3178728428,1.8217132598,5.6394950641,7.707080039,10.6915760314,6.7200870665,7.2216934426,5.0301379244,11.3150613541,6.6534230148,3.4717396999,6.2753087015,0.4136604863,5.0470073194,7.4509796715,4.7642241863,10.4000628875,7.3320920649,5.1311424223,3.7942375597,4.5287850412,2.9663213449,6.9008990164,4.7245772499,6.4983535985,5.1773060326,7.6782416882,3.7525301114,6.2191499021,4.9102491204,3.6142756712,7.0157518697,1.310332628,6.7590577337,7.4828883076,7.4943498219,6.6393423182,7.5482521946,5.571163731,2.9505136923,1.5160226451,2.9913404503,4.7727343936,2.1742012682,5.8753906423,3.6790695283,8.798485142,3.7098157352,7.5200098513,5.4757384048,4.9020405863,3.7532418624,4.9664504586,2.7987653468,0.4381423022,6.062781943,9.2607674796,1.7050925011,5.2006718759,0.7377512539,0.2908573234,4.8555069752,4.5766698762,5.5091501211,0.3316522852,2.6693330305,6.1318924657,6.3169641385,1.3327822098,7.6291670786,4.410237274
5.022975379,4.6228870635,4.8378637429,12.6200291509,9.4515331323,6.272076702,3.8824564954,5.3260361279,4.8286778061,1.696086907,3.1781930362,7.2634512702,2.3018639574,5.8435601903,2.5762876681,6.1527731199,9.3126789402,10.9746316522,2.4439376709,2.3993662742,3.139660918,10.0595507287,5.0700155713,2.1110894566,4.7316625896,11.4001289657,8.254206074,3.0950720787,2.8357335391,5.8020399858,3.4729123542,0.5568471645,6.2190491164,5.9622715992,11.9227078062,7.9603221305,6.5631671532,5.247497514,11.3500435777,5.9838765721,2.8228511719,6.013364281,1.4236661265,6.5070777174,7.2200115477,3.9586009492,12.3026181626,6.7971347213,5.0891815964,4.5977433972,6.045160978,2.4014171783,7.2714556239,4.1581459678,8.3236987516,6.8035235186,9.8420349,4.2378844369,8.4628754425,7.0510138003,1.6646388614,8.3714070775,2.393873135,6.1047083005,6.4550565697,8.387079289,6.0252194339,7.3507646253,4.9225389069,2.1920940653,1.7267280386,2.5798168192,5.2908972135,1.5929023511,8.2090923556,3.7003334191,8.589642403,6.480299715,9.2731995178,5.6109407589,5.0583526902,6.381845172,5.4090429907,2.9809419144,1.6497842187,7.7269419246,11.2534947282,2.0835069155,7.6793229817,2.3190385834,0.6812250967,4.385210217,4.575268829,3.2235746142,3.2923607744,3.9186861143,6.2329365998,6.6090473257,1.3655886353,6.6220497569,3.7468866093
6.0002158762,4.9305110638,5.4346492582,13.130766836,9.5040826073,7.3673922183,3.8456339312,7.3008087609,4.4146412941,3.4263075609,2.7470055463,9.47497966,2.4761235595,6.3233699458,3.345447255,6.6332966094,7.3990947302,11.7327131885,1.9434863085,2.0212770216,3.223799895,11.6110435499,6.0307262284,1.3070019474,2.790040296,12.7524751233,9.9523090064,2.0890989486,4.2877499479,4.2886486061,2.2375261796,1.9070282747,7.5125086402,4.0176978863,12.0162640403,9.3403761514,4.1728265436,4.194512357,11.1865463868,6.8647427473,3.0873212651,6.9196897362,2.2988420616,5.8974661541,7.8569932229,4.1522744302,12.7155490865,7.3690932854,4.9131638671,5.4309268379,6.3018623437,1.4141271262,6.0529691281,4.4691605966,9.6780103892,7.1004400195,10.3162112361,3.6729131637,9.9497801445,9.097488822,1.5176107216,8.6107354891,2.8038104471,5.1981368477,5.4538793439,10.3491401026,5.1349812647,8.3337380656,2.4869411296,2.7757391861,2.7073302367,3.455399438,6.1021300003,1.5169184401,7.9208529713,2.92654205,7.3250674156,9.6466441301,9.4084418897,6.4212886787,4.6327152464,7.7860116783,7.3872432324,3.9216555918,2.1862558696,9.6690016068,11.2181814011,3.005920132,8.6412953981,3.3029873991,0.8975848138,4.3396218477,5.932035451,1.5851163899,6.3808295274,7.8385216471,4.6882849429,5.1611860879,1.9588245303,5.7111232395,4.5040779936
5.5621253086,6.0998542209,5.35767166,11.8145629724,9.9078168316,7.8562499224,3.8380548709,7.6563079525,3.7792807807,4.5718662798,3.1249740131,7.9927947576,4.5593139075,7.139613831,3.5573510524,5.0085806736,4.5155151503,12.7048716437,3.3541154812,2.3485707527,2.4274763932,12.222988087,7.4064974768,2.6352455577,1.9690865454,10.9900784656,8.8712446241,2.3184475319,4.2801735798,1.3798790946,1.8037263547,1.8392622369,7.971847065,1.33346259,11.1232524489,8.3404204993,2.6855742264,5.0691978319,11.3466935244,7.261306445,3.1086812567,6.2703228506,3.4650034526,5.4777094568,9.2402224336,2.6767229583,12.6001714769,8.6826256173,5.5601068892,5.4928408488,5.1687173759,2.959506556,4.0780875329,4.5331538964,9.8135504072,8.4215165474,9.9292892683,2.6232815877,10.9271719648,9.7814896347,1.6773322546,7.2431693668,0.8914549636,4.4706551483,4.0192485146,11.582472842,5.1870578065,8.6225377372,1.3556456108,2.8882892359,3.6744827075,1.9652231524,7.8309374224,1.7991651109,8.2838340562,3.5819418673,7.3647735431,10.6836948549,8.734457716,7.9297875061,5.8383939398,7.8153104693,6.4751715478,4.6436743904,4.9846204643,9.8700410089,11.4202375857,5.7653470887,9.3339469218,5.9964486187,2.0352102743,5.8659561964,5.5710810873,1.3229968389,7.1570651912,10.1674155156,4.8153812776,3.312968334,2.3318447455,6.6286898283,4.5624273016
4.3983952191,6.6301855378,4.6569713143,9.971002599,10.5379417643,8.4796164828,2.6750644905,7.6099744497,3.8847407365,6.638303633,1.4140591456,8.370366057,6.0061700366,7.5557012092,3.5885741596,2.7788126076,4.5402193928,13.5066124013,3.8549578463,2.9411370037,3.3887725506,10.9080208598,7.8086385142,2.3018413562,1.724654551,10.8898622161,7.0575576574,2.0497927223,3.508212668,1.4086528102,1.7978664153,3.1012023433,8.8355852971,2.1087253865,10.6919267497,6.7793984662,1.8398524805,5.7166761172,11.0361560056,5.9226684187,4.1783278798,6.7064502188,4.8618505534,4.0329753231,8.9603537691,2.1729150499,12.6074884567,10.1875782747,6.9044611288,6.2418641432,4.5328889691,3.0257381179,3.4746618987,6.165422974,8.6123202509,8.8899832447,8.0343554703,3.3110698428,9.4749193563,10.85717379,0.9418116226,6.4272390352,0.6416412909,3.4573484334,3.1491629493,13.1481194204,4.2362709865,10.9142180026,2.0749817607,3.7724777623,5.2144427598,2.8921008887,9.1269775537,1.8291033311,9.5870289798,4.5435371431,6.3139250982,11.0566628718,10.8196876069,6.6557571166,7.6578205776,7.7367707817,7.2417746736,5.6355722183,5.3312678973,10.6198693012,10.981868978,6.0715747391,8.9163486977,8.4521334293,2.4158588969,8.1768653802,4.3442287573,0.7847094073,7.028625901,13.1108411586,5.0656471783,1.878858777,2.0291200817,7.9536970859,4.4068743363
3.6649771417,6.0592338769,4.5505693166,7.0308485723,9.7965244963,9.5862763331,2.4043325179,8.5320634315,3.5776151144,5.3018625631,2.0604733539,10.348106807,6.3623451978,6.3947797476,4.5951242687,1.7687328136,5.4328228378,12.7585433441,3.3607715915,4.3032890275,4.4101536148,10.4000360167,7.8520540591,1.7276067378,0.8050764393,8.6853447834,6.6879579585,3.4517334678,3.9486640799,2.02523255,1.3504967496,3.8617511494,9.2067229645,1.933455143,9.7387054554,5.7225586751,2.028006542,6.4724211024,11.1101426199,4.1574888177,6.0698661731,6.2027250549,6.6677140807,1.7352651673,8.5947156609,2.239577018,12.1253948358,10.2112338892,6.4058192343,6.3072851821,4.3285031651,3.9896795291,4.2537933856,6.7924898206,8.4477618728,9.5779696437,6.9222590915,3.6929051542,8.6218815253,9.1351011763,1.9528403675,6.3397105957,1.6340287197,3.5047326817,3.5400012344,12.1181352159,3.6903879056,10.4522239108,2.5429599883,3.2196614448,6.1177349289,3.3695103929,9.3906696175,2.3257440494,10.116581656,3.2790645524,6.5944253709,12.9794337726,11.6252040205,7.7704808201,7.5305497059,8.2097785172,7.2274679017,6.913222563,6.6144312988,11.0744360308,10.1305574011,5.491333665,8.9116608992,10.0168130086,2.9780193009,9.5331595554,2.6825368203,0.6194427844,7.1141551042,13.6417696565,4.308658207,0.0088988684,2.7747061837,8.5884170628,3.4017995528
3.3542429515,6.2179529525,4.2709397192,5.827023957,9.3009923396,8.2116565519,2.0186290232,8.4775296625,3.0612291103,5.4519413747,3.8146370899,12.9621280306,9.0542304276,5.1542869572,6.3709976671,1.0953210021,5.3265996576,11.6683879107,2.7849544766,4.1928801645,5.990560204,11.3436543962,7.2970294332,1.6216380825,1.0643444903,8.8283996141,6.7247732399,6.2040027875,4.5082630821,1.2995397637,1.4312017532,4.8790672822,10.8578775483,2.6147894692,9.1542611331,5.6330917863,0.784276909,7.6185139481,8.5705101516,4.1511761207,7.8750963757,5.9065546123,5.0400751007,1.5123776511,7.9327505281,3.3328176145,11.8218005309,11.4364197884,5.7022905035,6.373070159,4.4939316684,4.6505569691,5.6091575709,8.0522945145,7.808907298,6.8763091313,6.9707981285,4.3991697123,10.7882927441,6.7267099507,3.2798107354,4.9071746663,2.3623538366,5.085067448,3.2402086356,12.0954678528,1.54301033,10.8272166639,3.8517218643,5.2488758196,7.2224440569,4.3686320735,8.768338608,2.6872579638,10.7369141293,2.4897933713,5.671582347,11.3953896345,10.9085470548,7.3032979356,9.2101230385,9.2435216189,7.2924805892,6.8626120572,7.8100468682,11.7563146912,9.6126286458,4.8313149073,8.4834786092,10.4260728969,1.9380214949,10.6568868788,3.31240667,1.2382113393,7.0475432807,12.790210849,4.4364224402,0.4831824538,2.9328489853,8.605061438,3.2443939122
1.8894211258,6.4554229082,5.463732268,6.2348445343,9.3136666468,6.6259666012,2.1722961554,6.9435209937,3.057254876,6.6250218358,4.1980058535,13.4931591735,10.9107032449,2.9350670197,6.9776845856,0.2120025861,4.4427403715,11.8849350771,4.7165853131,3.3630764883,8.3365587589,12.2689917113,8.7270397247,2.3460556616,2.8419269586,8.8167170834,6.4210457509,6.715373101,5.4349673849,1.9297972118,1.2625365668,3.9925646775,11.4498911698,2.8367341088,7.1762325552,4.3605487651,1.8664969149,7.1574179716,8.5275495144,4.0088529572,9.9844567145,6.6707356519,4.6229641158,2.1765218148,8.4157336335,4.8375094158,11.8652283614,11.8366356795,3.5369472432,5.6857539841,4.3197742067,5.7068674416,6.2239527783,9.5848992158,7.5077549764,4.7311226926,6.4739253127,4.7981885191,11.3118490555,5.2535812691,4.4973644429,3.6516556021,3.0147000792,6.7101268885,2.8124832453,11.5788329112,0.338408383,10.3076479925,7.1923207711,6.1253246652,8.1723385189,5.23671866,7.6885254804,4.5564895649,11.1945688211,1.5380675217,5.2230385531,11.3053038871,10.868910434,7.5775341725,10.7298048802,9.1389419861,7.0316202283,8.1260037352,8.9540761563,12.828530578,8.7128634402,5.0816479556,7.0702037137,11.6426476531,2.3821143256,11.514991506,5.4459191723,0.9658547584,7.9919061377,13.1755454218,1.9536057877,0.465133463,3.1703641568,9.1345870725,3.4773771363
0.0151075733,6.3741951474,6.2083367916,6.8552513356,10.0275369949,5.3680833596,2.9823357028,6.0547294756,1.7928044076,7.5224240611,4.1703956811,13.1402645517,12.9877453794,2.4736397466,7.8426881117,0.4326860477,3.8674425625,12.8542012961,6.4336491425,4.0828781826,9.9455218997,12.4306255196,8.334891833,1.9297440938,4.3767860751,7.3474509553,7.1187615025,5.5852575873,5.0595214741,2.3839101639,3.4997817542,3.3628528643,12.1653402474,1.9849322602,6.9583977396,3.5247240596,2.6398641881,6.1633685558,8.8539969588,4.0980937369,10.2337879966,7.1209488833,3.8843425102,2.8974246041,8.1899371033,5.3427729707,11.6795771953,12.5745553137,3.5648646571,6.7543076549,5.4062441779,5.1214427338,6.5034672284,9.8470018652,7.4455457215,4.9019431852,7.32096504,3.9324668473,10.8210865094,5.1715896586,5.177795638,2.9642770417,4.4820715573,7.7464180713,4.7887487249,10.5790347033,1.0738926028,10.112018517,8.1900399618,7.114766025,9.9735093865,5.2277072408,6.2703730458,5.7900306811,11.8798105779,1.1830560695,5.8973414796,10.5592201432,8.9626461552,8.4350704096,12.3298706624,7.6359434411,7.0337207334,8.3693050449,8.6389998705,11.251489498,7.2485844193,5.7116315063,5.8724435971,13.4645156041,2.4692912027,10.4057027997,6.2808426378,2.0031197519,8.9520717592,13.8690654058,0.4220532757,0.0589325449,3.8437959221,9.759377479,2.9387008276
1.3277312415,7.448689953,3.7306074359,9.123311425,11.1531708782,4.4888088385,4.6734590482,5.7969942048,1.7840351781,8.0934509286,5.155904908,12.8383801252,14.1767499975,3.1506838264,9.1102940161,0.5752914826,3.3720408072,13.1278418038,6.3199047617,5.6339587271,9.0740287547,11.2599986714,8.2794151184,1.5620509931,5.5867098548,7.2574475906,7.3085819957,5.4908131045,6.3536157624,3.9423825401,5.5756629186,4.0398827478,13.4324469493,1.7305264253,6.1215806324,4.1443416795,3.5525797525,4.8206016629,6.8066248793,5.191857433,9.1059101664,6.9695667929,2.4312998614,5.818284464,7.6599830355,5.6159612924,13.1835130845,11.9251990762,4.2030397513,6.6712241624,5.0863451987,4.3227036085,7.5708162542,10.3210979969,7.0282382215,5.1443261471,8.6845963342,3.6461539113,11.8143651538,6.1850588969,6.3636974837,3.3571359422,5.739843558,8.3871072063,6.7623072013,10.2849935618,2.0291192008,9.4752763325,8.7392145835,6.4981541679,11.5626744599,4.5595653564,2.8176212921,5.8488707519,12.4867562974,0.2599366677,7.513059641,11.8660136027,9.1404845848,8.4297183598,13.3345681153,6.8313886316,7.3691167059,6.8542213967,9.6051406299,8.9630540415,7.8999640743,3.8543652197,6.6027110617,12.2307198445,2.235873557,9.9028510256,7.679761956,2.783506065,10.3118899438,14.6465355293,0.9127759569,1.3574505431,4.6337365345,8.7209887376,1.9114639141
2.7717121387,6.1902986435,2.5884515804,8.6708394299,11.0327124589,6.2584608936,4.7476328066,3.9690031321,0.9292570651,8.3682363684,5.4757221058,12.3200600791,14.8513859512,4.0529531603,10.9586166925,0.6149059781,4.3587969167,13.5202757169,7.2672732099,7.6264050303,9.86761687,11.0201229537,7.9321392465,1.7060464039,7.2651149485,8.7736162236,8.4384395249,4.5471722377,7.3726661707,5.5202233104,6.0454082381,5.3299970013,14.5628079252,2.4368946229,4.5932851188,5.2240364393,6.2493398622,5.3306741002,6.3640956144,4.586979815,8.1540163364,7.796444858,3.0290948906,7.6166920124,7.0126468883,4.9857721045,13.3372190254,13.1389581685,5.012820333,6.9694037699,5.8573828364,4.6737464045,9.0032436444,10.1389210947,7.4619619796,4.7914076067,9.0991764459,3.5884677779,9.4554555728,5.5689837368,5.1193208123,2.9796074076,5.7035432058,7.9004394973,9.1278969623,8.3388025617,2.8406802807,8.9710564648,8.8188270043,6.6271588886,11.7165206919,4.7423760533,2.0949974486,6.9670486398,12.297701717,0.2731406543,8.8713943109,12.8891542893,7.5634195297,7.9792985249,13.1609784207,5.6889933081,7.087495859,5.8997173725,10.0994177786,8.5937796284,7.2661604585,2.6146072281,7.701473744,12.5852687355,2.6345767845,9.4880428737,7.6825926035,3.344748665,10.1735745694,13.1341202226,1.8847269289,5.337773096,5.7500105092,9.8035998701,1.0761555728
6.3733916592,6.6077010539,3.4146475124,6.7396602165,9.3540217491,7.1769187694,4.195572745,4.6626759621,2.1449041648,9.1616442324,5.1651140841,12.0333145089,14.1124012415,4.4093046875,10.0164225185,0.6664347735,2.6861529786,14.0812934437,7.8280654261,10.1943743401,10.511196487,9.197375309,6.7647715828,0.4936677971,5.8215387029,9.1422009896,9.8297399471,5.2436102853,6.5889403052,8.4278797406,4.9732142024,4.4013561197,12.8624911283,2.2458263346,4.3747809933,6.4910989576,8.0836264233,5.8617497254,5.6283937721,6.1789346535,5.7699566043,6.6741103091,2.4528521966,8.050453363,6.5496690674,3.7946730699,13.4677901857,13.9217741699,7.5671039795,7.6555136711,7.0471729711,4.3574729322,8.578678211,10.2505047469,8.7570567211,3.4552047259,8.5243043493,6.1699667227,8.323625126,6.0165556271,4.645709507,1.7922390781,6.4701678712,7.259225346,9.1740052801,7.5580814727,3.5638293754,8.2315146644,8.2297777243,5.7748094702,13.3251121201,5.5229073809,3.0335659928,8.3567004337,10.4129465495,0.1533196492,10.0208750856,13.638505805,4.3329025831,8.4674538077,13.3686648039,4.6464622676,8.4236511149,7.8542923163,10.3323481076,9.1792978558,4.9863944084,1.6248599648,8.8305285073,12.5870833453,3.993769946,9.2652042033,7.4520795456,4.0039790849,8.6024810213,12.5067893716,4.2782004187,8.6695006533,7.2202278687,10.7595289325,1.6572129238
7.9692528217,7.4800627893,5.4989806881,6.5138843145,8.2756584014,7.5250378489,4.2344590373,4.2723622518,1.4928313769,7.2318792981,6.0459706201,11.2975064272,14.2725039246,6.1342696309,9.5323542029,1.4789809919,2.6514926946,13.3956140112,9.0110178481,12.3237880132,10.0340243364,8.2587068169,6.3239694766,0.693636699,5.8322930242,9.1404656542,9.6315449223,5.7672079604,6.8351087765,9.8826864122,5.5251721224,4.773592796,10.2710494984,2.8437690053,5.2902360251,6.3367097903,9.6676615192,4.9694404085,5.3534994766,7.913391752,3.7748010537,6.4302652155,2.343997483,6.9904132745,6.1201062801,3.9200128371,12.8947251071,13.6959602499,7.8926560886,8.7510726915,7.7723481067,5.0554579124,9.4475824641,11.2706358079,7.658186615,3.4900145893,8.4440901635,7.4640816907,8.5790078468,5.771626804,3.3384587682,3.1595360977,6.9284786376,6.1725513244,8.7687310376,7.8444938102,5.4098519421,7.7324132201,9.916368437,5.5811855294,14.8845547142,5.8499125198,5.5061859221,9.1793385039,9.3005312264,0.9389106745,10.9947741936,13.5514248082,2.5971555272,8.2576532838,12.6979852165,4.9324137783,8.3448840909,10.4923672847,9.5451510628,7.4058661091,3.3008868961,0.9520850791,9.7933781402,11.458978169,4.0930121503,10.0022474137,6.798294142,6.1918138793,7.640455268,13.2447955082,6.288587286,12.0005271869,7.4759039782,11.2944082164,2.642835232
6.3027932674,8.0450486209,6.6905335321,6.3298031869,7.6724377304,6.1678449123,6.0248899037,5.0809072221,1.3972325596,6.9072694748,5.4013740566,10.1874923765,13.0330305334,7.918531379,9.0571795852,1.9525750457,1.2599774067,14.3339766706,8.1704871408,12.61168888,9.9443998569,8.215865444,5.3116847146,1.8949210727,8.6676599307,7.9867439026,9.3996018386,7.4491848226,6.4969467545,11.0791056666,4.8307836715,3.6159567214,10.3259575118,3.6885910637,4.7639120019,5.2076789556,11.1453394665,3.740720651,6.7158404354,10.5496150729,1.2211553609,7.3859617175,1.7097826704,7.4297419092,6.4993837358,6.1245204612,13.2945652906,13.3044956116,7.9429281254,10.9041605928,8.0891854772,2.9907747278,10.3405034538,12.2171749632,5.5030312843,4.4826484689,9.1184507576,9.2788519822,9.4477609515,7.1955965445,3.0234431615,4.4181409305,5.1218842548,4.5210594564,8.4738675826,7.3500969358,7.9796420405,6.9696162771,10.4884939923,5.33422526,14.5690058505,5.9699326768,8.4861509724,10.5647796173,8.400940883,3.9310172961,11.7948935207,11.9525885383,2.322954081,9.9849251237,12.195493274,5.6965297731,8.6759165971,12.1120451304,9.9396170499,6.0501173762,2.6128313507,1.7824607393,10.3312154031,10.3488072792,5.4062311992,11.4598611758,8.591898433,6.8842722822,7.5216364708,13.2452038658,7.0471666883,12.390865161,8.5714273387,12.135471732,3.0492263034
5.6031711374,9.1453588355,8.8953530192,5.7964135336,6.8342796826,5.8309065516,7.4664552043,3.2586888972,1.2319468126,7.6445114452,5.7691520812,9.3985760821,12.2391202259,8.466100278,8.490902332,3.0625652862,2.4040764767,14.2245453732,8.0791770678,12.8450951171,11.6102465387,7.2067610576,5.1217112419,3.1595927033,9.7419835529,7.7691129621,9.2131675101,7.361354245,5.9997622296,10.4849733119,4.6968419005,3.7036553229,10.6674230241,4.0411480287,5.2535822985,7.1742883067,12.2160640339,2.3307998773,7.9159406689,11.7590974854,0.4782474907,8.6488000162,1.7814092257,7.545796937,5.8953680838,5.4901859897,13.6818233592,12.2951198169,6.9674653857,9.6578129159,9.1924254102,1.5047514619,9.3408710777,12.8754431466,5.1983404888,5.5802334941,8.9888764686,10.0775014961,8.7123156962,6.5333439568,4.0003906172,3.7946455128,5.2824142015,2.7634662411,9.8259418621,7.4817732891,7.7380548269,6.6268717264,9.6992522439,4.7309365305,14.1077824042,8.214206062,10.7109911754,10.3898420122,9.0014803984,5.4059976042,13.1127985205,9.8364734285,2.4861793862,11.7097171407,10.9454288133,5.8887012974,7.9660107232,13.6033541211,10.6747035685,5.151281852,2.4165055277,2.5788907908,9.5778928682,9.330525821,6.2501442497,11.5777871295,10.4045502641,7.0266858739,6.0985201106,11.7649732747,7.5608822767,11.1546087262,6.7923784421,13.1953633448,3.3439787474
5.0444180896,8.7838400623,10.834472451,4.0264672818,7.4355031031,5.8307160262,7.191457743,2.5700651839,2.0786141137,7.7627663404,4.0114662155,7.2318826032,11.5163491205,9.1549930606,8.9655318088,4.5191275985,2.8759472626,14.4252563744,8.1617439358,12.5285120497,11.9612061623,6.6999100235,5.2824019651,4.7040765956,9.289204814,8.4066354388,9.5900022455,7.9720941888,4.9858872972,9.5155311305,3.5886282338,2.397302778,11.9345164533,4.2096514158,5.8502650215,8.9175874744,12.0109972741,3.2857801383,9.5036385305,11.6706240775,0.9963985436,8.7161929962,0.2514775294,6.360937722,5.897711741,4.7789443572,14.1013124545,13.0289037344,6.7268193201,8.2415306737,11.1350595738,1.7898161468,8.8923399409,12.1630650616,3.5509146624,6.4532892159,10.6645173434,10.0042703399,6.4330117162,5.2058131546,3.5280623344,3.6576573263,4.6970547185,0.9043851019,9.7635896397,8.0493640888,7.2099253901,7.0997311613,9.3928124482,4.5617033892,12.3963176367,9.2219384769,9.9952105758,10.9000598015,9.2095585669,6.8673260069,12.5750921941,8.9183594079,2.7225622615,13.0874437292,10.8001145241,6.2470574746,9.2885735314,11.2318278286,7.7090640459,4.0079901735,2.7363862426,2.2738383193,8.6957345515,8.7685564646,5.513475817,11.8254874869,10.9548898533,6.3528144449,4.3603987362,9.1602575254,6.8521573973,10.5277781511,4.2208825208,14.046224814,3.597719105
4.7352751886,8.3096734016,10.7909041814,3.5962897447,7.3654777112,5.6426062803,7.6720129158,2.0239478906,3.169313898,7.013941813,2.6808582188,4.8841090754,11.0072919554,9.8421787995,8.9580490574,3.6264118586,4.4684141049,13.558314954,8.6944665784,11.9060209363,11.5340883126,6.153298983,4.7268808075,4.8385153502,8.1867413818,8.4129402986,9.6555143928,6.8757800678,5.1280447432,8.0491011984,2.7918936159,1.9192740819,11.8605395782,4.5931132262,7.4054428804,10.4112270387,11.3020120966,4.9469928938,9.5413786961,9.5322515669,2.0209833012,8.5603423272,0.6040834507,7.7372607743,6.1223986681,3.92289162,14.9921846216,12.5535557233,6.5216300894,7.3026486744,10.0518980256,2.333884808,9.2532336201,12.7772958564,2.308080102,5.83621806,11.3059227444,9.173258486,4.8668211218,4.5889352727,2.9757569478,4.7009661401,3.9362794488,1.170573403,9.3981192793,6.5525832279,5.5259940865,7.7660198097,9.8289371545,4.6945629263,10.6552599867,9.0736521128,7.603232513,10.0644797996,6.6853752545,8.0371780503,13.2980626922,9.676927622,2.3158280756,13.3886418149,11.7859991324,5.5555905596,10.7416503384,10.1128259192,5.3522802158,2.8124397408,2.7636550374,2.1213089137,8.7699804729,7.4663393534,6.6549383404,10.7360380613,11.9000033959,5.3398322127,5.2348217787,8.4127663701,6.9067651424,10.6445614989,1.992238551,12.9481672051,5.1053155666
4.1590465815,8.1921643104,10.1155998654,2.2375876539,7.4033041433,6.6012916784,7.3998692228,1.192287732,3.4918725823,5.4795044224,2.8143398445,3.9595305356,10.3343607057,10.1863153611,7.5976242675,3.5121039685,6.417432361,13.5448245719,8.9487880357,10.5524062826,10.2089185334,5.7310024398,3.1256968076,4.2724903943,8.4651897165,8.0930215582,7.5778066968,6.9977453385,6.8078559666,9.1016428089,2.5899420027,2.5908286383,11.0513534182,5.7219403406,8.7082028465,11.0976011798,10.5794706285,4.8479961518,9.1542089954,8.1318271071,2.4594420737,8.198724335,1.1669300645,8.3881002937,6.8090498767,3.6700940551,13.7834696018,12.5966580576,6.7422130299,7.3003775645,8.4467189503,3.0751059266,7.9433979804,13.1866809579,1.7458777598,4.3294615868,11.2420219437,8.6408410904,4.3949913063,2.9398440696,3.6684367284,6.5311376823,2.6143733429,2.0192225589,10.1177790904,6.5703485573,4.6169082648,9.2710809555,10.0193794103,4.2337386556,12.0133698411,10.3359903733,5.4365539967,9.0310420982,5.1899444183,7.9183208159,13.0588589438,9.6630185676,1.7824975472,10.5027988557,11.6076099798,5.5941026551,11.9845649427,9.5224540965,5.797001986,2.7621759785,3.4387739485,2.9298137275,10.2441870389,6.3853708956,6.8155607337,9.9768775491,11.6550114727,4.6584629103,4.5720009034,6.8616060245,6.2517556858,9.7490979633,0.4574899206,11.4008599226,7.1167505211
4.3972201464,9.3014910126,9.1577490838,3.2044692436,5.8424912724,6.5520905491,8.2099279132,1.1820521328,3.9178147809,6.8423394396,2.6999991514,3.8829844988,9.6898525667,10.9907637794,6.3461513963,3.4608446307,6.5612387321,14.2369008223,7.9567516709,8.8223230132,9.3090416312,7.6446095913,2.5818203381,5.0236205194,8.9830776019,7.3912009149,6.2053630985,8.6979785125,6.6680499141,8.3588079653,4.3637143637,2.6896658909,9.1492122346,6.0577522892,9.2533820642,10.0752922104,11.709455347,4.033384424,9.6387987759,7.1099680947,3.118488951,7.124757745,3.1595765642,8.2735467063,7.0387267434,4.2299869657,12.624781145,12.5639918688,6.7491631094,7.7031256319,8.0644453879,4.3275947094,6.3503937837,13.4013835932,3.9006529995,3.979944649,10.5658114635,9.0124774676,4.4491965176,2.4245504979,2.5542615178,7.3783481236,2.1235503447,3.9388285147,10.3872266466,5.1103751392,4.2070480758,11.6094794238,10.7913136131,2.9310173648,10.6814798016,9.6435997977,3.6026731291,8.8669086023,5.0623126753,8.5327182865,12.4591397276,10.1279845051,2.9080802046,7.9737685424,12.1061004227,5.8580550548,11.1671953552,8.6483102632,6.0990815009,1.8121947186,3.2065532508,4.5527996933,11.6301470607,5.8715164469,7.8717758669,9.8722533087,10.1966382359,5.0206578796,5.3522070193,4.9230449956,4.9947609607,8.8742428519,1.3462631427,10.642961915,10.1160980346
6.1162032048,10.0647670827,8.665678741,2.265955995,4.259943366,7.2202397141,9.4802880639,1.633277761,4.2059926704,6.1028015708,2.4618771742,4.0271355065,10.1578354561,10.6060163256,6.349702237,3.190603065,5.8438720441,13.3610157022,7.1354777632,8.1299555755,8.2011756338,8.7042295828,2.6352180415,4.9133186756,9.0222481676,8.1351099472,5.0982258542,8.0982230419,7.0388473234,7.6908995189,4.5685359345,3.5308595877,7.8033665604,5.6701949431,10.7438583584,9.8465897328,13.23016127,4.2670880759,8.2188573131,8.0234283531,2.676564871,7.0948207723,4.9641165565,8.4835083249,5.6151985733,4.2580586656,11.6125978849,12.0081224527,8.0069279186,8.9545786933,8.0464643365,4.5446521607,5.7333987474,11.7963834693,5.055182274,4.7880265577,9.9544795407,8.3908754975,6.2673298582,3.0832070066,2.3211730938,8.8966123451,2.4649134444,5.9807014423,10.317047516,4.628380341,3.9321787454,13.6770909571,12.3090490262,2.2417311762,8.41864642,8.4412993868,0.7966431844,7.8915599718,4.5515899229,11.1014780664,11.378427526,11.1820240349,3.352506968,7.660923249,11.4278164897,6.4792072175,10.702308813,8.8096321647,7.0691109684,2.6178941672,3.954077035,5.8831590094,13.3055229222,7.457128121,10.4869646458,9.8999671574,8.7855393981,4.7099399871,7.2355336475,4.3335455131,3.5864193177,9.5614888399,1.1337406205,9.9504632004,11.5603202332
7.3749741693,10.224450496,8.731179356,2.57387461,3.4776606981,9.4372180949,10.1594388645,3.5607390684,4.807274649,4.1299543485,2.2924843105,5.2105599844,8.9466842584,9.3398182049,7.1918629702,1.7846800526,5.8151814735,12.3311374244,8.6153822811,7.6074034937,8.6614844121,7.3480204292,2.8784430472,1.9843277037,8.4950037075,10.1464616368,3.6700765332,7.2519247718,8.0686919226,8.091973696,6.8321724995,4.207465204,7.1749452467,6.7658503553,12.874296365,9.4569204353,13.2981525058,4.2692703747,7.9475497833,7.0281296695,5.8871312216,7.4328684746,5.367970345,8.8931168448,5.1110333778,4.2521832543,10.4453689227,12.6496324697,9.115837969,8.0121790932,8.3200870125,3.8286236435,5.2336951301,11.1440138452,5.3712357086,5.4236238968,9.13162233,8.1046292353,7.0912641284,3.8422005427,3.6262569081,9.2442839283,3.3433631099,8.205529239,10.8019837703,6.269704818,3.8562750842,14.7265084009,13.7261887765,1.3843980162,6.4912403576,8.2960353956,0.4302807077,7.8799695781,4.7627943775,12.2364125223,11.3297452591,11.2792943014,3.0347336732,7.8646323788,12.0863107524,8.0059477307,9.6293589012,10.3155205384,7.6757870459,2.99853251,2.1170469036,6.1440957363,13.5470257279,7.9274053974,11.5507610886,10.7271515044,8.3646841996,5.2888266997,7.0591417237,4.3627499558,2.7221168879,8.9831416195,2.416515879,10.3336570596,11.01551133
6.7759919807,9.5956495709,10.9491633862,2.7770114002,3.6342159319,11.7983223066,9.8690407843,5.1765114283,4.6214399929,4.1746132032,2.0283672648,6.1722707507,9.2079865318,7.8998152674,6.5999447976,1.8996094534,6.5710529965,12.0909496668,9.3128168822,5.1915205118,8.4364758188,7.9610871157,5.3942831952,1.1357608347,8.4226986012,10.4902415233,2.2428626184,6.8825218505,8.3872606576,7.7168059803,6.5980643823,4.2150522682,7.5801027097,7.4654004295,11.7087417952,9.0835195339,12.3749771976,6.3173419614,7.2729161669,7.6691825696,6.6933857005,8.1991949524,5.530752007,8.5693327607,5.5842693137,3.8724942912,10.0628589187,12.233315244,7.875067973,8.1319614943,7.116428963,3.2638954866,5.838215019,9.972238679,4.6945699754,6.3169947083,6.8852314309,6.6937028167,6.859418265,6.0590947563,5.4230836707,9.3148134192,3.4873182125,9.7017725245,11.683593625,8.3658433101,4.2635018463,13.9868167092,12.2934935068,0.7605216967,4.219642541,7.5912710888,1.0302238953,7.0866495559,4.5113109953,12.8074808452,9.7775446632,10.4202273364,4.2826642733,8.9552742318,12.8030222213,8.3495118649,9.3731707296,11.5798832476,8.2072502998,4.6573376629,1.9482368119,5.7438288767,13.1440974257,6.3090863393,12.3344068936,10.7553731238,8.9087935604,5.3981870345,6.9674669215,4.3074007404,3.9019906069,8.6609921933,3.0173023558,10.2738062567,9.9043736432
5.0650943212,9.806432765,11.2813449724,2.5051113642,3.5363070934,11.9129756407,9.6827128355,8.3044241561,3.3465271847,2.6332730505,1.371003505,7.0584090552,8.4656464093,8.4343068044,7.7584078318,4.4443765543,4.7361220946,11.6558465849,10.1093184364,4.5399362176,7.4368076522,6.7872733133,6.1273811319,2.9164534345,7.4605666024,11.6472751101,1.6534212988,8.6164388374,8.4826802503,7.1337717757,7.2991399866,3.8531282962,10.2377600451,7.9924744569,10.8826082567,8.4390710877,13.1708809173,7.5267237155,5.2878665342,8.1436329114,4.9848515524,7.9523012835,6.1932994915,7.9138087649,7.5334772174,1.895319113,8.9603263721,12.1050970095,7.5770260409,6.524956925,7.0542383574,2.9048334281,6.1252999155,9.2002846228,6.660230072,6.43526976,4.2538707943,4.0353146481,5.3905675496,4.5539161618,6.9715255297,9.3941204287,4.4660140033,10.7736141785,12.4328025232,8.89977639,4.0425777715,13.4537106633,11.3824794178,1.5592548333,2.1188653444,5.9154215455,1.24203114,5.8008507863,3.0942977476,11.1862417417,10.4087436806,8.7701201952,4.4010991397,8.4955372298,12.1320101936,10.0558699311,9.08061681,12.9314233761,9.1639553979,5.8556841716,1.4254925058,5.8275216228,12.9380729111,7.9642607145,13.1392409514,10.0005800299,9.4969740195,4.5615035784,8.0317325293,5.7983410449,5.2638379885,8.9880797078,3.4235873687,8.2354756778,9.5117975745
3.0127018519,9.0993073178,12.8850164692,1.8052573599,4.3812378547,10.6266520689,10.4326635556,8.3892421071,3.154497615,1.290060118,2.6276292077,6.6354409007,8.1491478542,7.3362953993,8.2810069893,6.2480845128,5.1627380493,10.2818800126,9.2940697612,4.2910473228,6.8669570221,6.3478538192,5.9602290644,3.6018585122,6.6777855342,11.4844412911,2.1725268901,8.6078398219,8.9925694191,8.8207338986,7.493662305,3.9274756309,12.420272075,9.0449633818,9.2337051545,8.8369729446,13.3625060291,8.5359071306,3.2625729121,9.0660964234,3.7338372095,6.6290758814,5.3650740399,5.6297467045,7.8566289789,1.848617528,8.4812503431,11.7868389335,6.796909051,4.7574325093,6.0297382105,3.6126631423,6.4868556765,8.3857577643,7.0484584799,5.0743716374,1.5137083775,4.3862119872,5.6575595164,4.2364683993,7.5108530066,10.4308765438,5.3333949896,12.4597331149,14.0971721619,9.8244918709,5.160768079,12.631655105,10.0178143746,3.8961444579,0.0244136199,5.4324232767,2.4498114553,7.4748178856,3.1519261431,10.5596961213,11.6519090597,9.2346014355,5.121256216,7.8277546056,11.1990445304,11.4282647688,9.0335908351,13.4390217443,10.5492608672,6.2717770411,0.8939249716,8.3684184883,10.9708793892,6.8817257884,13.6952874861,10.2031491441,7.8830176365,5.4139227456,10.3584883233,5.1688642893,7.19515498,8.7622646441,5.0242965109,7.4532931362,9.1059371278
3.7590234644,9.5266047585,13.9253451785,3.8305329527,5.7003445292,11.3792176718,11.3140297562,8.0982535105,3.5341209886,1.9878271024,4.5220096358,6.160749484,8.3613309129,6.5447820681,7.8180226256,6.9318606966,6.2412008375,10.1389211826,7.9062176899,3.4193382356,5.4413444577,6.7825157056,4.5105071931,4.9712144494,7.4970290674,12.4354491942,1.9952458951,8.2505836002,9.4047997433,7.9721927674,6.0736349921,4.7293171839,13.4490982964,9.9770509898,7.487159495,9.2756596102,11.7220990034,8.0442052304,2.2612894,7.5207824535,1.9368996169,3.235588932,5.2007538862,3.6328204846,7.9648463676,2.6644012071,7.553694904,9.4164404625,3.0998735341,2.2559081475,6.2020817115,4.1145922263,7.5591499778,8.0142325455,5.9360260936,2.6714227051,0.1261697655,4.7121073763,6.9721784047,3.2699287545,8.0341881296,8.3724643817,5.5911127671,13.0855159204,13.8422201965,8.1018329247,4.0716945852,13.8109745598,9.1636344712,5.2300992669,0.9849175865,5.3821673302,2.2277120775,6.5678086698,3.2661416363,10.1339801062,12.9156221325,10.4971088984,5.8681638486,6.0589945595,12.2233366083,13.2798882626,10.625468306,13.5875374043,9.6600596302,7.0658847247,0.4155938091,10.4070399006,11.8477452648,7.041256783,13.2079110045,9.5049559798,7.7840563038,6.7965795267,9.605852917,5.0991634317,8.1715896874,9.6730762964,5.3314290624,8.5335091743,8.4599935555
4.8156905643,10.9333680156,14.9295916524,4.268143798,7.2318217757,11.757322087,10.9628888832,6.8252538831,3.7376169841,3.3594346473,4.2361112282,6.5099873836,7.9430525496,5.0826074642,7.1046441742,8.0801236869,7.6514217023,9.8076482565,6.8185785376,3.1053826325,4.5282611086,6.0196314841,3.6103631327,5.3609608748,6.7062367716,12.6767503328,1.9303733844,7.8234247474,10.3741739309,6.5836076501,5.9083654766,4.5597015238,12.9255543159,11.3450356133,6.2468944193,11.0177033847,10.2273652625,7.5600708413,2.2839702528,6.4318879627,2.6690293837,2.4268981536,5.0077380662,3.9229082415,8.9117558951,3.9571965216,7.7449499697,8.4614261689,1.2860257355,2.4000207092,5.5870973892,5.212329909,7.2064039387,7.597757446,5.8173552212,3.3712401097,0.4958501091,3.8054554458,6.3702117925,3.5541191712,7.6418802488,5.8619122374,6.0340614242,13.1712365235,13.2282296585,7.476189847,4.094480056,13.4295983593,9.7370513752,4.9151862169,1.7404624481,4.8285458841,4.3398608506,7.1137698847,2.5464138855,9.7617081546,13.0366335083,10.7353999662,5.4717930087,4.7440802327,13.1929832786,12.1555723863,9.30501129,10.7953066773,8.4088354709,6.7758228018,1.011105776,11.3067645244,10.4509125643,9.4321719191,13.8500822001,9.1399752334,7.5283247519,8.9662473263,7.4841951804,5.026505054,9.1742321614,8.3436391329,5.8475891168,9.1573948548,9.3351896443
3.9709572874,11.6991208015,14.0546579106,5.116554018,7.4296178418,10.2635456161,11.3640005166,5.9528150117,5.1465422938,3.5695237513,3.7476314932,6.2562226722,8.3722737944,3.6333232036,6.3742884639,7.6024204116,8.3882085647,8.7116423022,6.940282126,4.1236745055,3.9189686327,6.268916593,2.8047714224,5.0259941184,5.5098958242,13.5161844224,3.0264804072,8.6173606627,10.2425733686,5.291519317,5.3635025365,3.8175884483,11.9908732487,11.8219202594,4.825317223,11.7217918624,8.7762801962,7.8082928248,2.7001405588,4.6401617486,4.1142943571,1.5930628485,5.1049610598,4.2418102438,9.8132712009,4.8903430738,7.9418993049,7.5125901402,1.7176431068,1.549331566,5.1869815539,5.5380747256,7.7901175844,7.1811906049,6.0122506127,5.101171518,0.1859954126,2.0402045844,6.8939339479,5.1056145741,9.0302820356,4.998943336,5.9924245721,11.7603058426,11.9396037662,9.5507460453,5.1227936344,12.6487745937,9.6839629339,5.8367093962,4.0801206047,3.2043959376,4.5533610269,7.6892408041,0.5372107887,9.3995873609,9.9110754292,9.7478910445,4.7686261408,4.6065688287,12.2496692866,11.3285860375,7.0191096525,10.6165426261,6.9413049824,7.5585986679,2.787319545,9.8854024931,10.5183939091,9.2598058068,13.7484294581,8.5639171243,7.6637342445,9.5324393798,5.8667608429,4.8100091905,8.9896596971,9.1772574336,7.231257662,9.8195868426,9.9567886784
3.3728745635,11.8685296121,13.6985382708,5.8273234925,7.3140501302,11.0055396499,9.425665073,5.0807886976,5.8710376343,3.5198135173,3.4562347418,4.1205458816,8.5028263632,3.0450748837,7.3018476447,6.0761177878,8.8126314684,7.4338587483,6.9763151756,6.7245911208,3.5928255094,6.5650949147,4.2549683069,6.4925260749,4.1204801269,11.7553622013,4.6793858071,9.6512226704,11.138605896,5.9834559648,5.9440450165,4.0566704662,11.9965609285,10.2930531738,4.4572918828,11.9270706511,6.9295103904,7.1274525038,4.3488785659,4.5004517718,5.1342228878,2.1731375829,6.1376210915,4.1478579567,10.825936589,6.5732513939,9.2826463558,6.4111290629,1.0932315293,1.0869646378,5.8157370531,6.3865346285,7.2395875041,7.8518211129,7.0837583641,5.8089210359,0.8643484338,1.5600574029,5.6458052649,7.1772791738,7.8149435996,5.4071975241,7.0379543442,11.0553179127,10.9175700891,8.0278474,5.1035242182,11.7457437604,8.8741261089,7.4270308347,7.5276486056,3.7956655122,5.4881819758,7.8241321519,0.3844759326,9.6972712684,8.8022238464,8.8873198269,4.3387134605,5.8448673723,11.7582730936,10.0680542489,6.2740636673,10.9902260053,4.6793106662,6.4086773473,3.8208165316,8.5661984351,11.063322486,9.218594185,13.3126384025,8.3322481232,7.0146865912,9.8163714564,4.1523973725,4.5218777035,8.9667931853,8.909697046,8.8709265255,10.411031714,9.9560775401
1.9911829848,11.6917550638,12.8276036871,4.8200285668,8.2187584851,10.2582429355,7.1120646959,6.1815939619,6.3918576065,4.2681938612,3.176965929,5.1992976657,7.9856194733,1.4453108041,9.488979712,5.0168739869,8.5326664472,5.2886241814,7.0955823921,8.0252907604,4.8895195054,5.4135026189,4.3115721042,7.0526448962,4.7989898269,11.2362688274,4.4610885905,10.2601191624,12.2326700739,7.0633223568,5.4526733687,5.1397566189,10.2811821938,9.3488756544,3.2558499014,11.4671327471,5.2091194238,6.0414325008,3.9635076225,4.537972947,6.1574376889,2.8543554329,6.3262886579,5.4640327917,11.9062305965,6.8781295702,9.3904178749,5.0161384826,1.5236584469,1.4988183378,5.068068741,5.8924591465,7.9773551286,8.6471010836,8.3924136168,7.113704936,2.5776695603,1.8298232664,5.5156391624,8.6863696565,7.7561104612,6.3339665757,6.1516168047,10.04829995,9.6703277647,5.6331825288,3.9014500247,10.8330232271,8.7982297732,8.2818972516,8.6200458553,4.0988073484,3.9194092525,8.6524174602,0.5086668064,10.1623467889,8.5664574248,8.7444531037,4.4084112714,6.2429549084,11.4979676278,10.2858973795,6.877149881,12.2454717515,2.573931515,6.0418614492,5.123569279,6.9339565765,11.3712759042,7.8463422262,12.6763618149,7.7972646216,6.3239474912,9.275078735,5.9230440406,5.1621287369,8.5388776756,8.0441736926,9.1839534488,10.9114164373,10.8332862311
2.2135426944,10.9383817156,13.0706991815,3.9183080292,9.3832431659,11.492886254,5.6346060728,7.0572132331,6.7321833208,4.2308549442,2.6922176396,6.0693945035,9.1070020862,2.8347293129,11.3502902582,4.1281056171,9.024313252,4.330553415,6.2984273903,8.7863577939,4.8778987434,4.9235382467,4.4077325856,6.4135493468,4.559928699,9.1737265272,4.7215221912,9.9645514565,13.0859855057,9.1148278452,4.8311092092,5.5521782362,9.2102173957,10.0071635921,3.4103389806,13.1863783682,3.6031569741,4.4342741835,4.6691290598,5.4885926556,7.2043445913,2.0495884181,6.8067661673,4.1899520011,13.7715932448,8.1023923515,10.9600317226,2.4155072729,1.8643681792,3.2458620145,3.6898536863,7.5821563179,7.4320707384,10.2209693561,8.6689469519,8.6583601259,4.8990380651,2.2805615513,3.8274799802,9.3456333921,9.0478821068,7.7118837021,5.3692876099,11.3094079377,8.3129851685,6.9266372776,2.2562701646,11.3279640939,9.6525305508,9.4796929742,9.0265469126,6.8649185032,4.2844215201,10.3200584693,1.4610197766,11.1927928157,8.4863265144,8.4624330241,5.6025613659,6.82515441,11.0294868417,10.8290999869,6.874274478,11.2032617269,2.803694034,6.5015460846,7.5201958425,6.8923206584,10.8133268324,7.5352071871,12.6201475976,6.3203667754,6.2103722423,10.3006783083,5.9824067781,4.9709080595,8.1892759054,7.2403474131,9.4143709737,11.9742320529,10.6053116371
3.2086694143,9.0686030748,12.6855537124,5.1839154667,9.8237758938,10.2521483455,6.5698506229,7.6090935559,6.7528990143,4.4303220478,1.8756869359,7.8848607149,8.0613531987,4.4579668569,13.1680356256,4.4141078303,8.9731522833,3.5774377375,5.1178094224,8.1183132611,5.5611533864,4.6869765179,5.2298015529,6.2124559498,4.051738254,8.5604692546,5.62866829,10.7128363793,12.7062083823,9.363951893,4.9407562787,7.2101860054,7.776376644,9.7587625547,3.4666059106,13.2727119212,2.9452625838,3.1638480797,5.6611901416,5.1383600674,8.3631464758,3.4902725147,6.10532534,6.0547066001,13.547452031,8.4320790303,10.8186286452,1.9561568279,2.7676860393,6.1450765698,2.1904883188,9.3470934922,7.1253610515,10.963556986,7.3623453262,10.6288579513,4.5711321611,3.553394922,3.0166544269,10.2218096399,9.6800515296,10.2955265474,6.9536355409,11.610838906,8.3340997371,7.982499671,2.3825801314,11.8242569984,9.2321057823,11.6129954849,8.3543011341,8.6246725515,5.4722390926,12.1190359723,2.6533425265,11.2142861908,9.2214229227,7.8518172389,5.2530769741,8.6283475636,10.6643885033,10.897498979,8.1547153954,10.124130926,4.4111790735,7.1585078132,9.1790517537,4.4730515145,11.0403551336,6.1791999619,11.9520405343,4.7929789174,5.9570398673,11.6845115659,6.3744354923,4.3037784836,6.5233507183,6.6716480388,9.8375806651,11.2603172047,9.0483582887
2.1002172337,7.1231409919,9.914837838,5.0298568593,8.5575658749,9.2466372397,7.7381741058,8.649221528,5.3033733516,5.1786704239,2.1618429461,9.4818012948,6.3543132297,5.3500403791,13.2094157643,5.4040713033,9.611531097,3.3901075953,4.4783252265,7.9779397391,7.7022897192,5.5138311383,6.3395723843,7.2215469681,4.5363163879,7.493671172,4.6409251375,11.2365733843,11.2555129509,8.1176754906,3.963313725,7.2958313969,7.38869439,9.6653681986,4.6477239825,11.6768642753,1.7873935126,4.4272521281,5.6256328074,4.3660355015,10.1601005444,4.0754791407,5.9106316195,6.8607839437,12.8737720473,7.6175234505,11.7162259346,1.5051650369,3.1085764549,6.7110406567,0.4513404749,9.3059668889,5.5350906877,9.6452695573,8.3573305367,13.2619065652,4.0768983375,4.7144284932,0.9630015232,10.2209536122,9.3827297644,11.8342314394,8.1164131916,12.0266028067,9.8474072118,8.4295675164,3.9143053568,12.6791044781,9.1989525861,13.4782325961,8.2140049885,8.9773626221,5.3126269583,12.7337863757,4.8454322176,10.4092318459,9.2344925487,8.3393736341,3.335656366,8.6911900918,12.6244819353,10.8351166317,8.3479212283,7.7313841478,4.2092948136,7.5644949355,9.0957265451,2.8819240333,10.533810922,6.1613978777,10.4204960379,3.8047221603,5.4149489938,12.5769381136,6.6476036325,2.5402994135,5.7672047783,7.0156057963,9.2624988344,10.0494874421,8.0938907289
1.5978719472,5.713637909,7.0589107852,5.6448695901,7.1582532914,7.9545819556,9.4647230148,9.0557712326,3.6922052546,6.2344072889,3.5092822748,7.4836251581,4.0260254624,7.3087951337,13.1644595145,5.5668858822,9.2736938002,4.5426526528,4.9479129224,7.5453624215,11.4458317759,8.0919317033,8.0248344266,9.0104197818,5.1382233361,5.5372664331,2.4883745118,11.8105335434,8.9797444966,4.9528721554,4.4503325073,5.8700648481,6.8788759858,9.018944471,5.0678346801,10.0880646366,2.6018445463,7.1179045031,5.2581966369,5.073447628,10.3755106467,5.3667328497,7.3617650479,5.3404584121,12.3299867405,8.4297449307,11.0034378592,1.7893425934,3.6221654235,7.0315915807,0.5213855931,7.7451403665,4.3889713872,8.6105349085,7.7779381423,13.5570327102,4.7167754387,6.150605299,1.044277116,8.9919290694,10.0386522711,13.3638415276,9.6751729889,10.9104412924,8.08317941,7.612032489,3.9598387271,12.6072293944,10.2360591855,13.970919359,8.7486333281,8.3937801456,4.8598431284,11.388807081,8.1392896878,8.7035803809,9.7033174632,7.8513015786,2.0593082777,8.3369792766,12.7114021129,10.7512058503,8.7494828608,6.7560598581,5.847541308,6.4663591305,10.0185064015,1.6966150437,10.6561939711,6.4619361454,10.3154469133,4.9254433715,5.932241189,11.9975312798,7.2006306155,0.3596783467,4.3972013916,7.5590680001,10.0492871422,9.9220465296,6.7259377212
2.0042855868,5.9295303764,7.2287037572,5.8371680745,5.2654762532,7.1108690216,10.7817085786,8.5891031674,4.1701300412,7.1947715908,3.8547660087,6.8052624705,1.6712458729,9.8522203345,10.1583311824,5.8215640233,10.3595397673,4.0027125997,3.8850885718,7.2791703499,12.8717853678,7.7263249496,9.5942797007,9.6093803897,6.4522306358,6.5193375781,1.4306612636,11.4552645378,6.7218054941,3.1102900691,7.0168982787,3.3343853722,7.4718858769,10.2261206717,6.3599904326,9.6938184921,4.5936530519,8.7751980536,6.1327401081,3.9609733113,9.332365332,5.5291074343,7.6826836628,5.5082780607,13.0745959074,8.0334429884,9.3781532968,2.6575801298,3.8459847694,7.3601927342,1.9948227277,6.5023071587,3.0036687375,8.6368894195,6.6867308538,12.5685071155,3.5432547419,7.1372811155,0.0728503128,9.5885791869,10.4191560009,13.5801389538,10.6705903935,10.6164736244,6.8819845429,8.4792019646,4.0673775632,12.9366405016,10.6780715656,14.3119238832,8.8637786677,8.1718420759,3.5107105215,11.7080860956,9.6393077701,7.2814531484,10.6412516407,8.1704363771,1.0421897879,7.3385371183,11.6188134886,10.7165136516,8.2295800387,5.455001363,6.8732514746,6.6482729538,10.5238909639,1.6348460247,11.0296798804,6.3302037675,11.0269877808,5.9465189364,5.2502468898,11.3076128353,8.5869781692,0.461363623,3.5187613877,6.5795715766,11.2573896726,10.7558186975,5.4505683563
4.3602924796,7.6138726638,7.5711422282,6.1154081848,5.2919349713,7.6798871034,12.4690568722,6.9720523164,6.2628969791,7.7931146109,5.7887345635,5.9184078886,1.6926925174,9.9609695776,8.854457059,6.448171171,9.1090330883,3.5272754013,3.8259964853,7.5187006509,13.4288042693,8.2019364076,12.0107928024,9.9921767517,8.3743779765,8.3379460723,1.1771641864,10.8559496627,7.1604800284,3.3810719192,7.242312527,2.2566415055,8.993722671,10.516837167,5.3755178419,11.8476915613,6.4770047877,9.610423061,5.0528564373,3.9196376964,8.841704495,5.3245376147,7.1421716816,4.8644862146,13.1869140055,8.623538406,8.4251278936,2.2286284178,3.7645915672,7.0879101738,3.616889825,6.6907662327,3.354217122,7.0886300366,6.7188150857,10.7862082891,5.128324681,7.150365622,0.444082509,8.8749650411,9.8793990863,12.2198204618,10.7896809927,11.8696579889,5.7196187573,10.0329942308,4.2910859377,12.5814728185,10.1972201949,13.6014318388,10.0714659953,8.6809062089,1.3597847925,11.1277377019,9.5734284883,4.9940955252,11.1314666227,7.3814874279,1.7754469794,4.837457432,10.5423204556,11.3106131835,7.0858829653,5.3457694416,7.3125815176,8.8660109285,9.7676487018,2.9116949612,11.1162558851,6.6134030934,11.7756164002,8.2906088644,4.0851877543,11.0386745242,9.4526970604,1.9569999607,4.3984094977,5.9687086352,12.933935255,10.440801101,5.9766219703
6.179836703,10.129261466,7.4815262064,5.3532210179,6.4943276352,8.7298770116,14.5585005435,6.8066698736,9.0610058559,8.1783894814,7.0159444036,4.4046815175,0.7777645123,10.4393384719,9.5185623718,7.3025648355,7.2452792633,2.0969983721,5.3974043836,7.7770623125,13.2993110193,8.7691823876,11.0555373991,8.9782314942,9.4772815647,8.916516567,2.0685001927,10.3401469009,8.1164589931,2.7029582266,8.1385949642,1.4193786573,10.118308446,11.3342883755,2.6264803606,11.4488639601,8.3883836512,9.3065480601,4.6573354863,4.5285630348,8.7875701408,6.061864154,6.0150017978,4.9979391716,11.7880206725,8.8825592888,8.5109147181,2.6546966432,4.050833825,7.654872536,5.3580939215,7.9327823834,4.5241840365,5.807525564,5.1544792716,9.5650949866,7.0365123312,7.4062240493,0.9485422492,9.7822213094,8.7072306155,11.2765605634,9.5995207917,11.5843012762,5.4095950091,10.7468253256,5.5801502501,10.5691719783,9.6865227087,13.0949978651,12.1311346981,9.2058369395,2.030491196,9.7771108821,8.7514615279,3.2699010185,11.772414736,7.1055537666,0.7473199055,4.052878014,10.2437059632,12.4662871104,7.0831762592,5.5356978175,7.2501759627,9.4714378872,9.0721346519,4.4916288704,11.4313977939,6.4561969923,12.4992504856,10.1512713193,3.9262380541,8.9404989576,9.4263431346,2.957040368,7.1872416981,5.1577201598,12.4399271006,9.8617624861,5.6958115614
3.8946550233,9.2855240234,7.3598510143,4.1392255618,5.682217823,9.2819600794,14.6984223241,6.6937038844,9.5779336543,9.4088024791,9.2097656314,3.1983608891,0.0090395698,11.8492434502,10.5875604156,6.4690321529,4.633420473,2.4790011343,6.498708835,6.6590392166,10.7439376735,7.5538541295,9.1402034466,8.7321551812,10.5377197215,10.2157138332,1.3836692681,8.5033862677,8.1767081031,2.9275433033,8.6384930352,0.6372314598,10.3177314378,10.7031465854,2.4844015584,10.7367923392,9.4095882758,8.5116891208,4.9528536021,5.7965897201,9.6999875553,6.3965860463,6.7126867369,4.7975132736,11.7713954169,7.8420545564,8.0134566896,3.4446161135,3.6967539494,7.0707559646,6.844562698,8.009053411,3.7600982076,3.4519952735,3.4458039539,8.423857645,7.8333105164,8.0771832156,2.854984602,9.3442000565,8.2830054765,9.8816369549,7.4633474835,10.6214998768,6.0565635181,11.8740883134,5.7015048454,8.2763173562,8.2461178128,11.909787198,12.875535046,9.0330338795,1.9709220886,8.2535589151,7.8163728625,2.3130812344,9.6505040123,6.9733416429,0.9465131027,4.717326994,11.071191665,12.2415721438,7.2582918196,6.8535843914,6.5634555585,7.0993653829,8.6006750566,5.8959739678,11.9366332723,7.7676186802,12.7995919025,10.7165279521,3.1816045315,8.3769039705,8.8993249301,3.7403726118,8.2008998113,3.4914441051,13.0666297167,8.5488241948,5.845717217
2.1951243932,9.7526898734,6.6733920487,2.5837298682,5.1923095755,9.4618007591,14.2851281206,7.2309908423,10.735916163,8.9992880078,10.2498184902,3.1529551642,0.5391861692,12.2333787086,11.0510562166,7.7719123041,3.2180872601,4.2182239549,6.1067236736,5.6197328133,11.4482003753,6.7584763408,7.3919787144,9.2112343301,9.2735550855,9.5681777958,0.5896932033,7.9946652,10.1241510627,4.4633024207,9.1794972013,0.950412096,7.7695090289,10.598432011,2.8877275347,8.6583528694,9.5069553094,7.8386727908,5.5673134927,6.9380686847,10.1922233433,6.7625706826,7.0503309936,3.8064361666,10.7767843178,7.3849008429,8.0933954234,2.1023072955,5.5437579241,7.6878690959,6.2865021249,9.1650625568,4.4796004821,3.5064018362,3.500578151,7.8201407746,7.4936439183,6.7423081213,4.673843083,10.2508109396,9.8984279742,10.6600347514,6.3943559607,8.0236550143,7.704650225,11.3830752905,5.2729531315,7.7423875933,7.3122911531,12.200373851,14.1216839481,9.2836609632,1.8534187481,8.1226354868,6.9791860661,1.2160357866,9.0944548603,7.5529496615,1.9890433263,5.759314788,11.2015297462,10.7926094464,7.3234372989,5.8778703078,6.1299325748,4.7709494125,7.3936852994,6.694878219,10.9452366554,8.9364158828,11.9611574551,11.2764857538,3.0755572643,7.9963336167,9.5523995761,5.2292700149,6.8939629355,2.1151618876,13.0419496114,8.2074987742,8.2020820853
3.5051713591,10.8348130143,7.2771281026,2.6034659826,6.4347659715,9.4464447293,13.6737524017,8.6916330674,12.7475055673,7.8351783235,10.9603035364,2.594789334,0.9571618672,11.6882809144,10.7474241754,8.3239980978,3.7580877467,6.4275705732,4.8019478876,5.3876673019,10.5229960021,8.0508378507,6.8248654668,8.5822647158,8.4931575276,8.977890618,2.3075350473,6.8155802421,11.8058907957,4.3150501866,8.8523517807,1.9973639281,4.9724106697,9.8327475594,3.5653526704,7.8923000533,9.9287983775,6.4568746897,5.0606178342,4.9434180625,10.5929932447,7.2420118454,8.4691536195,2.2507218434,9.2357241743,6.7794540181,8.0501551344,2.0703240249,6.3888633202,7.187971926,5.8939335953,8.7680497155,5.0548597078,1.4911088673,3.8712820965,8.1369886102,5.7096946033,5.4664807507,6.7837035563,10.0617212041,12.4144946729,9.6397848665,5.5406454674,7.0088499868,8.4769640371,10.9054136604,3.2970962561,7.2129055003,7.2310346924,12.413379856,14.9995389056,8.7602788217,2.0927050473,7.3591913323,5.7510555223,1.4527495265,9.2913695729,7.0671262961,4.4128794457,5.5623498222,11.7971651846,9.9249113515,7.3269912536,5.6129472759,6.3454224586,4.1484853774,6.0506559362,7.4911025764,10.2356517234,8.9643596998,10.4273540742,10.4415917391,3.7627962777,7.6829245126,8.3710561841,6.4191023679,6.6900709999,3.670533933,13.1180339361,6.5074568744,9.8197169222
4.6133861818,10.1256809398,7.0329151748,1.363661202,6.7665475639,10.6525932604,13.1458731635,8.2855827831,12.9926781515,7.2571517902,11.281807978,2.0317829536,3.4026558747,11.9087435509,9.9880276071,9.0762210972,3.8319352601,8.8845680494,5.4273164654,6.2003117422,10.2905685025,9.4453171252,8.3569062045,8.6655779259,7.1658010816,9.0676975243,4.2101220325,7.4114300911,11.5256381572,5.6198784765,9.6362122235,3.1154016282,3.314987157,7.829047703,2.6819069876,6.5693873059,9.7461527227,5.1013144886,5.0576800535,4.4428710542,9.173616028,6.9988816779,8.926404464,1.173799464,8.5093564906,5.8494089323,10.0080193314,1.0037589471,6.1700246019,6.3567400165,4.2516579153,7.9742041177,5.3212889931,1.5342040971,3.6175403201,8.3211824608,5.9333781326,4.2041701891,8.663124447,8.7959191416,12.3845526244,7.3031115985,5.7325160068,6.1185427423,9.437057461,8.3196208831,2.0972353908,8.9189804151,8.0439407019,12.5446241824,14.3754632171,8.1071740392,4.2488878434,5.8472925451,5.1751766329,0.7861440112,9.8832877327,6.5071797283,4.4927348987,5.4684168469,12.7729303962,7.8010780996,7.8050929168,6.1646870042,7.5256554354,2.7405533609,6.8788692687,5.9299319105,9.3221951138,7.1092230421,8.9866165662,8.7378591421,6.2495485835,7.4550334897,9.0537971303,6.9198292171,7.8667630834,5.1489214367,13.2191194549,6.4429281241,8.1732868425
4.224548463,9.5897348883,5.4485041411,0.3706943633,8.5268294362,13.1035906545,10.6842545686,9.3281780767,11.5190877197,5.4437848928,12.6697429389,1.8247286423,5.1256996085,10.6715608929,9.8478136927,7.6904101727,4.6054157523,10.0794926645,7.496767324,8.6626200126,10.6262720358,9.4339927663,9.5313826958,8.5356349965,6.4102911092,10.3376565318,6.5824850831,6.6749114912,12.3622670384,5.6993684505,10.4314499244,4.3851062023,3.8125296252,6.4379237026,3.7378871395,6.6016027001,8.8928034379,3.5961154584,5.7972018604,5.6875340876,9.3143740444,8.0704543442,9.6343471867,0.8434718753,7.850930978,4.1905140236,10.5624875329,1.7565873436,4.8050429733,5.9713625978,3.4568023944,6.8762575466,5.405692273,3.2425813154,3.9444106089,7.2831994337,5.5570782571,4.5567791577,9.1213306447,6.9426172521,12.7164220248,4.2038393402,6.5666084699,6.1893800426,10.0444827435,6.1439824373,1.9107726803,10.8498410388,7.6160221235,11.3408754444,12.8848897662,6.2151876405,6.666813845,4.0279249057,4.2987961705,0.8914036081,8.3995651878,6.2702250838,4.3198965222,4.0771700176,10.8654846307,8.4479677799,9.29648881,7.2984257138,8.4334607597,1.6451188228,7.8749461532,6.0598881099,8.8862431991,5.7920556828,7.0249346365,7.6763123868,6.3387279352,7.1904602347,9.5490236728,8.1301727314,10.5227237501,5.8046790217,13.2766234395,7.2139812244,6.080515253
5.2568680995,8.084969251,5.0104750499,1.5474541478,9.025383895,13.5296933959,9.4293431063,8.577342329,11.4755992557,4.7646017804,12.828305168,2.2086495585,5.1232528662,8.298337297,10.3846888471,6.8722683718,5.9535895622,9.3536503323,9.9499364879,10.9240013567,10.5659975042,8.2256426134,9.0397342371,8.8897725876,6.21278986,11.5872079985,7.863179915,7.6304720899,10.8975270514,3.9962923177,11.3944865814,7.2214783633,5.2299374579,4.7187334598,5.48034224,6.2947970724,7.8097145489,3.7494393098,6.5512140821,7.0128893186,9.2741067881,8.1731934716,10.2743754006,0.358751023,6.7754098798,3.8826679735,11.4849811675,3.1995456603,5.2519052138,5.8685670606,3.3864850017,7.7861478582,3.2816870219,3.6826507553,3.5938399359,7.1693489015,6.4623294439,4.5884261676,9.3904648056,2.9794637057,13.1445209411,3.8293722694,5.2892846394,7.9080170889,10.6693319933,3.3924344016,1.0019837014,12.495462573,6.6112555491,9.1661766261,12.3756420411,5.1742680532,7.7479841393,3.5744529611,5.4066030431,3.2839809864,7.8359157988,6.4463931442,5.7117899725,2.8889734719,9.03553102,9.7344114092,11.7172153717,8.5001116352,6.6228480633,0.8608609099,8.5699245961,6.8043123587,8.0786585851,3.9786276038,6.6744021557,6.6749646184,6.4760575621,6.1186801575,9.015496034,8.5378329641,12.798529249,4.1213134233,13.6138991152,8.9585047805,5.1101572393
7.8608719347,5.926512964,7.1075794325,2.1832453598,8.5537959107,12.7014694121,7.2378968522,8.9289871574,10.9688469496,4.296813534,12.6616020838,2.0262298788,5.7494042509,7.1371177602,8.381538752,5.4181290191,5.6023016236,9.6180684473,9.3972822438,13.110388211,8.4300233903,7.4208160233,8.860012688,8.851198789,7.9250993746,12.7557517383,7.6601164316,7.3949055674,9.2679943134,3.6560025533,11.9620074113,9.2859481859,5.0095691457,4.1451532408,6.0337978896,5.0621237899,7.047724987,4.2192986757,9.4697043357,7.1220053347,9.8898914046,9.2042678811,11.5946515319,1.6822722482,4.4904565102,3.7934750356,11.51603252,5.0684891461,2.9372593252,6.6477247867,3.8401565035,7.8804949186,3.8829659052,4.058102782,2.3570151256,6.6328359615,8.5774335231,5.623219353,8.1012563698,1.7340772374,12.8388289328,4.2765413882,5.9719648775,8.076613974,9.5101465976,2.0009434087,0.3869639517,13.4358070619,7.5581444706,6.7979631793,10.8861802635,4.006702,9.1564694005,3.7433791198,4.8749996049,5.269311365,7.2446294262,6.7635794069,7.8967719802,3.0414145583,8.2047921856,11.5525763084,11.6455354167,8.6363506967,7.2553091221,0.7940116462,9.4385516607,7.3922792321,7.1582720789,2.3467905861,6.4584705604,4.9140542881,7.0172526375,5.9359263608,9.0496051971,8.5761018248,13.7604200258,4.8274770343,13.2122230456,10.1272312154,5.60892322
8.9061792999,3.9292932363,7.0571164212,3.355803512,8.8757766607,12.0896913139,5.9224135774,9.08594879,10.9759217392,4.2881023308,10.3784370129,2.2653964764,6.2187493198,5.6729310111,6.7366717771,4.7498109041,7.1005156325,10.0286591813,10.4367241221,12.4570572076,6.946577741,5.8897950227,6.8609735354,8.9622289106,8.5339918475,13.1869171741,7.9931499943,9.6230976379,7.3668632294,3.3183722081,12.2008542791,9.9156706658,3.6703447334,3.8695628378,6.3203346014,5.1157250046,6.9790934289,3.7943028232,10.9903507436,8.2847409731,10.2937534585,9.4146772046,11.6259523604,3.4672173326,3.2828424455,3.89780882,10.3006612505,6.9639613017,3.083679368,7.2205299674,4.2522792367,6.7345408602,3.9421542663,4.8445333239,2.0713615762,5.7793687105,9.8255292592,4.719096307,6.5141008115,1.4281101104,10.9943508249,3.7875381454,5.9775335467,7.5359284714,8.4504659894,0.2613174307,0.407272485,16.0768194141585,8.6924624468,5.2292227027,8.9732647995,3.1680188997,10.7777443473,2.4911370477,6.2503479661,7.2235627321,7.263675499,7.6081684267,9.309348385,4.4966211926,7.0321543428,11.3097777233,15.0440930861584,8.8155172056,6.4937482189,1.4755502634,9.0096717022,7.2970488231,5.7137484845,2.1217440009,5.3877266865,3.8046736105,8.1102558847,5.0550158613,8.9491530753,8.7659546463,16.8177770949585,5.7392468569,14.6035337540585,10.2354718594,5.5445947984
10.5225038454,2.4811359703,8.0759363504,3.6942563854,9.9733906705,13.1609510968,4.9936188881,9.1867268057,11.6249715655,4.3815844648,7.7406237621,1.9812903723,7.1737114022,5.3839491305,5.0384704563,4.8864496564,7.4111880777,10.2638970974,11.2603438592,12.4431679396,7.2911438449,3.5229224445,6.856821584,9.7364850375,7.1962831411,12.3191863966,8.3030282562,9.864871226,6.2846756545,2.3758442606,12.0139539474,10.9926779033,2.9383426017,5.0727103856,6.4754513738,7.8467517772,6.9610125661,4.0507863152,12.0821507381,8.9437755379,9.3453989138,9.6820101603,11.4581141793,4.2941590349,2.6939286379,4.5690018366,10.2368280151,7.6196722763,2.6984905742,6.8986087256,4.6849884846,6.4936370363,4.9483251365,5.4124866998,2.8705375082,6.6200040556,10.6127370371,3.618760251,5.226741783,0.8374764305,9.6227092789,2.0904345904,5.4518338978,5.9619173081,7.5878243186,0.5308327791,2.4982347379,14.5667907523585,8.8848668839,5.1241597713,8.7552765177,4.5703017806,15.2899221861584,2.8450167919,6.7548641918,8.2075297479,7.3308083491,9.1423611461,8.3038237784,6.8620658837,5.7671614665,9.2888193654,11.2307018363,7.021015275,8.5897245476,2.4640542067,7.6339308377,6.8661424367,4.5196622278,3.1991546783,3.5596517663,3.7725826158,9.3021580599,5.9323579912,8.6692865355,10.8411804294,15.5982694680584,6.3580622165,9.2072756649,9.0461443974,6.9977704915
10.7151771408,1.9468216549,8.2959331873,5.9161015706,10.0782284359,13.0128710403,4.5979236813,9.5209341563,12.8225656608,1.6827154814,7.7737071214,1.4325901973,7.5836611098,5.2414028444,5.0577761319,5.4176720922,6.3978487586,7.2978552893,12.1739838249,11.1524439261,5.3191555065,2.7766177631,7.2969869665,9.0975871682,6.8897339744,11.384941183,9.3751709765,10.0424774729,5.5910253666,2.1895760619,11.7188484364,12.3090337732,2.4394166351,7.9943289501,5.6865474504,7.5000723032,8.238168357,5.6183887277,10.8065038471,8.8939991267,8.167333283,8.5428090184,11.3566724988,5.1090894924,2.3715334511,5.1592568098,10.7390951295,8.7170339518,3.2314262618,7.1473229218,5.6841651412,5.7475406603,5.4746470751,6.7778074543,3.1949989738,7.1837071711,14.5571828826585,3.9834684565,3.6951813567,0.0737711713,6.6112081222,2.2319804925,5.6260195718,4.8001315465,7.0755884834,0.4988483587,4.2855770803,8.7674933516,7.7887879448,5.6761841648,7.1912206721,5.1801210436,14.8259645474584,1.7096536919,7.5919460694,9.2042390177,5.9572553186,14.5817324249584,8.1791977255,9.2353680657,5.4260745081,7.7286907548,13.9239977144584,6.3085621631,9.8260650613,2.030413264,5.2748660526,7.4978671009,4.6474206804,3.5078438523,2.4765089599,4.577877249,8.5500303562,6.9654886889,9.5221371448,15.3293681855584,14.7413527599584,6.9190244671,8.119044824,8.9807552737,5.2789618964
10.4020257913,3.3570739465,8.3256478894,5.3337742464,10.21434453,11.6401474782,4.3725209189,11.315701855,12.4855903275,1.4457025745,6.0733804409,3.4416014402,6.8859371683,4.9898133305,2.5817660125,5.7657244054,6.3781275606,6.3232952619,13.4397470836,9.090644345,6.5731335519,2.5359831004,5.6381169483,8.4307022233,5.4996307689,10.8605748132,8.2856035263,10.6815677859,4.5956289355,2.7263270837,11.5899049615,12.0490045695,2.4788515921,10.1514565876,5.1523645563,8.5232695203,8.4367188826,6.3117792645,8.9726315596,7.4626620083,6.8923090874,9.3012143974,11.4281618606,5.417633941,3.3145218058,4.5188548845,10.6418725834,8.7122965782,4.1639727501,6.5969660979,5.6333705975,6.9302635448,4.739709941,7.1833734052,3.0837429989,8.1353225064,10.017029655,5.7623985717,4.1488856415,2.0567500094,5.8145952134,2.0169254593,4.5891282324,4.6097157916,5.6260253559,0.5517389292,6.191346092,7.4608869354,7.3419848486,5.2705846357,6.0465815129,7.1409170941,9.0765991912,4.9439242448,7.3138572592,10.4688732188,6.131006525,14.9690573310584,8.4088669325,13.9768663453585,6.1064904095,6.5757545566,9.5869280558,7.8470788605,10.3940226717,3.2063192013,5.1285885986,7.3693006585,4.6330627045,5.1897283997,0.8733295102,4.4812119913,7.3851664735,8.2108645256,7.3501554021,15.3030076240585,15.0560511607585,8.5841851598,7.1768212278,9.2874986289,6.3778511313
10.1965216908,2.8506434917,7.166389984,5.0094888648,10.986916747,10.9663353641,4.1862186806,11.2243835982,11.5037074389,2.2739442145,5.9133687318,4.8826699627,6.1812441507,3.6122927042,1.7224027488,7.2710492319,7.1950554457,6.1923136533,13.730278358,8.7783823853,7.3333127346,2.4254732328,5.811699007,8.9169861582,4.1850306387,11.7460935062,6.2805166366,11.9064077154,6.3999042989,2.5363154276,9.6449743509,11.4107659532,3.9753523013,9.5204578901,6.3332422768,8.5088606696,8.9004279608,5.8638050911,7.8072580233,6.4301031124,5.8007358257,8.6502018221,11.8466331667,6.5882018944,4.0615130818,5.8373943713,10.6497656489,7.9777273333,5.2200611601,7.8508995597,6.9378071736,7.6857826554,5.4042990381,8.189553882,2.318816104,9.430411731,8.5214829381,5.1983447982,2.8896685273,4.4997496458,4.4746891708,2.8163231753,5.5131029394,2.5308434174,5.8516109158,1.3530941751,8.1745029984,6.6820179386,7.7552420621,6.6320160357,5.09864295,9.5153384349,7.6706055012,7.4317969917,6.7600221441,10.3600517623,7.0804144884,9.3141245428,8.5151622849,14.5962319410585,6.4377134624,6.0341856148,15.0503415205584,10.8321511431,10.92905814,4.2153297072,3.0689919517,7.9676635983,4.8718603447,6.1946505679,0.5483664611,4.3951264895,5.4086203597,8.2156135522,6.6283681926,9.6744359413,15.3416862635584,8.8123603605,6.5748540014,10.002824576,7.0336862836
9.5729701178,4.2570449094,6.7518683023,4.4602167384,9.2695934799,10.6506663428,4.1952208527,11.3303329181,11.0620818831,1.8166677009,5.3353164365,5.7367919711,4.749237872,3.3312260202,2.5600787621,9.1412478818,8.314397146,6.8951494943,11.5036081751,8.3338408524,7.041582734,4.5473447921,6.1232848557,9.6722049378,3.0811773799,12.5541602258,5.0640493185,10.9496321934,6.2029007763,2.0683530171,6.5387158347,9.6000445528,4.3554686306,9.4434244918,8.0286650287,8.8968588529,8.5274300311,7.0057134633,7.4930982924,5.9409938673,5.5720026445,8.0062809805,10.8969658656,7.8847313311,5.7168421309,5.9308320557,10.4459430632,6.592676418,8.5322367083,5.1742157333,7.5978605538,7.1871574709,4.3781867307,9.3078975071,3.0273401129,10.5119368958,6.2193682612,5.7202949123,2.4397737872,6.0906058962,3.9398623016,3.8082360722,4.3821329993,1.9498834578,5.0936904487,2.5081390996,6.7640874248,5.952436159,5.4743015051,7.8283117113,4.8609164138,10.1352547496,8.0718490987,7.8181656066,6.1040185215,14.3792102741584,8.187423396,5.4987760974,7.7665613814,10.5514925097,6.232858908,5.2033307015,15.3700795612584,15.1214013226584,15.2602111612585,4.9883487659,3.4858085016,8.066394624,4.4681551001,6.6511575897,1.1375165367,3.543325733,3.1177061348,7.1451404644,4.8014009174,8.5338681935,9.6678816706,9.3704661239,6.3851523272,15.2149022397584,6.8496964019
8.9462032298,5.064732621,4.9869988468,3.7296412349,7.3611891065,7.4233447192,4.022610039,11.1828066558,10.7538478534,1.6732781309,2.8464762285,6.3456161635,3.2158982559,4.5744515585,1.4123367381,10.3845805903,9.7419699233,8.6328028599,9.1221502174,6.1845421807,7.9743711354,4.9428965507,6.4382972326,8.2788449399,3.5307006924,11.3829406928,4.7509375572,11.8492849562,8.6467371493,0.3952313061,5.759252621,8.766542064,6.1023599294,10.7542237695,7.4267715002,9.2603121938,8.740965016,6.9162663888,6.1975574224,7.3679732214,5.5115143024,9.1949467174,10.1181960222,8.8109983198,5.4124425438,7.1463463336,10.9763422767,5.2673258964,9.8961659186,3.3484304946,7.7801287187,6.5249703505,4.2006459008,10.1538288315,2.9141740717,10.7938196384,5.6539639929,5.8395906211,1.701780692,5.2051537929,4.2193019353,4.4391250944,3.9655262808,2.2666578478,3.4826331254,4.4356929906,6.7471461617,7.1760152537,4.4997196739,8.0380896377,5.6332141087,13.7972329742584,5.2946508138,8.0330001637,6.1260870781,8.4394380554,10.9903048366,3.5452924285,6.939391506,9.4585328345,5.2257210585,5.6654708289,15.2656538413584,16.7733319836585,14.4704230758585,5.2792462562,3.9931286726,7.6111831926,3.9663122322,5.2667610757,3.5009340748,3.1046341549,1.6949501074,7.9153207937,3.8569339995,8.0844762445,9.4612190705,9.9859111491,5.308748935,14.8361416313584,6.6453970084
10.2120586013,5.0660807908,4.3626022265,1.2314798357,7.7821002199,3.6230369907,5.9237291883,11.2542177694,10.9301641404,2.4698717294,0.857187357,6.7332807792,1.8428905333,4.0765616515,2.0702344046,11.3311629685,11.7834580806,8.1285676367,6.5570014298,4.6426402384,8.3188705278,4.5884548559,5.7680791856,8.0001952535,4.4664715359,11.1749907662,4.904003598,12.5739408513,8.5732853787,1.5062647199,2.8827284355,7.6002399658,7.9090860223,10.1541228184,6.2569825493,7.6503431396,10.9834719877,7.6427905817,4.7953409047,9.7847959597,5.1024365855,7.792117485,10.0801663547,9.7842286589,6.0303046713,9.7210890216,10.7842974613,4.8143208675,10.3645160419,2.2176557926,6.601194442,6.9730339657,3.6536316279,9.9235072675,2.7300695915,14.1569279509584,6.8091919488,6.9672411595,2.0598981361,5.8255265369,4.7998699486,4.5969877765,4.728064436,1.8272331147,1.2611684692,5.2051222077,9.2462637272,7.218558676,4.9352011864,7.3320054481,8.3167203207,15.1141221325584,4.1186935877,5.7602797514,5.9056584138,7.3259400947,15.0868202692584,2.5511823697,7.0500105285,8.3407761378,5.5440046769,5.7504802585,15.4496547356585,16.4534655925585,14.8109965634584,6.1013594757,4.8577901835,9.4497450964,2.1037594441,5.9042901768,4.2645991544,2.6095569129,0.7779213139,9.2846286643,4.313953058,7.6143148059,8.8729444498,9.6096894643,5.1454877585,14.8007213137584,8.2593661731
9.9472457647,6.3016954832,4.6117963866,1.6188381878,8.070825399,1.2690771331,6.7170303842,12.2017673157,9.8162877446,4.4289950615,1.4794239583,7.7609367967,2.0285703889,4.6578425318,3.4227446989,13.9010342796,11.4459720204,8.1557000191,5.1263455876,4.8318062558,7.7669921143,5.5750515241,5.1096429455,8.4952762629,4.6728656681,10.0431070793,6.6711246676,11.5826337146,9.6861650059,3.1906828041,2.2340735284,6.9809594429,7.7402192069,11.1690133261,4.9354000082,7.0111103314,12.3847904998,7.4015998443,4.0610991514,11.0870912439,5.7118996219,8.5761967028,7.6837838273,9.4161171311,6.5020728978,9.7967870718,8.8331486309,6.5235291084,10.6137143318,3.0046155043,6.7527109191,7.6608302141,2.9003937558,9.464850056,4.8702046698,8.5450525146,7.2307191343,9.1043928988,2.9274405391,6.155626491,4.0364242845,5.858933035,4.6592073933,1.2319454507,2.2697949161,5.2814706625,9.8013475357,7.2896288132,5.2923956392,6.6758650801,9.7998998734,15.3164137018584,5.2081912516,4.3052650713,5.3687513386,6.9540566815,15.5075435744584,1.431434888,9.2899158151,7.2680984046,5.5633284937,5.0041911649,16.0699363545585,17.2184226297585,10.3152439521,5.4775894135,5.7674070417,14.5008359862584,0.7537753444,4.2558988973,6.4108150565,1.7424702753,1.7384884296,8.6362584531,5.5253961782,6.583824859,8.6553168615,10.1446599343,5.0451894253,14.9089976191585,9.0992023458
8.9558784503,6.6724826827,5.0677493482,2.1098771695,6.7778632576,1.5181008094,8.2218420601,12.9973099316,9.7602902571,6.0462452357,2.2730914656,7.6894898941,2.4058733591,4.5327155057,5.0850431899,14.9096230231,10.1769845279,6.4326247414,3.5195330056,4.7912915441,7.640792499,6.2743545164,4.1290581411,7.4547263466,4.1887079892,8.0492851264,9.1567711631,11.8926006548,9.5861186296,2.5522059879,3.2286220386,6.8828018411,8.9181947597,11.9611508593,3.374176756,5.4031728589,13.4204683516,6.8738571967,2.510529031,12.6241891941,5.7519954855,8.4581618634,7.6386355044,10.3075193409,8.0371899407,8.4469658682,7.3628484936,6.8328443688,10.3904439666,2.1730520838,5.5772791068,8.0311627898,3.1118489962,7.5705400115,5.8229464157,6.0364452901,7.8121664171,10.3303909663,3.4668571098,7.9030929238,3.9691637891,6.4203479488,3.8963660133,2.2438898839,3.1105006296,6.0287010869,10.6797200079,7.5670141594,6.0038071347,6.8942576085,11.01267507,14.7552476648584,5.6521818008,3.107797492,5.4477263776,7.9946693337,14.9242543713584,2.2040696797,10.8842829501,6.0298871959,5.1194704661,3.7340653009,16.2149533682584,16.2348706585584,14.0580790559584,6.4873953329,7.2698954386,15.9521549583585,0.6859278504,3.709021048,7.4988341615,1.1758217909,2.817202511,9.1962523706,5.9051091874,6.8687594201,8.9710065497,13.9875774099584,6.2167792103,10.1766174868,9.3579705575
6.7833014593,5.2118921305,4.4061539737,3.4717590796,7.473976844,3.91027216,8.8333033375,12.1580806709,7.4039381419,6.0222361732,3.7562586036,7.2660595959,2.9146033856,3.3761357552,6.0962026061,14.5332987838,7.4932901344,5.744487725,2.103498347,3.9351065548,6.9802224854,6.3098855655,3.8900346414,6.5346217109,3.6767852541,6.5316578269,12.0554363839,12.5185585661,8.420965377,0.740908362,4.6774105528,6.5547872443,8.9098309106,11.8511568558,2.5851603923,3.9085198936,12.2162460221,6.9754087444,2.0152419833,14.0391390883,5.1527872118,6.7354245045,5.4643715212,9.7548858959,9.5369930854,9.3110866287,5.5338090596,7.7382793526,11.9207208201,1.2645500831,5.6349562139,8.9847965023,1.9159675651,7.2543529953,5.6751168261,3.1266129765,8.8012329092,15.4823866633584,2.6401391031,8.3675647756,3.7709933463,6.0211421619,2.5227957521,4.525894472,4.2811750892,6.4331120577,14.8140010004585,8.4179347526,7.571332297,6.9506329765,14.5668116013585,15.9315756641584,7.1408073314,2.2983827877,6.3725875552,7.6297050619,9.784505913,2.9024409436,11.0821319275,7.2415677525,3.6593101617,3.046644362,16.9019815073584,10.0767146009,14.6809966688584,9.3552754492,8.6644927814,10.5104204757,0.8030652851,3.4221809763,6.8485291812,0.3715423913,2.7893720462,7.8739108223,6.8250921144,4.0601075877,8.8422560987,15.3379327649584,6.5256569775,7.8200447523,9.6078296912
7.1079605247,4.8006223987,3.0365972753,5.2457117469,9.0281378614,5.2377554758,8.1367936256,10.1536446105,7.9108106971,7.1441745528,5.2501653542,7.2048370217,3.5731256933,2.0613033511,5.8663743367,13.690573941,6.0637673423,4.384087473,1.1792166676,3.1923332968,7.768778513,6.5976613877,5.5106758445,4.8666452567,2.5899000056,6.0063120665,12.7565075382,12.2981742507,8.0853334985,1.0566618854,6.2359920686,5.314143086,11.2044145819,11.8473224187,2.1633481409,3.5190742347,10.8748017089,7.2976552785,3.0812634599,14.4127584078,4.3054759861,7.1177811044,0.5813462303,9.1526160238,10.8117748989,9.5298086149,4.0200540375,7.879727467,13.3973999333,2.1962335021,5.4664571102,8.8884828524,2.9892759198,8.2381671526,7.2898859507,0.7976132927,9.6919194105,17.2416835061585,2.9672551204,9.603137365,4.3012165627,5.6408390674,2.7823474981,5.3032710633,4.8842296145,6.1276765633,15.3526572497584,9.2184603999,6.3563271085,6.8257497616,14.9179256155584,17.3594042427585,7.1172560953,3.7740064336,6.2675021259,9.0048194997,8.871864776,2.0426181573,14.1950430961585,7.4582335996,2.8089374634,1.3684809669,18.0554579661584,9.1856136594,10.7197427911,14.6139493731584,9.4892057915,10.4217369713,1.0933711232,4.4766268198,6.806483748,0.5313994983,3.1144684762,8.6227926984,7.1218307156,2.8802777009,7.2932598633,16.5653922769585,7.1920856603,6.6642803363,8.8058087258
