101_1_60_nl_he,101_2_60_nl_he,101_3_60_nl_he,101_4_60_nl_he,101_5_60_nl_he,101_6_60_nl_he,101_7_60_nl_he,101_8_60_nl_he,101_9_60_nl_he,101_10_60_nl_he,101_11_60_nl_he,101_12_60_nl_he,101_13_60_nl_he,101_14_60_nl_he,101_15_60_nl_he,101_16_60_nl_he,101_17_60_nl_he,101_18_60_nl_he,101_19_60_nl_he,101_20_60_nl_he,101_21_60_nl_he,101_22_60_nl_he,101_23_60_nl_he,101_24_60_nl_he,101_25_60_nl_he,101_26_60_nl_he,101_27_60_nl_he,101_28_60_nl_he,101_29_60_nl_he,101_30_60_nl_he,101_31_60_nl_he,101_32_60_nl_he,101_33_60_nl_he,101_34_60_nl_he,101_35_60_nl_he,101_36_60_nl_he,101_37_60_nl_he,101_38_60_nl_he,101_39_60_nl_he,101_40_60_nl_he,101_41_60_nl_he,101_42_60_nl_he,101_43_60_nl_he,101_44_60_nl_he,101_45_60_nl_he,101_46_60_nl_he,101_47_60_nl_he,101_48_60_nl_he,101_49_60_nl_he,101_50_60_nl_he,101_51_60_nl_he,101_52_60_nl_he,101_53_60_nl_he,101_54_60_nl_he,101_55_60_nl_he,101_56_60_nl_he,101_57_60_nl_he,101_58_60_nl_he,101_59_60_nl_he,101_60_60_nl_he,101_61_60_nl_he,101_62_60_nl_he,101_63_60_nl_he,101_64_60_nl_he,101_65_60_nl_he,101_66_60_nl_he,101_67_60_nl_he,101_68_60_nl_he,101_69_60_nl_he,101_70_60_nl_he,101_71_60_nl_he,101_72_60_nl_he,101_73_60_nl_he,101_74_60_nl_he,101_75_60_nl_he,101_76_60_nl_he,101_77_60_nl_he,101_78_60_nl_he,101_79_60_nl_he,101_80_60_nl_he,101_81_60_nl_he,101_82_60_nl_he,101_83_60_nl_he,101_84_60_nl_he,101_85_60_nl_he,101_86_60_nl_he,101_87_60_nl_he,101_88_60_nl_he,101_89_60_nl_he,101_90_60_nl_he,101_91_60_nl_he,101_92_60_nl_he,101_93_60_nl_he,101_94_60_nl_he,101_95_60_nl_he,101_96_60_nl_he,101_97_60_nl_he,101_98_60_nl_he,101_99_60_nl_he,101_100_60_nl_he,101_101_60_nl_he
2.0300164066,0.8116487332,1.0598423884,0.501559172,1.1033890184,0.6389871961,1.040133093,0.2022839225,0.7791232748,0.4727249201,0.4998832461,1.4629458675,2.0155434902,1.0236034025,2.0245868066,1.6197470296,0.2332492798,1.1547199348,1.2111189505,0.1324650937,0.6193803048,0.334577274,0.6868220647,0.6289723365,0.4017573481,1.6119571641,0.096350193,0.3921650914,1.6250863129,0.7167226173,1.9861662655,1.1032417331,0.9919936973,0.9901305098,1.0337263156,1.2581997008,1.3583929716,0.7753978209,1.7662470089,0.5369507014,0.7369117181,0.5912351727,1.1614580686,0.3360345155,2.0763627558,0.8938011696,0.97373817,1.4169533152,0.0251361605,1.5568941455,0.9700318695,1.3920061026,1.0766846844,0.9138376862,2.059513348,0.4339744059,0.0259198587,0.1507705702,0.5784605068,1.7792009316,1.9120170543,1.7658739523,1.1849062997,0.641687307,1.2119947835,0.8311120145,0.825073375,1.1130151333,0.8813258982,0.8640569049,0.9879226925,0.2711149655,0.3151123925,0.7065845953,0.041155869,1.6617633912,2.6152667528,0.42677747,0.1029519037,1.0983628412,1.0172495413,0.2705421215,1.7004335127,1.129580716,1.4469429934,1.1389191228,0.2072197384,2.1215736432,2.2590987565,0.9208109622,1.447064157,3.572821305,0.3249412052,0.2429365712,1.6630960345,2.1948745854,1.3353413192,1.0924086049,0.6736759962,2.140097012,2.0384376384
3.4679173655,2.5074123379,2.0402783203,1.393501314,1.4722179513,2.1296992542,2.0887127358,1.8990260645,1.9374408879,0.3866295659,1.2282383987,2.3843385994,4.1195153506,1.091740077,3.2735141529,3.1889595417,0.6301240815,2.6056312788,3.1495267672,0.8389597956,0.1601417867,1.0256610406,1.0114185625,1.7065443164,2.4122100768,0.5067349105,2.215068756,0.9472865626,3.2654665663,2.6087273808,3.3234655202,1.1773490268,0.266706137,1.5565023495,2.1773756715,0.650216474,2.0926995959,0.3024445319,3.6657309941,1.9820313882,2.3518752185,1.5089430909,2.6858010062,0.1074444496,6.1752772071,3.6031896337,2.4122942597,2.7998359682,0.4055251656,2.6941145559,2.7825597752,2.6742347428,1.181749317,2.3252570193,5.0172076239,2.1541357293,0.3068587445,0.9468364782,1.4462921005,1.796451296,1.960150647,2.7361893422,2.8512712468,0.5322321377,2.8941750814,2.6383631896,0.7045469091,2.7968775362,0.5832530074,1.6936163335,0.3157791824,0.3178717192,1.7573063016,2.112808485,2.3349636027,1.9239190942,4.5192883734,2.2100354203,2.0136178081,2.5195482841,2.3910977218,1.7607853947,2.5498588333,3.4217543961,4.1663710037,2.1774933058,0.5468362705,2.7903205262,4.7301828515,2.0071635368,2.7161582563,6.9421935859,0.7017014362,1.1270577345,2.2210723575,4.9798505606,2.2989658229,1.4607751512,2.8901674146,3.0828247229,2.7225850037
5.7469324786,3.6400221862,4.3205077268,2.2198195745,1.0151869432,2.8705210468,2.7846623097,3.084521527,2.9266796383,1.2398714512,2.5904348879,5.2895275732,5.5777985819,1.8914185699,5.7306282684,4.4290349354,1.3477611455,3.379344663,3.2311230144,0.9887633855,1.05719582,0.9690763486,2.1269135342,4.2562821951,5.3887765849,1.4987200182,3.7483340248,2.372758037,3.807031336,2.1269034579,4.7595372204,2.3878913086,1.9261765256,3.0891656279,3.0470043145,0.9340958555,3.3774648124,0.0489825887,4.0654091074,2.9083682197,3.5999180755,3.3248389839,2.7433770053,0.4864905839,7.2346794635,5.4418660084,4.0057867461,3.697178042,1.2400831282,3.6600274064,4.7905939904,3.9365171918,2.5869245557,1.9324234266,5.1417709425,3.9728952628,0.213058906,1.117953094,3.3978595443,3.8597315588,0.4374086363,5.287876144,3.4582165481,0.145331997,2.9053797055,4.6729427562,1.5927470112,4.7137593328,0.1802857544,2.1831337653,0.2771867667,0.1997803911,3.2599322832,4.4985104166,2.0006054936,2.8579704807,5.8283735721,2.7668428801,5.2440224973,2.019512733,4.137088751,2.7180193735,3.0023934125,3.9846104655,4.5275783225,3.280963815,1.6838362577,2.1004887192,5.8358518685,2.040946177,4.4882481161,8.8788088986,1.9707472771,3.0821389502,1.7492703118,5.4820855122,2.5047907183,3.0483204924,5.3979278815,6.1805140721,2.9943506333
8.1107719571,3.1769921608,6.1016088592,2.6751091252,2.8318749373,4.3752711356,2.8952128584,4.4343635818,3.5958187332,1.9044575148,2.5061004959,7.1177048708,6.6927689522,2.8453865176,7.038471926,4.4405873794,1.4712507778,4.0856011605,3.3496726601,1.2872468194,1.8416550949,1.6807659456,2.9597687448,6.7239950856,6.8744294231,1.6410964935,4.5494201722,3.798803429,4.3885739375,1.7025364616,5.9278406129,4.1104475082,5.5129539128,4.3466202494,2.826358877,2.5435728267,3.1691499597,0.3930816633,4.0195935154,4.0412594595,5.0147617806,5.7683105699,3.8940902021,0.7393905529,7.5440987818,6.1406955458,5.4172744697,4.1559114646,3.117969886,4.5620708571,5.1532283733,5.1609757019,5.7549258932,4.0400007401,6.8279361817,6.2746282011,0.4000931188,1.7893043066,4.426466858,5.0088860608,0.2956178551,5.4734498229,3.9979902436,1.5207055372,3.340626664,7.2214640689,2.1253942963,4.8771272842,0.6326375199,1.0524075266,0.9332258043,0.1264088269,3.9582147034,5.9022004055,2.7327514945,3.4998928919,6.4208515556,2.7551210363,9.3543042213,2.1924912221,6.0314087978,4.6687595541,3.8666288775,5.8916006592,4.07838141,4.9528135505,1.2479449197,1.7196942167,4.0488896679,1.0506372471,4.0628622971,9.9658637315,3.445163506,3.6825187025,2.5640537447,4.5468640159,2.2480350596,3.9840126659,6.6282854614,6.9119068683,3.7385152565
9.5800061538,3.3833973422,5.3864198137,4.0128802342,2.4554209441,5.258247972,2.1433059972,6.2788259135,2.5713253993,2.5997821011,2.2142748277,7.4881546565,6.3893819452,4.0663794687,6.4366070112,4.2354098391,1.0735289523,4.4447449701,2.702766468,1.6810357196,3.8080671468,3.0845614442,3.0802923822,8.8734326928,8.1526899354,2.3625273745,5.4538860101,4.1920620025,4.1336312013,0.3358511373,6.9520377856,4.9782809384,6.336134022,3.6932120645,3.1435298599,2.211049684,3.8677762117,1.6469702147,5.5551288406,5.7359905165,5.9452603865,8.4565297736,3.0031075205,1.4891189377,7.1779443227,5.977402271,6.5139372256,4.8043224533,3.8231310196,5.8389495366,4.1331795099,5.5801328931,7.3679328412,4.2971492684,6.3422077356,8.5383329747,0.7748450985,2.0247153303,4.7948642898,5.881989674,2.9622804448,6.8229932133,3.5968572168,2.9307055874,2.3629775227,7.6439238738,2.4888276809,4.7147055994,1.8627937898,1.0116960484,1.3228033267,0.8704063015,2.3216139497,6.6446893049,4.5710341847,4.668966609,6.4387273051,3.9535888129,10.9761840784,1.5702615736,6.3863338192,6.617368835,4.7123877658,6.759456346,3.546070254,5.3023675011,2.6212251538,3.5126253595,2.6395351297,1.6287042046,3.3187305023,10.5925859484,5.3069875995,5.0061179653,3.2631433015,4.18216963,3.550483179,5.3809885672,6.751558882,8.2766885778,5.024398421
9.5327359964,5.2781084625,4.7326045056,4.834577106,3.4008116773,4.364291123,2.4641210166,8.5648378189,2.755376603,2.3438184195,1.7115274617,10.2819267872,5.7838318092,5.8684936814,6.7189907562,4.7379349538,1.4477472114,5.9250410556,1.6860716084,1.7811482004,6.5237615307,3.4638030036,1.8291729397,9.6630966131,9.3166696502,3.7509537381,7.7396289027,6.5285300173,3.0278700357,1.3324662101,8.0999691343,5.8815054013,6.7947159029,2.9698874867,3.5617342903,4.1494724722,5.7245396362,3.4034833915,5.1203171616,8.6601816119,6.9409985522,10.2617694096,2.3366278149,2.7316060176,6.9537945655,7.1182888247,8.5886640917,5.9132114831,5.2518751022,6.5865719401,3.2651226188,7.3050574128,6.2667666142,3.0514900877,4.8858536034,10.1686187551,0.9696198484,3.2019305531,6.0115687284,4.1873980935,4.7391520029,8.939167077,4.8862244267,5.9023980602,2.5170170129,8.9917219322,2.9334798319,4.8908736261,2.8414940217,2.1585061756,2.3396080277,0.3022148599,1.6334226773,7.1868474161,4.3986820904,4.5472549532,5.434389134,4.5487543277,11.0968503617,1.1184437852,5.5911428483,6.804142628,5.5815237022,8.6150227841,4.7595716081,5.5819426877,3.9628984394,4.6142081851,4.0958703369,3.6606223766,4.5649876365,11.2607992584,6.4128679442,5.4845803535,4.9640415967,3.5677009234,4.825269897,5.2574013951,6.8554846663,6.7736096492,4.8903312522
9.0623308144,4.8591535507,4.0201755766,5.6297032984,5.6936728651,2.9332792253,1.8797076057,9.4088704525,2.7352418756,3.7330806444,1.6501073551,11.9692578709,2.1895632991,6.6686026597,6.8285645599,5.1468471769,2.3470970174,7.1172574548,0.2845995376,2.4552265917,7.7459946166,5.0540276966,0.2839618858,8.0523439514,9.6243348939,4.8904661954,9.5653521409,8.0831537325,2.3440557146,0.0203722364,8.719751838,5.9020799518,6.6294499873,3.1900614264,3.4784407135,4.7632329671,5.7118540467,3.8504422201,6.0099232299,8.6333214088,5.8065571209,11.0376089569,1.0614626928,4.5788013118,7.6035923272,9.5233961366,7.8613040866,6.5560920247,5.5246497036,6.7120801483,3.5138927481,8.1981235991,5.2364053104,2.2517191589,3.7802586616,9.9517282769,0.2486473332,5.125052817,7.5019615007,4.8743015108,7.4244695209,8.380737334,6.9318965665,7.2393934425,2.1954836779,9.5736288752,2.9269577366,3.6840500536,5.1688576562,4.3048336579,2.6404035769,2.0691952912,1.5303989729,8.0957676818,4.2555986674,4.5879571079,6.3867548276,5.8713852827,10.4082116014,1.4420626295,5.8470405869,5.2963913415,6.1221537628,8.6423834777,5.4202538559,6.1533438328,4.6812571465,6.5606166638,4.8667910642,4.1244537976,8.0758463385,11.3201159439,8.8291547557,6.3554632545,5.5204501375,4.1505944998,4.8151268197,6.3456158242,6.2445178593,6.3226690511,5.1293384303
7.4620012248,5.283867836,6.5542442937,7.3061942847,7.5793311195,2.1684146514,2.0879368585,10.0800508205,1.8844007861,5.6901365836,1.0951949782,13.2232345047,0.529980241,8.1726102045,7.5280116126,5.9557608975,3.3087053467,8.0784343097,0.2521023715,2.8716115981,8.5854206127,5.7185804878,0.3773208211,7.2265699919,9.2370142382,5.9149409461,10.4920313919,9.4967802088,2.3111904553,0.7956955999,8.1895505717,7.6697699735,4.9400457531,3.8560067278,3.3065667027,4.2545939226,5.3208364506,3.5682471571,6.9538627156,8.3290152743,5.0060422409,10.4300717388,0.3856815834,7.0097550221,8.4967490831,12.550853226,8.0586547263,7.5312666331,5.5762615835,6.3008363179,2.2750465444,9.0423426552,4.3910844907,2.2723762523,3.6673006596,10.1043866922,0.435439744,6.7401960596,8.1662720716,4.9657326126,9.2532032883,9.2436537798,7.8283256212,7.6529188486,2.3986846064,8.8519779329,2.8519709196,4.449670416,7.4998340786,5.33848425,2.6889007167,2.4338555099,2.2031565477,9.9705646258,3.6471767018,7.3820195598,7.7596250526,5.7584700379,9.4393474978,3.1725669553,7.7414102501,4.6867192388,5.3150630896,8.2896661623,6.7814439848,7.4372240321,5.9867838477,6.7542233706,6.0204830274,4.2900199249,8.8786557972,8.8888802131,9.8956263122,7.0746739254,6.1299394738,4.4420480516,4.8404168525,6.9811750049,8.0877306632,4.8210216925,4.9312288357
6.126787659,5.4985937147,7.4660658394,8.750848168,7.060776541,0.8297792652,4.3580234928,11.5137162169,1.7828072374,6.9687694766,1.482288759,12.6599167994,1.2422625889,8.0911871656,7.7669576259,7.4725409718,3.631728106,8.0115793283,0.4739987143,4.2993311017,9.3852579903,4.3713287425,2.3633268273,7.4184733746,8.1764901534,8.5251364655,9.7632912359,8.8003925678,3.5682962112,1.5899746276,8.2032353243,6.404509519,4.2355140315,2.3191819909,2.0231450981,4.1271731885,5.8705650528,3.5658893191,7.9051666799,6.9126293474,4.2324270467,10.172613446,3.3694038469,8.2935527745,7.8285240198,13.5335957157,8.9269687339,7.7664612809,5.7843197831,5.4280596057,1.3479814608,9.3415121695,3.5438219404,3.1372824775,2.9859045508,10.7434314353,1.5865506136,8.6329132461,9.6438208005,5.6362132355,9.9228027502,9.7090524897,7.6164745662,7.803658586,1.6924404328,9.4590820234,2.4739863783,6.0768724668,8.5905927448,6.0177993505,4.5921354208,1.8122604222,2.6733164082,10.7208090055,1.9305489257,10.1089281007,8.5933445696,4.9602562895,7.6142925228,4.8657549867,7.5940273458,3.2836850648,4.1492339568,10.8965235038,7.8062300872,6.6649519243,7.1499750324,7.3227662122,4.0333269414,5.6870427551,9.4279287305,9.1181541571,11.6349797489,6.4613364016,5.1546353068,6.1929137354,5.1727315456,8.5315713866,8.988458174,4.2422454663,4.8156895986
5.2610095487,5.1713521419,7.1365222515,8.7815782566,6.5246885108,1.3571404743,5.4359707195,13.0325913248,3.0458261204,7.3994358816,2.1556331795,11.4696016534,2.8232962476,7.8881855319,9.3619409072,9.8948199281,3.6391095264,7.4713182096,0.5120150107,6.6294652694,11.1365714282,3.0602886195,5.086454201,7.4166882698,7.5735491496,10.519300061,7.9412513349,7.9344202641,3.9496120729,1.2003781962,8.9001562104,5.9796675954,2.7473848737,2.5747831832,1.3381825697,5.4441665442,6.253542208,4.2130339405,9.7297168538,6.2002761312,3.8859840341,10.5237148062,4.675834131,9.5707735377,7.776165875,12.107751226,9.5657679339,9.0893423561,5.8649641859,4.1806750764,1.9950233417,8.4958734529,3.4584781274,3.7875895233,3.738603442,11.3761183497,4.0596136389,10.8236372316,12.0988896369,6.1783957411,9.7756737484,9.5986043544,9.3578389839,7.7094507639,1.3946182746,8.1647345312,1.4943054833,6.7320007902,8.4796536174,5.3731992173,6.5585196867,2.6251129621,4.1450557511,9.4771845408,2.4429570271,11.7586319424,10.2221684157,6.273524463,4.5597694547,7.1039905226,7.8823557961,2.3973435346,3.5586638476,11.4234599762,8.6906559795,4.0913952292,7.0531172857,6.9743422741,2.4975761696,4.7974044238,9.6456114971,9.2090563666,13.2838025166,5.5141608746,3.4834988926,8.8680479537,4.2593030979,7.6128442991,9.9657042533,5.1779999232,4.3190890454
5.6040676271,3.8277890252,7.2228268278,6.4849896321,4.5634893198,4.2355959782,6.2356213892,12.654807016,5.2886838785,7.5009889256,2.3400897075,10.5842379725,5.4210797614,7.1922588152,11.00373117,11.2473996588,3.6992918717,5.6362312635,1.9889281742,8.2562265417,11.5559722344,1.1388727916,9.6855731844,7.1177391745,6.9949367335,12.2298847154,6.2089570108,8.8151189891,4.4211254525,0.9532936409,7.2698517492,6.0279418537,1.396612332,4.0060171981,1.2639556034,6.9981123164,4.9734593532,4.0074883371,10.1464457279,6.2605898183,3.2539310257,11.5774862586,6.406852234,10.9829768889,8.6314909525,11.0182089271,9.1986157884,7.46352521,6.2289690433,3.4462370053,1.8100103019,9.2853178996,4.3533832417,4.7445389596,3.1753560781,11.9209417128,4.1304327494,12.0770726394,13.3667599484,6.5580512795,9.1747886451,8.7358192251,8.9233319717,9.818898848,0.5901242644,7.1699208858,1.8339161829,7.0525259687,8.709216561,6.8348236237,7.9922765126,3.9568151638,4.4135881489,8.9609258911,2.0318454671,12.534204283,11.3149192446,6.8155216015,4.3990379315,7.5973364907,7.4460157135,2.4877362673,3.6128248588,10.3425082504,8.9200727617,3.6136689849,4.7517131684,6.6692141643,3.5411489094,5.3903254038,10.4989982638,8.8333450438,14.1991632041,5.0136572778,1.7922622434,10.0996795501,2.8252827802,6.6154573127,9.8685995429,5.2448008638,3.7762196307
6.2373352279,2.5790177639,7.0280442146,5.5695922869,4.6744100449,4.3154717325,6.5664627449,10.8288951256,6.0943346422,6.6294335098,2.4682351037,10.5724643683,5.7516366131,6.6275993743,11.5200051499,11.302459127,3.6352534458,5.480146897,1.5458187388,9.4361856928,11.4177561157,1.032469702,11.5595777114,7.2980258566,6.1885482445,12.7700207793,6.0716871885,8.2024120002,3.8844322376,1.1859469091,6.3309466952,6.8376855047,1.3562433118,4.0842295333,0.9439356702,5.885880034,4.3510481855,3.9870317132,10.4289917735,4.3565567185,5.7123595487,13.180850348,5.5587274783,11.638961417,7.11775566,10.6499369155,8.7056197742,5.2733239017,5.8936626135,4.6131581206,2.8659680144,9.2709585043,3.7090982605,5.9232947805,3.5708458162,10.0828487438,4.580075911,12.1995005345,13.2652336387,6.1850518002,9.6125909412,8.6088842868,9.0892955009,10.3637707429,1.9099612673,5.8280190345,1.4813434373,7.1128521092,9.2884450981,7.0277902751,8.7831420488,5.4404875408,4.3701523913,8.2157305767,2.7840220818,12.4673673405,12.1959238037,7.9237920978,3.0121396972,6.53309021,8.555121484,4.3485080738,5.3993099009,9.7741134475,9.3575499045,3.4797454462,5.3899073187,6.5367593613,3.6581085142,5.2711068788,9.384905185,7.1187516883,13.7541499726,2.8033760366,0.8048277181,10.7715331637,3.669834479,6.7445125158,10.1839163854,4.7915759274,4.8459123738
7.9142862237,1.5787649828,8.3984346975,6.5961915543,4.8154044011,3.1829613337,7.5474515987,11.116800147,5.9534136887,6.0105175961,1.5737730798,11.5026720856,7.4622316631,6.7588222369,13.8143087549,12.64114491,2.5835427756,6.0236973133,2.0216708147,10.4984962504,10.7505374623,1.4548554345,11.0741771244,6.2970221753,5.7411177222,13.5217309771,5.4546381848,7.1064268343,5.2124101743,3.1478775971,4.9851470873,6.5505980881,2.8565721641,3.1056503948,0.4943717829,5.0054971828,2.8443960352,5.428002973,8.7226234849,3.4572221767,6.5227677975,13.6303254275,5.1512036158,10.8243325551,5.7094467441,10.4370662934,10.3121195739,4.724290064,5.4455680945,5.5125978805,3.1553527574,9.1275351346,3.8950896177,5.5395199083,2.9305347352,8.5140182168,6.752868684,12.0534752248,12.0781805709,4.2915574457,10.0173031408,8.4966111371,8.3986703876,9.0810318273,2.5281287049,3.8138607333,2.025433568,7.8182368158,9.3290370735,8.1125136087,8.9338814739,6.4164028395,4.9925160981,7.7926608118,4.8007681991,12.7379420992,11.6874496299,9.1056885265,4.0861668211,6.2280082626,10.3361166783,5.3245664956,5.8576480695,8.7517511107,10.0849582572,4.1946528288,6.8888843387,6.2447501434,3.3464053724,4.4057555496,9.6539262419,5.8681703813,12.2816640996,3.5541094315,1.469309889,9.0871195792,5.5185189665,7.0399863288,12.1989014781,5.1776934381,4.6387638766
9.1727917282,2.7415358081,8.2239557213,5.7902469178,5.3520656879,3.0553255561,8.7003945642,11.0667864445,5.247008452,6.5246031406,1.2711012228,12.45878856,9.2916650177,7.1714224391,14.0453907962,13.710840895,1.468167609,5.6396986088,2.1939227349,9.9004057572,9.3993803449,1.0446230686,9.6270455199,5.6955982741,6.3165135139,11.8399542021,6.8370264164,5.0482691654,5.4006122102,2.5716661059,3.3689046383,7.073835429,3.8825138461,3.6328253694,0.7796380829,4.2511238397,4.3633985275,4.7964573703,7.8692611258,4.3371571207,6.8444440601,13.4056250378,5.7874433594,10.109776068,4.1845550231,11.0063468612,11.7677696658,2.6050851072,5.9475813372,6.0962680147,3.031301756,9.1058399436,3.561632811,4.2736958746,2.3362192793,9.8136966148,7.1289359945,11.7583985412,11.8049133575,5.7669123824,9.8489684252,7.4913331771,8.8189941892,8.1701169987,1.7335242617,2.7432841382,3.2684469341,8.893142353,10.2839899295,10.1028384824,8.7158496358,6.8340455041,7.3500947324,7.1576707119,6.3013486785,12.5076243019,10.1686208459,8.2005332366,5.4112744913,5.3245079052,11.0580921153,6.384372653,7.2853553236,8.201946671,10.6508035875,5.4915661733,7.2280723161,4.9804772997,4.83545516,4.3423382619,8.6460824264,2.6674140712,11.8456705428,5.3317380919,4.033219517,8.6943710355,5.5140096119,6.9424034766,13.8884996124,5.7400196773,4.8544658782
8.4088575399,3.3170382788,8.6259082177,5.8629499106,5.8886889392,3.5994075368,10.1278632866,8.4354519708,5.4397509449,7.1720064088,2.0214787075,12.4244899563,10.0241659779,7.7992512215,14.1869650809,12.5457328467,1.5421536793,4.4710341249,2.3100668441,9.0589504407,7.6866208999,1.7305240281,8.8302435959,6.5095002703,6.357893286,10.0384015919,7.356438418,4.8582639892,6.8712084471,2.8109960469,3.0079418935,6.4850681446,4.5573258676,4.2142784955,1.2769707204,3.4183478514,4.0154086869,4.5216830949,8.0195172387,3.8173435973,6.847747064,14.8260985412,5.522637982,8.4176935752,4.1907834811,11.0950559996,12.2819684829,2.9513914942,5.3655225126,6.3195671194,2.4309010959,7.7315259491,5.3702805016,3.9912396597,1.6243534142,10.1731918017,6.3699995897,11.1944629127,9.2432343846,6.9788374846,9.6508431198,5.2428900422,9.2674596552,8.0080846339,3.6207904289,4.0970170593,5.3408679057,8.4098061307,9.5054915455,9.4910773274,7.6410846035,6.0208536812,7.1449356077,6.1691009859,7.8352709702,14.474038459,9.6370277609,7.8945945353,4.8752315119,5.3476280346,10.2382344964,6.0102849339,6.7850133964,7.7118603676,10.9798787519,5.7205715238,7.5361194528,3.3742422998,4.0421021292,5.9593696764,7.1296966618,2.0002499365,11.3359610567,4.6835921693,8.9527201078,8.6792179693,5.8302007715,5.2655544128,14.0328735111,7.1491642922,3.1131596974
9.2006102989,4.6209875841,7.9189332715,6.9252936917,5.2178615307,4.2464651033,9.8685986173,7.6972455879,7.898135161,7.2051558243,1.8748232653,11.7970529699,10.7279413665,9.4504547967,13.6570311601,11.1215184895,2.9894539368,3.1686232916,2.4683912872,7.179801901,5.54934485,2.1669464366,8.4183926457,7.8893594567,5.4472339784,9.1761150514,7.3345786165,4.7999077764,7.7194309508,2.0332752663,3.6940625423,5.9144929081,7.3036420253,4.581816822,1.7611214377,1.9409816371,4.0713140105,6.0075072748,7.6824911839,4.1670226621,8.0159983673,12.6993090382,3.6460302953,8.950477735,4.6918459568,11.4022350646,10.8261869562,4.6113589044,5.1396050633,4.7667682067,2.854967343,5.7984844696,7.2954013372,4.7499693457,2.0130951919,10.8779829854,4.6585588149,12.1342527964,7.1806258131,7.9617541792,8.1901834367,3.7007346381,9.9357832056,8.9621184646,5.9730097151,5.6494728715,6.7700917322,9.1226570052,8.1653476293,8.4090905706,7.1876525456,4.0584927132,7.0442323254,6.0020753414,9.4951180717,12.6797830531,9.1336794651,8.27551008,5.7130833329,5.7503737533,10.2805776917,5.0991337424,6.4906625395,7.1939625918,11.9082042615,6.5548779896,8.960432365,1.1689624354,4.9544177589,7.291088782,7.5058839238,1.4097328115,10.2890192871,5.2665496434,11.3726245784,8.8777645584,7.5082957998,4.4202031459,12.8283335971,9.5291938715,2.9564614824
9.0091430507,4.7270133603,5.5826367346,6.9590012619,3.5861156856,4.6996220146,9.708692043,7.3196131636,8.0913244565,6.8563093301,1.7292999472,9.8100079247,11.7149354314,12.1582903813,12.2399098729,9.5715237358,3.3152586712,3.6172293962,3.2335490744,6.614918238,5.0821463196,3.1829803852,9.4735407519,7.6319767668,5.2676992954,9.2953371639,8.3778778491,5.7893242694,6.1626584268,1.9495832769,3.7795653858,6.3034229054,8.8898361971,4.673818647,0.9430548622,1.085837424,3.6845015189,5.7798831802,7.3027475711,4.5810656957,9.3540531378,12.434937779,1.2851556273,9.223560779,4.1741659306,11.0800595399,9.654874357,6.5266334633,5.1499036488,3.9723696088,5.1524148943,5.1664531024,8.7756120065,4.9690727096,2.7789278464,9.1096246768,3.0192980854,10.958255481,6.7026248666,8.2178521891,6.7986474915,1.6289723257,10.7320775836,9.1721497653,6.9972158034,9.2786001495,5.5780120075,10.0361628239,6.9408609913,9.1539317767,6.1146778125,3.2338348576,6.9566909072,5.5040426468,11.0012994028,11.0182000836,8.9157294534,8.878064371,6.7229496618,6.0738891255,11.1329518684,5.574381717,6.0340503794,8.0004969111,11.7452640164,6.631855434,9.3366060693,0.7124988995,5.3220777724,9.2603854107,5.8297810005,1.9091934184,9.4717501229,5.3772496934,12.0492196559,10.1465726759,8.7116554053,3.7820555548,12.1145505197,10.0999439997,3.8609950825
8.3557219441,3.4532765882,4.3459637693,4.8729324745,2.013018246,4.9412537272,9.5762520287,7.1001102461,8.394602348,6.5263890741,1.5828103859,7.2626932136,12.6271070968,12.6294184598,12.5475578756,10.1604577639,5.2248034473,4.4411050969,3.3301682708,5.7982552928,3.5817894502,3.5820432102,9.9768132041,7.2712766545,4.3066172015,9.4678425562,8.5052882097,8.0483693534,4.9555239937,1.0790003798,4.9094066133,7.0161600551,10.8322816737,5.4900455311,1.6477854435,1.3184650401,3.3419860738,5.6152133163,8.4562397684,6.0478635387,9.7075627009,11.8082150675,0.6534665221,9.0552548431,3.5008075725,9.4835619949,8.895606939,7.2014474135,3.5667241185,3.403560653,6.6688574654,4.2144903971,10.0170289842,5.2357962591,4.155411053,8.2997574149,2.2422380064,10.2865145023,5.5529109827,6.7576748941,5.394022629,2.8191558116,9.7045671277,10.3478305053,9.1490524112,10.5378349171,5.5587305614,10.4041037136,6.4442775627,9.3789319124,4.7824565672,3.6732613892,6.7300753883,6.8959670284,11.7780527214,10.8355637125,8.3944929564,8.3761512138,7.6912188498,8.1836827912,12.4365036264,5.9792733164,7.2179327243,8.7685249457,11.2561994979,7.0264881848,10.1826973266,0.3346557832,7.0596415935,10.3601779085,6.5243375753,3.499262313,10.65977337,4.3477008555,12.4059682059,12.689228351,8.6806992762,2.1829350819,10.2663516284,8.7413747689,4.1302361903
7.0207480956,2.4443139793,4.8703985876,3.4338285933,1.7522133004,6.5841868928,9.4860150769,6.6977893582,8.9024489101,5.9566738234,3.2437088086,5.0421050017,10.88817072,11.951426642,12.0549260627,11.7498016573,6.6004612401,4.6574183143,5.2222154371,4.3022802366,3.8887661353,3.7937638249,10.2818488647,7.4677556612,4.8204843484,8.8035719513,8.6377157651,8.0632439954,3.9385755491,1.3319119125,4.6555743918,8.2078740249,11.7804932526,5.247718308,2.6338450053,3.3980393886,3.1973032289,4.6559044712,6.9712368081,6.6269234488,10.2730053533,11.492154941,0.4687100501,8.3692787264,3.251638686,10.6102736543,9.2301738747,8.8254061847,3.3871683943,3.7388072915,8.7409601517,4.2902304051,10.8328861729,4.0446014121,4.4576976972,5.3740736681,3.1466778123,10.7004574301,4.6714218162,7.252383411,4.5122323378,4.7987843662,7.7818471163,12.5470466799,9.2886692085,10.0127674528,4.8811101169,12.0466670835,5.3578684724,7.9084288074,4.0556567669,3.7142894893,7.9789709707,6.4471365693,10.7995907357,10.6657972736,8.798377996,8.9007984304,6.952566065,9.7925943178,10.6212496851,5.3708177308,8.4413070938,10.3738333821,10.9905319607,8.2222033933,10.4321364686,0.1567430629,6.6060658045,12.952451086,5.9174241847,3.558503982,11.3734066356,2.4712172636,13.2149768907,12.8895640139,10.2031648901,1.185782806,8.7406342416,7.4237965934,4.3461106686
6.0518037314,2.1655652586,6.3667594739,3.2352242027,2.4431778148,8.5081683019,9.484801979,3.3069335884,8.5502548533,7.0727228558,3.945679733,3.59120684,10.1119279554,12.2218796001,11.7056421882,11.9503400569,8.3241025782,5.2059636774,5.9010490023,4.1363481368,4.3258216106,4.3902741906,9.0038750481,6.5668373719,5.5231996129,7.241305522,7.3530847565,7.8730813954,4.4418519423,1.1426116685,6.280126654,8.9430956519,12.8863067006,6.2710826806,4.2098409799,2.7519196219,4.0893157079,5.8094796155,5.4773156936,8.9353871448,9.2209391166,11.7287961578,1.6507356755,8.091504747,2.6931089796,10.8842207127,7.3828342748,10.4917221036,2.9074825797,4.75098936,10.2791148473,3.9385190772,11.5803416523,3.2049269231,7.3847988285,3.8634631339,3.118044119,9.5065612354,4.2376992592,8.0077156381,4.4682518133,5.9748448108,7.450661449,12.8817351224,7.5996135204,7.387581009,5.1005711198,12.3415293233,6.4582124358,7.9110010324,3.6303371104,2.9326893482,8.6069260574,6.454916894,9.6172799116,9.6254284621,9.1268027349,8.7611659455,5.0863329606,11.6640714665,10.4669161987,3.235625277,7.9644460055,8.9530031783,9.9831405795,12.6527120023,10.4276714004,1.8336916379,5.813494828,14.6530543668,7.7637028863,5.9777035219,12.3398279281,1.8604915168,12.875230725,11.1354100326,11.1336710438,1.3417832487,4.8929408213,7.1529233581,4.6234168786
6.2871060562,2.8800204876,6.1911346894,4.952006291,2.3088491217,7.7810071336,9.1619003035,2.3643144184,8.6849149249,8.0536911925,3.4305346715,3.8038186716,11.0835416291,12.9495332182,12.0802409735,10.2574888092,9.3873121547,4.9817947524,6.0378481175,4.7752498422,3.9382064185,4.8549493028,9.7822291804,7.059829308,6.4348806348,7.2102871471,5.5457542555,8.2128870626,5.3093028535,1.1238579305,6.8070309757,9.7207362989,12.431752875,6.00741446,3.6027243717,1.3095328029,4.8402962595,7.1623065011,5.291389752,10.3095843728,7.4318804182,10.0712835591,2.7162128378,9.2659957497,3.9089083848,9.1198113689,5.9557253773,8.6305966296,2.3598154538,2.3940482113,10.7316319078,4.3773515556,11.9989982557,3.073669892,9.8829300072,2.6437222101,4.176802014,8.0759316091,3.4791425208,9.8006495875,4.0673144293,4.8724264778,6.0263722895,11.7653255553,7.0675926029,5.0435648973,6.1262365892,13.504508792,6.4995919473,9.2155254599,2.7012411539,3.779230541,7.0270671172,7.3204609448,9.419953285,10.1481309101,9.6354038234,7.2364643214,5.913734472,12.5902546805,9.2904333541,2.9534862071,6.583278674,9.1407224729,9.9847256243,14.4026829104,10.6471177474,3.4096910524,6.1669893923,14.6297252008,9.2329858908,8.8839580216,13.197054977,0.9929856467,12.6593395288,8.1848644869,11.7307974271,2.983124123,2.7108768112,7.2072990624,5.0485885416
7.6856939918,3.6879878448,7.7911002014,7.7696633371,2.3102082914,7.4378294467,10.8279760189,2.9280391478,7.5653931293,9.4176509696,2.8031310983,3.6583803417,12.4888373419,13.3190233805,11.6292020165,7.8847207474,10.2455462909,5.3205963487,6.7301168158,3.6986934062,4.5894053363,4.8383545825,10.021030705,5.3408406624,5.2244905611,7.3836734677,3.837928483,8.9933921474,4.715403789,1.5016381724,6.6587930356,11.2420447844,11.981014783,5.7150998885,2.6735003487,0.4882610449,6.6769952522,9.1520962205,3.2805530426,10.891508497,6.3728917429,9.0001292764,3.5840103941,9.4517766429,6.3324053149,8.8748236926,5.3539534568,7.1319631513,2.1386418606,0.4811538639,12.4279142807,5.0468486228,11.9991524485,3.8777880709,9.8992902681,3.1288108927,3.8973512336,5.8177601434,4.2831344362,8.2267990862,4.8452197655,4.8926318155,5.7566575113,8.9211267968,4.9793287294,3.3516360699,6.506503242,14.828990896,6.3383861754,10.6232727314,5.1813943384,4.0826677689,6.6354744241,7.4127671345,8.3990864864,9.7371812494,10.48842342,5.4005461676,7.3505297278,13.6728312681,9.0054315717,2.8643503319,5.7368875933,8.6958499242,9.9342972151,13.5038093003,9.4873123424,4.3899181145,5.9993983368,14.3415382369,9.780166106,9.1590890552,13.539941434,0.9552266543,11.5998889277,7.5818752332,11.1194252262,2.3648216467,2.4891908453,6.8471815884,4.1628535286
8.9517357628,4.4202467467,8.6386050168,8.4212410498,2.2786746521,7.6309015545,11.7465338568,4.2240264592,7.7932132822,10.5957971959,2.9979430128,2.3593860011,11.4432553139,11.8893538121,10.475852815,7.8271910436,10.672772877,5.3724967626,8.0474448163,4.7859995885,5.6822597713,5.6289715671,10.388807192,5.8630611951,4.6221218415,7.5632515351,2.914038476,8.8970923602,4.1636953945,3.7270839139,5.9588741054,12.0818904998,12.7189052261,5.645501857,0.7045458261,0.340557297,5.7947908623,9.7925731794,2.2432202103,9.5696712483,6.3554125982,8.2003620696,4.0740724448,9.1871237498,7.9187921689,7.2969158655,6.1675513921,6.3472148875,2.3748329438,0.7816882239,13.5464341125,5.1122456741,12.3564808774,5.4237322775,9.427966786,4.3119834031,4.3902411952,3.7723048495,5.8238995206,8.2716951228,5.4654002889,3.6136914278,3.2694329632,7.7498936031,4.0709029398,3.6470094447,6.8608622877,14.5319762357,7.6405464183,11.0501415456,7.1779839424,5.6808225636,6.2754594257,8.4403772929,6.2426842183,10.7554212504,12.4892394316,5.4176762254,7.4313129737,14.7469221819,8.5861007265,3.0420778917,7.2491804541,8.1707384502,11.5030996636,13.4588258592,9.5380023715,4.9367055442,5.0938489349,13.6206588323,8.7309246287,9.6234617788,14.1941278426,0.8940236648,12.3127092495,9.2559878556,10.2298634851,2.9215961888,1.3217056501,7.1469951104,4.6613696823
7.4431806636,6.8690566118,7.1394423821,8.0757966888,0.5234290345,8.3042337389,12.1540254779,5.2189890831,9.0582925854,10.2995929059,3.4020227569,2.291634931,11.3994689147,11.1525576968,10.496677634,7.6626093159,10.2138091683,6.1747888279,7.1043526735,5.2586791668,6.9047584535,6.2994254289,11.3464736064,6.422045855,4.8171805017,7.6132209287,2.2351060161,9.3043265016,4.7822825108,3.2716057927,6.3891742793,11.8239696631,11.5080692537,6.0065209373,1.0088102487,1.0082999086,3.7570981066,9.8424409935,3.5179672031,8.9077764467,6.8948300993,8.6669473343,4.002002225,9.0337947249,8.9227049675,6.1638530849,6.7040772801,6.201408625,2.6680013136,1.3603232484,13.6853422194,6.3192174563,12.1939150518,7.2802684227,8.6556212902,6.3251579098,3.7624537102,1.530154507,5.6274869847,8.011263735,7.4157769826,3.319360008,2.1849175541,5.8019027288,4.8084187866,4.3876995524,4.9917634042,13.6974398729,8.8146016167,10.2381410515,8.4231643377,5.1247695606,6.7044598362,6.3656841958,4.2233362338,12.4439236327,11.9762463912,5.0638891135,6.9801542583,14.5232745262,5.9074347795,3.3050187171,6.397652311,8.462596664,12.2090978582,12.6738964398,8.8174351562,5.5480901193,4.0303027969,13.7865992263,6.8522163525,8.5575467653,13.2627632598,2.4475866198,11.4421816853,11.0593890919,9.0467101234,2.928595278,1.6827287022,6.4308320483,5.0905364603
8.030025654,8.4361309942,6.2413651086,6.917093967,1.3615421949,9.043420088,12.2614960392,6.0332076193,9.3347940819,9.4842000419,3.7281115752,2.5456211341,11.8585607916,11.4571258025,10.264427091,7.6991850512,10.3495272349,5.9652368246,6.8837675122,6.3274101124,8.3388377618,7.0581165568,11.751300967,5.0838908518,5.8680542353,7.1146951835,2.4479628235,9.2259367979,5.3927259102,3.5914518162,6.711034911,12.2334994432,9.1450508014,5.1316621327,1.3437063511,1.0742910747,2.6373703323,8.3568794661,4.6987223395,9.5207219876,8.184007612,9.8651607074,4.5839740843,9.531237921,8.9823317115,5.5727913109,8.9868677264,6.5660776918,3.2809124653,2.4477983498,13.9731831847,7.1051486242,12.8257646702,8.6071593187,6.2972288183,5.7957095094,1.7904079349,1.82038783,6.551699457,6.0376401775,8.4982061615,4.8499935506,1.0159387538,5.8710536399,3.3950867555,4.5471320921,4.215568891,13.5413339248,8.493803921,8.0169102465,9.1471346618,4.0930600945,5.7458090649,5.6587982056,3.3714810651,13.7128480695,11.7124362258,4.7421387112,5.7085106532,13.693087997,3.6731777057,2.7260207246,6.8560258543,8.4504159059,12.8232793939,11.2056522341,8.0353755033,5.623322104,2.911824856,13.2291628979,7.0265342558,9.412411789,12.7048715111,3.3855438389,10.7610289706,10.2836230838,8.3712944884,3.2820520705,2.9710112476,6.2108680462,4.6462855029
7.5219675543,7.2816888634,4.7585087324,5.4741672877,3.4358417629,9.6563259148,12.2124467424,6.0514953841,8.3587252122,7.4277650888,3.312483186,3.6877400491,12.1467263636,12.4435356898,9.8509386422,8.2266836009,10.4068223077,7.1456340263,6.3896834915,5.3850817238,9.3990498947,10.1401565691,11.0497644271,3.6811660786,4.8011375864,6.9254183494,3.4934262176,7.539162925,3.8869384476,3.7286941469,6.8353396273,12.395627842,9.0476150449,5.8839148046,2.4625344832,2.5758149259,3.1456926174,6.1073628497,5.8106155272,9.3297407708,7.8612876925,9.7159318045,5.6981956556,9.6650038739,8.8140393607,5.9878217158,10.948130053,7.3033336526,4.2593716156,3.3889319874,13.2733365203,7.8343235658,12.2037310706,7.5088199928,5.5936717802,4.896231964,1.3418790823,2.2796370463,6.0249225672,6.1829584646,9.4210628473,7.2386289099,1.3025770999,5.9845940309,4.6735476429,4.0446794895,4.3682334648,13.4237397373,7.9097080136,8.8172206878,8.6674295111,3.4490415755,5.0890009456,8.2078836226,3.8007903891,14.0556381162,11.3320445732,4.987926464,5.8728026496,14.1681974371,4.3618256844,3.2436983801,6.8434172143,9.9957315908,12.1339805007,9.663752165,5.9165457126,5.3885866569,2.35296186,12.4810622164,8.5916838558,10.4935111874,12.6607430497,5.4396406401,10.2718341676,9.0264082881,7.1051477314,5.3489217007,4.6183857679,7.1170158401,4.3232193694
8.4600267254,6.9143823383,4.1478127035,5.1955021946,5.4421163025,10.9705254375,11.1182720045,5.7715304756,7.4255436862,6.6756496359,4.2814563335,5.6573630014,11.6014272628,12.8923359821,8.1611971358,8.8391237729,9.3016293338,8.8211238599,5.7185101586,4.4490127355,9.2188272086,10.854598323,10.8338827186,4.8416357045,3.5409380042,7.3731505872,5.0705211447,5.6677088953,4.7965397163,4.5792358758,6.7220600736,12.9648717345,8.1989191046,8.2968181224,1.660327755,3.1867974067,3.0550422262,5.1459394659,5.7852043339,7.4546139046,7.490210364,8.9835964408,5.6439903974,8.0461206454,9.2578147165,7.1925666211,9.8548500189,7.3885180573,6.4006469283,3.1013822371,12.3348436956,8.8830948207,12.1930111761,6.2024474459,3.9717827746,5.7925203282,1.1757622605,2.8698665985,7.4244965498,5.1345360451,9.4888660609,9.374023842,3.1673487173,5.793932446,5.7067323951,3.8864313695,3.2506478224,11.3545286582,6.0098503695,8.3895431841,7.2180399533,3.855168622,6.136494175,10.7586731915,3.8921741454,12.0047539421,11.8114742603,4.7916181108,6.8035950567,14.2316784807,4.0417312658,4.0451516137,6.3318169293,9.3485224057,12.3133818946,7.0977692652,3.776592512,6.0508955707,2.2315875791,9.9640841195,8.0273996779,12.1358096726,12.6255737554,5.3635814129,9.0908240752,8.4644737017,6.930703691,7.5890941393,5.3919094729,7.5737411737,5.3789616962
9.2025318317,6.9280691138,3.3036037199,3.4942233521,5.8441707294,12.9059863674,9.0137274657,5.3401891194,6.3081919985,8.1959834674,5.749609515,8.0137985635,10.6427469613,11.6407532313,5.2311485884,11.8767466674,7.6444681206,11.2303504786,5.6668734523,4.3047363499,9.3909179223,12.2295648265,9.8070999028,4.3685447003,2.5766841419,8.1758721074,5.9538007679,5.0353807384,4.6052046773,5.5707231985,7.576143896,12.5998464412,8.1465726989,7.8762227589,1.9218989543,4.2423567108,3.4563738114,5.3273020196,5.19945102,6.3322415702,7.2757851236,8.1461512713,5.6768543693,5.9863832215,7.3826153455,6.1143431854,9.8865089591,7.2264493355,5.4890481608,1.5552141205,11.78919885,9.3654353164,12.6437340768,4.0865987298,4.7471625329,7.5005817812,1.8805967457,1.9271351508,7.791886034,2.6470211468,8.2566838861,12.4505406264,6.631823422,6.4810628465,6.3310544438,6.0008709524,2.8948648831,10.4807962632,4.907635736,6.8643374433,4.7117736407,3.1347668067,6.7062492628,11.670762656,4.6447114233,12.1860632109,12.503488757,3.6127419407,7.1111840684,12.9150989251,3.1101881298,4.3407221671,5.7317896138,8.8158449649,12.9527015333,3.9836738812,2.895145831,6.0062407882,3.289170022,8.4797151023,8.5231316492,11.0076115329,11.9959647034,4.6182030143,8.5135842264,8.6795578868,5.6661126921,10.1727583636,5.2892193396,8.10265801,5.6494339472
9.3169035736,6.9873789708,3.287428511,2.8582962218,6.5559898966,13.8243028901,6.8715130049,5.4224505416,5.6630920842,7.3013045287,6.4896132118,9.0098865223,9.5813386045,10.2551202782,1.8994183576,11.4311147471,6.3907852008,12.4758516028,4.9312146085,4.4505867884,11.9254509126,13.1576665105,8.3115951716,4.3999111847,3.2866797813,6.8577553896,6.1956721694,5.7558216106,6.3622453276,6.2839327243,7.774260721,11.5944642847,7.8466175513,7.8554688822,3.6697361159,5.015276116,4.3670072841,6.5457911332,4.6975867392,6.4779572759,6.7035843891,6.9397359299,5.0334553214,3.9081608769,6.8929454909,3.3423151518,8.686434697,6.4037797439,5.9948899236,0.2851035477,10.3067451446,9.1505836642,13.2020456324,2.8399644155,5.469758887,8.4018552218,3.5024727719,1.8275154111,7.9992402894,5.0516596788,7.2567771569,12.8655382866,8.4307589445,6.6186980207,8.3690254506,6.9878537664,3.5690160873,11.3605741958,5.6401183934,5.907392174,4.3678236288,1.3792547307,5.8910451741,10.6411750102,5.2910615965,11.7570652783,13.6886256879,2.3138756204,5.8624988699,10.1690621215,2.7224782878,3.2450452294,7.0671688131,9.7146206861,13.2546595428,2.4307489819,2.2540949938,5.2428095491,4.6848915447,7.7018800801,7.837799687,8.9756475345,10.3270905497,4.7219307217,7.9192896131,9.0135074582,5.6719282326,9.271694178,7.3877896475,7.8738675489,5.2629189758
8.3207625583,5.5813088018,3.800150452,3.0458142947,7.1526323627,12.9587477078,3.6269041068,5.6355451231,4.3298509423,4.995176756,7.5725750388,10.6013870371,9.4465124733,7.9470014611,1.6313154655,11.2342704605,4.0817376841,12.4840091785,4.3935760492,6.139256453,10.8430481039,13.6074747676,8.79301093,3.3096322637,3.4777354224,6.9721507055,5.936170854,4.7060345157,8.1962968011,6.324156446,8.954912731,10.7698172054,9.6270073038,6.5479043002,3.8967414753,4.9232301255,6.2482018821,8.4467627672,6.3439892521,5.3388826271,7.1688403459,6.2617479261,4.0179193307,4.3515230871,6.8154711936,2.6042550885,7.7702749522,5.5005159646,5.1588342074,0.9393785438,9.033756426,8.4217105869,12.164440367,2.3608904083,5.22000139,7.7443952328,4.2467996158,1.7207226434,8.7106406558,4.7014983517,6.0026007939,13.4545074921,11.31810667,5.8233611417,10.0266588227,6.4318744764,4.4776836393,12.0872908762,6.6981813089,3.9446672669,4.1917865389,1.4086236848,6.3315950598,10.0650271197,4.5420778925,11.1499667296,14.3897657231,3.5241229201,5.2413565145,9.0309090548,4.909214343,2.8856492709,6.6348428673,10.8330386879,13.8522221976,3.1975659299,0.8449224984,3.8911116179,4.2157447317,6.4982673188,7.1002038779,9.6571873473,10.6674198821,6.4841403394,7.0171979623,8.7295114689,5.2789537279,7.0645117942,6.9831199464,9.1095048891,5.8158641317
7.1165781448,5.2264417089,5.3990019593,5.235770727,6.6901304679,12.7016154718,1.9528096554,6.6920590506,3.8978801046,3.681810829,6.8008524289,11.8614621169,10.1154162737,6.8020542895,1.8052445417,10.9378166578,3.998236513,11.4726308461,4.4139153728,6.4588458573,11.1031759271,13.7921616159,9.0304211856,3.8133088066,2.9599539129,6.3559928769,6.8424680211,4.2787715729,9.7761721034,6.8872458669,10.8060854,9.5350775583,10.1340633435,5.2828759133,5.1940149959,4.2137434414,7.5894475992,10.0079223214,6.959409567,5.799205487,7.682052244,4.9734355229,3.8355791017,5.5986766446,6.3973516808,3.860177777,6.7662509062,6.0665202096,6.0301564528,1.5159850936,6.9423571856,7.7382940404,10.0909972603,0.904923927,6.6314182554,8.6675200848,4.8484127836,2.4957961053,8.6336226511,4.8261541759,5.0028699294,13.5280853789,12.4496653597,6.6403337559,10.7597848968,5.5756269354,6.0180814286,11.2835447811,7.7892756779,4.908957582,4.959226975,1.5001560536,6.447845346,9.0380955177,4.1323926348,10.0427595572,13.9039345057,4.6417575694,6.7766695711,6.4627762267,4.8565795299,3.5143211088,7.0850400887,9.7279088686,12.3742374708,4.2230540635,0.8985585024,3.3546898645,2.424973329,4.8465892525,6.7977421852,10.7325548537,10.2612235561,6.9645612688,6.6254535119,9.5953651935,6.1313882775,5.3044871345,5.7519084357,9.5304505755,5.453837626
4.2988885989,3.9991679262,6.9742065566,6.4991433366,6.7842700994,10.2757813036,1.8948253894,6.9116054328,3.7411026376,5.3063232116,7.6859594247,12.6503377452,9.1237581984,5.7365759364,1.5360563807,10.7606619584,3.9801661381,11.2751564422,6.2733922844,6.3848531491,13.5550671442,11.7324096469,10.7834112506,5.43719218,2.9686928766,6.0482814088,6.9316026001,2.2706647587,9.5532997837,7.4048931074,11.5489526089,8.4029239683,10.6294374291,3.8222403082,4.0992527495,4.5977985188,5.9371941285,9.2181150521,7.2155735471,6.2082681924,7.9812580237,3.5477879866,5.9211111256,6.6539713374,6.4379215943,6.307683548,7.4241294557,5.3681738962,8.7689384884,3.0008275872,6.7444728407,6.6315976403,9.7559253064,1.2153584188,7.213846146,9.1753583706,5.2907086345,3.7158573668,9.377009669,5.9537400913,4.5873393058,12.5172397885,11.7258504722,8.4323748235,9.6777641297,6.7303975062,7.6858616771,11.9914826487,10.0328230775,4.204516578,5.5669719085,2.0323447529,5.0917347721,9.8340689633,2.544962882,10.4615912332,12.0059152829,5.6841226689,6.7812907971,5.1247303544,4.4929497887,3.4919968563,8.3670964411,8.0240411007,12.6427139998,4.8310143094,1.4728798555,2.5208631673,2.6398538358,3.8726510075,7.8242957545,10.779474324,9.498288079,6.5214665605,6.3529146338,9.8744347299,5.4875629996,5.3954008936,4.2966145973,9.8290670048,6.3907478843
3.9649416425,4.5619646383,9.3124131305,7.8377104814,6.2776295132,7.1155357715,1.5476590975,6.209626056,3.1816517447,5.1385109749,7.0837772124,12.2590188726,9.2720534773,6.5459342909,1.5140052079,9.6100585997,1.5912338652,10.6927613599,7.8822776975,5.5851299417,11.8583100667,9.7508281051,11.5064355823,5.4654182859,2.4374207923,7.2390540587,8.6288767587,1.1667508418,11.418128838,8.35853183,12.9708096721,7.953838176,12.0969227188,3.3327606042,3.2800637009,6.2210672203,4.4067189329,7.3025933022,6.8363738135,7.0021824804,6.7042065329,2.3521235016,7.1440705113,8.1861114188,6.1528323614,7.6788845089,7.3227594372,6.3323232578,9.3847762101,4.5354064142,6.968951899,5.3552693116,8.5710361096,2.2801265674,6.1966180267,10.6791439532,6.3557971404,5.8562402938,8.9859143143,7.5254566227,4.7994485953,10.7495412686,10.8641031917,8.934065335,10.0984836308,7.8186179502,6.6169060515,12.035322254,10.0638886204,6.5645159888,7.2183842002,1.6900037887,4.250250664,8.3366618467,1.9512647977,11.7148296998,11.7108959114,6.7467367276,7.1249946284,4.9274314177,4.1302714152,3.9577910186,7.6860678094,6.7179043882,12.1012467367,3.8844590206,2.3661480087,0.9739459022,2.5075268119,2.7944284053,6.7147021359,8.5263227497,8.8581631387,6.1069811097,4.8206656148,8.7926167367,3.1973615354,6.1603865918,3.8199005441,9.8921358974,6.0824353491
2.7486200671,5.1547333534,10.6542990515,9.0658599836,7.6016594751,5.2560984339,0.721542887,5.9113721116,3.4879571097,5.7205064804,4.7650068981,12.377595726,9.097878796,7.131930945,1.1056730258,8.6079953421,1.7756318437,9.3201040504,8.7630252479,5.7262301327,11.3384017471,8.3966993144,10.715532521,4.9348532146,1.1567951368,9.016965722,8.4386702372,0.8235097007,12.1924045376,6.9411035363,12.6143574727,6.9833398954,10.8804094048,2.3244157705,3.6192871261,6.2957073257,4.2445148909,6.290257477,5.1411256378,8.8458252875,5.2241855012,0.5080314261,7.8217345214,9.2207901991,6.6331659869,8.3556302243,6.9458061963,5.7583980058,10.8366127092,5.170898846,7.3705406674,4.7819524851,7.030758291,3.0016203597,6.3486186582,10.5538873643,8.3681143117,6.4890525837,9.1196685901,8.5065619494,5.5953865947,8.9490049319,10.1065378745,7.002974454,9.5161848894,7.7110972791,7.1988281797,9.8133278602,8.8185054633,8.2138198795,7.151992937,0.3083808236,2.4368660576,7.6888036869,3.0549038519,10.7067604982,13.010341505,8.3505346801,6.6684501099,3.9268378558,2.3413026616,4.3940924336,9.4432203094,6.6196229753,12.4457189225,3.3426886753,5.1577830625,0.1477476319,4.2506586753,2.2905475783,6.1287838162,6.95989679,10.238760365,7.2547367107,4.7228708427,10.024383457,2.9831533141,6.9858566662,4.7551450287,9.7622922311,5.5010116514
2.5016696481,5.2933701825,11.9123284606,9.459411995,9.4067947025,3.0984514421,1.798952293,5.5447531737,3.9858580321,6.7478868171,5.2697852406,11.1082974216,8.7508159791,7.1221370741,0.5223404204,9.4799926816,3.3842674288,11.6673856538,9.741701123,6.5523820805,12.5520768191,8.5592876547,9.9616552376,4.7734483446,0.7228990118,9.8381167194,8.6063812467,1.0895007565,13.5135715673,6.3725192882,10.8535629046,5.6290736213,9.3503507494,2.7502836806,3.0084261934,6.5761499086,4.5339127661,5.955013252,4.5161714705,8.9787639073,5.2304103603,0.5786883324,7.2731542985,9.5366595759,6.725580828,8.1317623224,6.2989014774,4.181524027,9.4102411573,5.321625687,6.2555897028,6.4767269971,6.4028116401,2.4147123519,6.335802027,10.6491260433,9.4408850755,8.0988052006,8.7148209106,8.3610776985,6.8765700326,7.9969816709,8.8062110787,7.6457711441,7.6751587735,8.775276087,9.2203995237,9.3317117604,7.7727907728,8.8996444281,7.4425631552,1.4694930201,2.600340989,8.1037825961,2.6394846133,9.456809273,13.4115189687,10.6983820424,6.5899326154,2.6254580843,1.7056238739,4.3528075965,10.0900888841,6.0077836135,13.096934939,3.2165406232,7.2497020867,2.355334575,6.1941205852,0.497129136,5.4349731879,6.3425440156,11.8409505189,8.3854833931,5.2291895862,11.1436288283,3.2349817523,6.7373739884,4.2630870633,7.0702257002,6.8945614933
2.2366824943,5.895990646,11.154785945,9.7943338244,10.9396924423,1.0310164034,2.7411204615,4.2694372579,4.4438430196,7.5567385917,5.369025772,12.2613111884,9.697715586,7.2608938009,2.3785908099,8.8494611966,5.2670524079,12.0910165174,8.7911903469,6.5814865497,11.9675873153,7.7908550747,12.3336399071,4.2190027768,0.6843431711,10.1964310929,8.266334659,0.7674778746,12.7077845642,7.6609268425,10.0530689824,5.8103246269,8.4543162217,3.8313849493,3.4231120899,5.6878645936,3.1314006913,5.9637036087,4.0568512111,10.0482287283,4.1554920554,0.7649951799,7.2421917928,9.8904062638,6.216739445,7.2198728848,7.1989725416,3.7893611847,6.7614082574,3.713399878,5.2974855719,8.4027684581,4.7410550067,1.7363975786,6.2892554744,10.4226116279,9.6195739403,10.1145987793,8.2064755564,8.1798918703,8.3412298449,7.3190991245,7.523395208,8.2947344702,7.7864064061,11.227516857,11.0277056471,7.7605064835,6.8269274191,8.7245309502,8.3685563045,3.4631212405,2.5227616862,8.5303348308,3.4263426982,9.1642908856,13.9638787731,11.7629306236,8.1079562324,1.6622858375,2.3799956599,4.079915829,8.9831948136,6.2619972773,13.8259511277,1.3489249504,9.6322240176,3.0108387437,7.1809957136,0.6714338135,5.7935374312,5.0098773489,12.2329048439,9.7562213017,3.6067883266,10.9629473953,3.5006756921,5.6994898965,4.0722292151,6.3165237685,6.9338310595
2.4951658714,6.5234464368,10.1644762935,10.6593058526,11.7090307702,0.974161462,3.0726242995,3.4016922725,3.7707963509,7.2139310174,5.2479491994,14.5481509666,11.4585654079,6.933978285,2.8342804445,7.8011171312,6.1602965703,11.8587979439,7.6386232421,5.4972075656,11.8223516963,7.4444788894,10.9736339328,5.9717434703,1.5458386667,9.3174117383,7.2935411562,1.5358792437,11.7678452034,6.9582843143,10.088927477,4.9758967883,7.6303219713,4.707045875,4.0481885509,4.2070895188,3.0455490477,4.4992189786,3.9962725458,10.4532799925,2.5596736399,1.5766646066,8.1593551664,8.924298364,5.8866426487,5.9458915369,9.5593399751,3.4824716168,4.7078586975,3.8081951582,4.316560942,8.127805632,4.954549267,1.2858088048,7.184460945,9.4011762565,7.1344495587,11.7004485294,8.4038901467,7.5582805019,9.5732195782,7.7585188219,8.1860498701,8.916128275,8.5384736727,12.1394073443,11.5465372933,6.1720243652,6.2447749367,7.5672657807,10.1500370894,4.3519818771,4.2358116036,8.1553390665,4.2012832994,9.1125330817,12.0150355063,11.519388955,8.7254887247,1.2908543629,3.5980889551,3.022373554,8.9594761414,6.8280085629,14.6452684276,0.379102434,9.5781559115,3.1952600699,7.6310134596,0.1086715357,2.9995040339,4.1109687463,13.395495726,10.7911597079,2.5023264645,10.9569521909,3.8019205852,5.2212021943,4.7167893716,6.1828457917,7.0310334363
1.2636129602,6.9016389412,10.1258646738,11.0236715962,10.9722019351,1.2997087306,5.2131076099,2.7433685823,5.3427979369,8.4331750251,6.8096059619,13.8162900432,11.7713224261,6.6763400392,2.9649188067,7.5361951355,5.5660654243,11.7363570187,6.864607134,5.6794522681,10.1895549973,6.1220432458,9.3070453383,8.2928267995,1.6652013733,8.3315133122,6.4520379798,1.7184437209,9.1054829216,7.8860729261,9.8763652456,5.1170027946,6.6800271563,4.2855037066,3.0585431302,5.2905440639,1.5212523112,2.6375658282,5.293402918,9.3799430094,3.1174313088,2.7785986156,9.3318554263,9.1292664377,6.2408638165,5.5369939892,9.4289075692,4.6682252726,3.3634894396,4.0511219667,4.7546056567,8.9551268033,4.7399876532,3.0983589894,5.6717691833,8.433024325,5.7825330343,12.1966552444,8.8505339152,6.8629735001,9.9146887741,6.4156225218,7.3527454915,8.3386348108,9.3457427117,12.0444120098,11.3263535469,5.4508644318,7.4052866474,6.4064833898,10.8971287641,2.9100409631,4.8803171065,6.8385879706,4.776910327,7.0401966978,10.2851195973,10.4647976966,10.6155917885,2.634288834,4.8116351905,3.6149879626,9.066424224,7.6768040851,14.7164665285,0.9964373163,9.6943353017,3.4795165313,6.7253633538,3.373602369,3.297891175,5.6893258198,13.7904170802,11.7828975035,1.7319258698,11.7013811921,3.0390533627,4.4690972492,3.7402214442,6.0358656284,6.8559271554
1.4729151069,7.2404611991,10.42158198,11.5042352804,10.4928933326,1.9917911713,6.4876950318,2.1825925304,5.6556187802,8.1973557014,8.2121350766,12.3911415867,11.3847868612,7.6138745008,2.0737759166,6.3588908145,5.833035803,8.7701190935,5.8436896291,6.9385512677,7.6533634165,5.8419120726,9.0226671831,9.7869178828,1.5085807692,7.2709795508,7.1888306494,0.956924617,8.0342259458,9.8544314635,7.2035057904,5.5536889833,5.2062413343,3.3295099888,2.6369814415,5.0566358337,1.5989071713,2.5898859235,5.8462317098,9.5739767781,4.0407664431,3.6254489244,8.4226334377,9.3851099182,5.7063872592,6.2510211168,8.7443006391,5.3943949344,2.1696482714,6.4599120826,4.1820733516,9.8137392872,7.6202265559,3.2510905708,4.3791416703,7.5922698024,5.4859010153,11.6535994625,7.4660014693,6.6202753186,9.0891890394,5.0404046593,8.4409152754,8.3991610977,9.7779225038,11.2201331594,11.4537506601,4.8148812867,6.2582688754,4.7866167175,10.8484635307,1.4799025861,6.1286548548,5.9717080987,4.8160303489,7.1743638665,9.2923704253,8.8076181563,11.5620320066,2.0681579138,5.9050346184,4.4956678273,7.2927554517,9.4455284425,14.7866367068,3.5559861322,10.6496470752,5.0502221875,6.2469777417,6.2076106663,3.716858652,9.0009589296,12.7506976311,12.2234359668,1.9696598418,12.0739481455,3.8725173105,2.5610761192,3.673608604,6.1159963156,6.186299238
2.1816576173,7.4942607737,9.7979936772,11.493710265,8.4219753197,1.5164261975,8.1953115794,1.0238340436,5.0476772996,8.1172133375,7.8179650232,11.4926407932,11.0475466713,9.003779899,2.9100280773,5.8229153047,5.3455078995,6.9064675274,4.1890437093,6.7349223562,5.9301623019,6.7481165957,7.1887027304,10.2639256099,1.8085458168,6.6380393763,7.4020509588,1.2158710246,8.7146585548,10.9868427323,4.8442084553,6.70386605,6.5870520674,3.4932403565,3.0061757942,7.4799454459,2.6221451691,3.4766098276,7.682371396,7.8716121946,6.0731257956,3.5353215401,8.1681982739,9.5529988806,4.6918035057,5.5272712361,7.038844356,4.5474507703,3.9249286843,7.3833176646,3.2524768332,9.3845831942,8.460187893,2.8075983549,3.4089528226,8.1579995592,7.3757901831,11.3226062154,6.3728665563,5.2837094621,7.8000154785,4.4496759435,9.3720442172,8.0156960768,10.5588151079,9.9651219828,8.9256724671,4.6274271567,4.9235441861,2.9870446201,12.3920290093,2.2889933187,5.1473249002,3.584575313,4.5670732024,7.0376111121,8.1041837136,7.6482235444,10.9966254844,3.7750853213,6.8326862077,5.5137398556,5.1156165888,9.6742893133,12.5744938547,3.7292808995,9.6706736416,6.6259833123,6.4899080582,7.334560426,4.3831076191,10.9397241207,12.9535282622,11.5439511133,3.4999075523,11.2563095478,5.0683799511,0.6519675678,3.8482879715,7.3993907281,6.8370920568
5.1530748991,7.1644171548,9.4226178401,10.9119041375,8.1681063269,1.1909137028,8.3285641543,2.1312284093,3.8050866214,7.4942903975,7.9319867099,10.906894538,12.6634098546,8.5115132846,3.2128541889,5.2334051988,3.6234726175,5.8677805629,2.6785638736,6.2359954406,6.2810003841,5.2443613365,7.4796622516,10.9070878198,2.9368391723,7.6633754898,5.9406071551,1.5829067637,7.1337928713,11.4656771773,4.5202992673,7.6310601853,7.8760540889,2.8443586398,3.7333115555,8.1730133356,4.3736639138,3.9584338254,8.0118084629,7.7404934668,7.7072752846,3.5968235687,6.8333716781,11.5570009721,3.6116322195,3.3592415985,6.8118827224,3.4956689845,3.7141577291,7.0454073302,3.6764445075,9.4674080157,9.8608086904,2.7893968801,1.3865493035,8.3648715417,8.739884742,11.7823120825,7.3101493638,4.8019956985,6.7704250342,4.1973016216,8.7658814066,7.7668868038,10.2245454797,8.718112492,5.6991792072,5.2431935135,4.8126061793,2.4713335145,14.2467754082,3.0341919283,5.9202386478,3.1771035172,3.5906129132,6.5834669626,6.998320426,5.0990075295,10.8098556845,4.4449203441,8.5020827164,6.1258531382,4.4677790275,8.8863338236,9.7654884107,4.5169039294,6.8861290086,5.4505203396,5.4812537869,6.7678654987,2.9972498664,10.6380741295,13.2424921401,11.2017277139,2.9652761014,11.1398766929,6.5815309048,1.6763340614,5.3890475869,8.2371030675,7.9507352145
8.8741777982,7.6756764583,8.3847600608,8.1104083464,7.1522645903,1.7445365537,9.3733252389,3.1813620697,5.3099997918,7.3597587305,8.7271407587,10.1555035514,14.691722995,7.7277688157,5.0417310997,4.4294485256,5.401948567,6.1736235848,1.2333694124,5.5952752142,4.369554295,6.093338523,7.1433346715,11.1141631592,4.2528427367,9.5897265107,4.7941141792,1.6562555834,5.1803554867,11.7170571042,3.531315072,7.0234276058,8.1118560441,2.6582896604,5.7877868096,8.3870293495,5.3173435345,6.4775406918,6.972930275,7.4767225446,9.6842450954,3.6459849998,7.0987787916,12.3465950338,3.4960990881,2.9331895614,5.7008187201,2.6707758875,4.9202783849,7.031786273,5.5587129089,8.3331709592,11.68330547,3.6653089023,1.4329234315,6.5244583367,8.2036166142,10.3472008207,8.0972750672,5.3217791325,5.3705535532,4.5487896764,7.5176568328,7.6005390176,10.0842687867,8.0812682573,3.9628596725,5.4914454493,6.2563800946,2.4815906759,13.7243864565,3.2545261159,6.4906568682,3.41680806,2.2565257458,4.6910002308,6.1444568208,5.0530424105,9.8756693877,5.3281577528,10.2846950072,6.6788750409,5.0088367973,9.0210564184,6.5985684077,4.6734579658,5.2791253346,5.2495887461,5.1141650492,7.430726117,2.023937236,9.8038403839,13.6902337967,9.6172474607,4.2936570425,11.3846959608,8.2937953459,1.4903097497,5.6289110829,6.3802807342,8.0832033257
11.8759582167,8.4528546092,6.382801324,5.5687826204,7.1972846308,4.2561898487,9.2985695571,4.4052485291,7.5874879294,5.640276973,8.4801217981,9.1178036654,14.3702091246,7.0052029375,6.4610935001,3.8276555541,5.1543998349,6.1007398013,0.4552678735,5.3176763402,2.6886599012,7.0858284701,6.7323009725,11.078822547,5.4673954044,9.2131561049,5.6761003594,2.848823259,5.0082096845,12.1633991274,2.5595917615,7.8600203101,8.0907780718,0.9988993434,5.7846111135,6.6862858543,6.5304154745,8.0125501408,4.3434891306,8.0809702155,10.5248421706,1.7852584037,8.2135498177,12.0311355774,4.8902652371,1.0615231862,4.7923584313,3.7471775133,4.6389037242,7.3832907314,6.0213968224,7.0381970599,12.6717809382,2.8750964285,2.1134855372,3.7720225326,7.1695930719,10.4770319617,8.7183101197,7.5498861222,4.6819640121,4.9958670364,6.2879683819,8.3857412309,9.8551214976,7.762862389,3.0090122903,5.6521255079,7.26419819,2.8440686848,13.4843273385,4.4596760249,5.9184494608,4.0641858029,2.1967782174,2.3407166845,5.0756899398,5.231713352,10.061248552,7.3683411006,10.7716763356,7.4049920858,6.1006185767,9.5207375141,5.5054791613,5.7440114372,4.0039183813,5.26544984,4.5724194633,7.9673627233,0.6037215199,7.9687931012,11.723666798,9.5356103459,4.7298465866,11.3347894536,9.2536218942,2.4472031853,5.2121654947,5.4777582182,8.3188070919
13.5209740732,7.2774413834,6.7418649563,4.1945608316,7.7881587387,6.116801829,9.5055777002,4.7990692091,7.8340214771,6.01572452,9.7494067521,9.5118558594,14.9825334716,8.0263674187,7.2753555098,3.57558138,5.7615271318,4.6231030124,1.2117943709,6.5136894634,1.0771279048,6.6598311427,5.6047809561,9.7474881391,8.306628995,8.9235623527,5.6609840286,4.8001797256,6.6756901745,11.8993241154,4.1078031203,9.2578163571,8.8920071881,0.4896970717,5.8854932308,5.0569002975,6.8125011845,9.4868469395,3.4999002922,7.3231175407,11.8396861171,0.5574654909,7.6943297275,10.4451979545,6.2863867995,0.3338616266,3.1363638741,4.1550233289,4.4515501628,7.6716396198,6.7791028927,6.5416019663,13.1607190163,2.1905811338,2.7582198587,1.2826134514,7.0270834987,10.4579335758,10.1214831982,8.7967053327,4.9110910948,3.7275058435,5.5765108239,8.8863210189,9.2878291792,8.1699538177,2.0838967154,4.4699447956,9.7963133765,4.4677973626,12.4933290789,5.4298194648,4.1312828705,4.4409110849,2.5223753048,1.3370772203,4.6983125438,4.1655262347,11.2530891518,8.1589037471,12.3214311011,7.4840663003,6.3651540679,10.3227318502,4.2042202257,5.5435565396,4.1255713795,6.4216368551,4.563607051,10.3153677847,0.9092831272,7.0641532906,10.8375841512,8.8972802982,6.8557618975,12.5358590957,10.378154533,3.7385201118,3.4132220785,3.717613414,7.7973819948
12.8463068875,6.9687439039,7.8878332571,4.1838849763,6.9203795597,6.9471567162,9.425697017,5.8005767604,7.1224805681,6.5933410578,9.6997490842,8.3910154176,14.5818532436,8.5299518412,7.6135065287,5.6797909987,6.5400932735,4.0207714384,2.5280357152,5.8371819304,0.2091282265,6.9616829322,8.4493251091,9.6025504462,8.6138645412,9.8294536899,5.4557561285,6.057549617,8.6300831543,11.815099528,5.9002034881,10.0229278921,6.4093182562,1.2543694691,6.4660957959,2.642431756,7.9036965465,11.2023025727,3.3947694001,7.2429996268,12.0282397421,1.5379263805,6.7239214869,10.6846825259,4.4999679255,0.7561019209,2.2522805761,5.9340968735,4.0021149614,7.0542729497,6.3807075959,6.1939254273,12.2386675843,3.5685519646,1.5160684947,1.2717174848,7.4255745779,9.9469382311,9.2477633744,10.6489535763,5.4609094505,2.7995395041,5.339257596,8.9996979847,8.7527436695,7.7655267061,1.2890950223,3.7934335194,9.5116740765,5.4251695268,10.1963495396,7.3126522926,3.1924585673,4.8955802961,1.7257360502,2.0642399302,3.9421737541,3.6383547591,12.2656806047,6.7872480006,12.385872921,8.0799385563,6.0507144356,9.6181548302,2.3776489459,5.042814191,5.7039712247,5.5507657283,5.6702108808,11.4371829811,1.1194240057,6.7230146548,8.8745595506,9.0175268379,8.1371651853,13.2528862298,11.5502288947,6.2267987649,4.9179595446,1.261534856,8.2982793637
11.7047301135,8.8439086162,7.2863129944,4.8544538146,6.5044468877,6.3100155352,8.486083538,5.4478805198,7.1748833255,5.451928528,9.5862728909,8.1302133917,13.0823406789,8.6513890658,8.1584164856,6.053157138,6.847976013,4.2189929592,5.0969758339,3.7429387907,1.0665904762,6.9045030628,8.6928857515,10.8190062558,7.8165209904,10.6621271555,5.7171278086,7.8873373298,9.8950200124,11.4097937924,9.6282377558,8.3572285376,4.935813467,3.9450311099,8.5272770595,2.1943961667,8.5556714275,11.2418242509,3.8788620568,6.7401598887,14.2446617931,1.1771283482,6.6965157789,11.1007291098,3.9764595975,1.0141668103,1.4580853278,6.6891055729,4.4229492001,5.9191678463,6.4038448023,6.2899491154,10.2499657853,3.3506191102,0.1690648707,1.1343507799,7.9747456982,9.3401059141,10.3074987646,11.4275388375,5.053073255,2.8218051926,5.8257937112,8.7909871496,10.1603340487,8.6089323446,2.2242817209,2.6317478562,8.1323192205,7.4452887248,8.9432635775,8.6950691002,2.4519357689,4.4220431987,1.2716516187,2.46669839,4.2745147912,2.4159252236,11.5410746372,6.9226937453,12.7970777085,7.8000854986,6.1808919828,8.8463312614,1.7025125877,5.2709534936,6.5767354713,3.9991042969,7.3466021378,10.2744612227,1.8150570836,5.2006045462,8.2580805196,8.2053211068,8.5742760769,11.7182962515,12.3821362509,8.4622019343,4.1088498605,1.0049033294,10.6096459084
9.4524016417,10.1153923642,6.2755434972,6.0152636635,6.4098143918,4.4969481993,7.9614522175,5.7655566017,8.3243814035,5.7932639304,8.3964153381,7.5642965353,10.7486880429,8.7620670321,9.4981326219,5.0901520432,7.6984707964,4.0549042762,6.9688155815,1.5409959317,0.1588717914,6.0132549572,8.5062018936,10.5891982353,7.286832447,10.4129079741,5.0544718408,7.987417447,11.5119251919,11.9105484569,12.3403936046,6.9499636392,3.7178914796,5.3564690404,7.9172773819,3.5174743296,9.6346720073,9.4853584039,3.9467570757,7.5250044895,12.3118727584,1.7997225808,6.6041965495,11.5126746989,4.4545601951,1.5501504825,2.8169007643,9.0279921641,3.967185107,4.8842917735,4.6912030553,5.2840505041,8.0024513535,4.800552377,0.5223995252,2.2541537678,7.510886259,8.3007363927,9.5843264668,11.8822961108,6.2389219112,3.7911074177,4.7513001546,10.3106892556,11.3684848649,7.9522538701,2.464032059,3.6664297168,7.603131281,8.4293025649,6.7450858853,9.1761876425,4.0645130169,5.1759792406,2.6791556765,2.4264625864,5.6468405355,1.5852357229,11.7847273668,6.3925565377,12.3937374518,8.4313784182,6.7420702177,9.5655443463,2.9344976441,5.4755330431,7.2150247058,2.5630410158,4.8711252064,10.1263260441,3.1842382255,4.9422676956,6.5749247711,6.9688280915,8.5891845388,12.4209728963,11.6023513253,9.2615759964,3.5764487826,2.0858867374,11.1587568776
8.7270961655,10.2511148047,6.4650890338,6.8941326968,4.6720012525,4.8317136367,5.9674154313,5.0736566577,8.640422526,6.5895747443,7.9405300783,7.4502795177,7.0205231071,9.3964078771,10.8908909895,3.165516775,8.9290546904,4.9794610011,7.9280434572,1.9487005818,1.0064274852,4.0409938693,7.286334443,9.9794956783,7.1464643324,11.2638584552,5.0370506975,7.7195883528,12.5019420351,12.8136386045,13.1145432217,6.2474642902,4.0137421952,6.2766476478,7.2138994428,2.7579573883,10.5337747792,7.2643169242,4.6544199287,7.2918507881,10.836051218,2.7595987065,5.7504977784,10.7033156764,6.6411176711,0.3442525728,3.9597797837,10.9381189805,5.06817332,4.6150187389,1.8645470979,6.0179521386,6.3566617824,5.4250100537,0.1799389604,3.7148720222,6.6015651855,9.7499430104,8.1048681116,12.9891250845,5.8675266975,5.5719967663,3.158316026,10.7091038906,11.7665846547,8.9881657412,1.8053926971,5.3536954265,8.7380292901,8.5458563547,5.5647785955,9.1255859754,5.8425512184,6.0600484082,4.6301862064,1.2643378717,5.6413062481,2.0557475185,13.0133080571,5.1544607571,12.2590662012,7.9652654017,7.0522560479,8.9612948139,4.2911798802,6.473636699,8.2942373058,2.4458792154,3.5889886714,9.7835378759,5.1479257023,5.5315719486,5.4496679852,5.2288834948,8.3923441655,12.4848687657,10.5385535123,10.5638872308,2.2445235379,3.6063829732,12.6051680446
7.2356696172,10.5441166179,6.4628822867,6.4678073169,4.1947038297,4.060467422,5.3435027338,4.8384898798,8.8712663993,6.3134646206,8.2537446046,7.095344366,6.05329727,9.9717685719,12.8673678117,3.1455095501,8.9735641605,5.4003652132,7.6901998094,2.1139544243,2.7662586553,1.3505146851,7.1903120215,11.0623121326,7.382897214,10.005483697,5.663173156,8.6785034571,12.7903549973,13.3022511633,12.9833768537,6.9869952652,4.8872056595,6.7700255643,5.1192562297,3.3183713216,8.854918579,5.5847986469,5.9126397421,6.800096936,9.6517086886,4.0528154156,4.3847975058,10.0295523259,9.6918408441,0.4960427262,4.400029883,11.6588583708,7.946841012,5.3954160002,0.7403839736,6.5412604731,3.488880016,7.2011994563,1.3382300353,5.4160603464,4.6240661763,9.2810518146,7.9601192184,17.3827649014146,5.3737572963,5.6899223127,1.3001340178,9.8933821814,10.1609901224,8.8613058633,2.6385890685,8.1955234302,9.6133296041,8.4702596548,6.0918053567,8.7734996941,6.3527153987,6.4836742441,5.9032940129,2.7298930539,7.1143265911,3.6537303624,15.0441043138146,3.5686768563,11.0250890649,7.5128371565,7.1025283186,8.7496379497,6.0301485201,7.1202803379,7.9074172135,2.7882212976,3.9987430815,9.4037964267,5.6816032974,4.9543443177,4.956491703,4.9718257847,7.7339145073,15.5892831993146,14.5025365188146,9.7681395004,1.582079915,6.1995875247,15.9479976731146
7.4572806735,10.4020647807,7.9022561028,7.0386550388,4.8094601214,2.5533762871,4.5621693826,5.1388353116,6.83199877,7.3814451271,8.3863027124,7.2414740065,5.2295258412,10.8861629109,12.9560440944,2.3255523829,9.1028970354,6.1272442488,6.1674007727,2.339733849,5.2213682987,0.5906907533,6.534717822,12.6866710878,5.8822147,10.2484903536,6.4636198009,9.0801014522,13.8948478191,12.9360009074,12.4482483689,8.5122569022,5.2122383088,6.3274595324,6.3004604251,5.4442423829,8.955851044,5.3095624338,8.6431247616,6.3481730028,8.521651342,5.7333714279,1.4910037936,8.9877330846,10.6253405404,0.5173440626,5.001383667,10.8296487303,9.1854814431,5.9577915828,1.3997940208,6.4254620235,3.3677427507,7.321603993,3.0945896606,5.7687126542,3.6681109773,8.48141997,8.1750286096,17.5080563156146,5.204418734,6.5621480906,2.249044733,8.7152175601,7.7823138823,9.7716162894,3.2684840274,8.6972570746,7.5546486322,8.3868026034,6.4646619055,7.7603985629,5.0095316222,7.3944642089,6.6716324426,2.9108651432,9.2784952495,5.5248951088,10.9397610743,2.121033724,9.5826208137,7.2161269948,8.3985109828,8.829129241,9.4289483081,8.1119706894,4.9707791681,2.4086903086,3.7322787087,10.4660129781,7.4221462656,5.791602241,5.3353138746,4.8231180086,8.8110891803,14.7514974208146,14.3321901302146,8.5753554346,1.9736793227,7.512050932,14.4609961606146
7.2966151415,9.1041832615,8.1134970341,7.9037843916,5.0256353141,3.1478863031,4.9362111605,6.1833913824,6.6531742233,8.088710861,8.034952176,8.7256751542,6.0046539718,9.0815321998,13.1048933504,2.0892519103,10.671228601,6.916231285,5.7710464225,0.9868099245,5.897955266,1.3444152462,5.0185490014,12.8134637334,5.8225718777,9.2294478809,7.3511353082,6.5046774493,12.571981925,10.9185697975,11.5127344439,8.4694895824,5.5285945528,7.2212804946,6.1389463994,6.2381820082,9.175783382,6.0786683976,9.185282061,5.9362362432,7.4006144177,6.7216025568,0.8376557924,7.8985468655,10.9949931909,0.5465284589,6.4480851721,10.0775304893,9.8169133331,6.525341735,4.4261882974,6.3955220068,2.5981091658,7.7542130057,4.7243842754,7.264891458,2.2974317047,7.6686973888,7.7560930465,17.5205987424146,3.8553188449,7.3974905595,3.1482186662,8.756059517,6.5775347655,8.3450141533,4.158167636,9.3752481831,5.5811732786,6.1884289679,7.3093973211,8.5980571647,4.5015963286,8.5174716174,7.1820492519,5.428975581,9.8200886644,4.5275806743,14.1578511109146,2.2089276908,7.5300443426,8.7125664098,8.4788397438,6.9892790303,10.6289623162,8.7166750087,3.5634057803,2.8880153892,4.7214984193,10.2834886724,8.686919973,5.3672371877,5.6144219017,5.5134515691,9.3407667255,14.6337883996146,14.6201021488146,7.6644955026,1.0283297377,6.2608955978,9.5591605804
8.4074029549,10.383268684,6.859556127,8.1293785716,4.7125667617,3.3764480352,5.9606966551,5.0965415461,5.2381023995,6.1800805649,9.0029295452,8.974745914,7.5894736707,7.9033627816,11.1237886188,3.2045211919,11.1550435734,7.3229474275,6.536640116,0.8133888836,7.1414523219,2.3058238756,3.4209601294,12.1278866322,6.6585765116,8.4941237975,6.9728853997,5.0458382529,11.8976443725,10.4017420097,9.5929051461,9.9977970858,5.8701077373,8.1932499484,6.1082028264,6.1536459962,9.1401728267,6.8162170366,10.1463602363,6.0355419849,5.7461845012,6.466724556,0.3095993691,8.2847256511,10.8521347721,3.1716684267,7.3363878193,10.2666376245,10.1745690353,7.5843883312,5.1999136088,6.5186775885,2.587520237,8.280025365,4.4980311878,8.4716605657,2.2687239984,7.7106484862,6.1673727446,16.4342385721146,3.0281513821,7.0620335853,4.1101683711,8.9640806363,4.907614709,6.9004052893,5.704074987,9.1107454772,4.6740100457,6.6138344954,8.8148823316,8.6317466218,3.7895561762,10.1838740515,7.1445672496,9.1416341233,9.2992590318,3.365461746,15.4680695339146,2.0115421496,7.2674218308,8.5689807193,8.0291177428,6.5700660014,10.4958089849,9.4789740129,3.4059138365,4.5758998151,5.390503846,10.5071786344,9.4655890658,3.9411053054,6.1838793529,6.478886631,7.9279054259,11.5576585608,14.4791638874146,8.1778424585,0.9456015591,4.7902664521,7.2673481126
7.6348599816,12.4216989582,5.7468172678,9.2039071624,3.8068773784,4.6875894257,5.7555219227,4.2071334547,5.1928597686,5.317980902,10.578519077,9.9816939988,8.3104638881,7.0912079978,10.034493725,3.5095381614,10.187853967,7.3739393625,6.8836328944,0.9361850411,7.8495594349,2.8793847232,3.0536004226,11.6090612663,5.5281258386,8.0894105917,7.6703753213,3.01237442,11.6576907657,10.6510884975,9.510073777,10.7386274174,5.18728146,9.1170753649,5.5117393869,6.5192744883,8.5614231665,7.3492765557,10.388882551,5.6938670668,5.326564936,6.1883777743,2.1639392514,9.0347500909,9.2881181942,3.5066724554,6.5663388631,12.4652776903,9.3503860419,7.4429993613,5.6322247511,7.0486740636,3.1774730148,8.858774533,4.143405159,8.7682806756,2.7793822984,7.9751484115,5.1444215096,15.8714448679146,2.8166832728,8.1262087609,5.4631774368,9.6607380987,3.994754173,6.6557465871,6.7424552899,9.3818932957,3.3406205854,5.680946522,9.6167372746,8.3404304977,5.7123759557,14.2557918478146,5.886045552,9.4561518679,9.0440230254,2.4555745269,15.2880994629146,2.4103468845,6.2540223188,9.0053725749,7.3565953275,5.2031494532,10.1327574469,8.8673368328,4.6203673837,7.144572473,5.8968459148,15.8489672223146,10.4997693209,3.5096816202,6.6867732892,7.1304548221,5.4712354034,14.7983141072146,14.7869663699146,9.7070166173,1.360959501,5.9723282229,7.024905545
9.3042255867,12.4812341608,5.0081707263,8.5477933432,3.1457817786,5.1887034504,6.2180588618,5.4642214023,3.9073818669,3.9200984879,9.6833547905,9.7226187565,9.7974590491,5.6703295916,7.8915963689,2.7240300186,8.882046309,6.8563556715,7.8382339195,0.5888116731,8.7073348838,4.4830429025,3.1557785924,11.5976598415,4.8194934877,7.8933348282,8.2831740754,1.4554898735,10.3584725173,10.9356463769,8.4400639559,11.418757482,4.881316789,9.4281700326,6.7536440881,7.1652980818,7.931758517,8.1386638038,10.4437348676,6.0533585792,5.1753081001,6.8402703195,3.5170327485,7.9661634486,9.2172944475,4.6171350582,5.4194770676,12.1506371466,7.9854741838,8.5728651764,6.9970718251,6.3729553235,4.7803066691,8.8121715568,4.2455264322,9.8578335669,1.9929088782,8.7693206603,5.3134904844,9.6811885624,2.2974288988,14.3655804714146,6.7348006776,8.4020203355,2.9977870934,6.357133329,6.0861686994,9.0065256453,1.9638857526,4.2044611236,15.0376477446146,7.5712187672,5.1889570229,15.8148392608146,4.9030167453,9.9746742082,8.6155616341,2.6172729961,9.4176651574,3.7222283632,5.3712059033,8.5043240053,6.1521203484,6.1082642176,9.1011735416,9.4969375707,6.2782892989,7.8327795728,5.9826053244,15.9835552638146,10.8246486347,4.4971158996,6.8743958874,9.2149138811,3.7623966318,10.5393781434,14.6798806054146,14.7030419190146,3.2459938703,8.4844212934,8.9500880557
10.6927939477,11.5676317909,4.82452748,7.9079203378,3.3402068025,5.4378018989,5.0402993778,5.0464465556,3.089575786,2.9271864245,10.0348681965,10.2690992222,9.1825031461,3.7107453973,7.127983234,1.4711625668,8.1347307529,4.9194666964,8.0846207594,0.0998488376,9.295137955,5.7148861906,3.6039437265,10.4462481096,5.5962960608,8.4702589749,9.3998520172,1.7088629213,9.0188306571,10.0632884603,7.8277660979,12.9975964276,4.0583161695,10.2076216425,7.1093116417,8.7599217046,6.769595432,8.7024424198,10.7940361769,5.2941346036,5.3039420079,9.0914105358,4.2987920346,7.7589004419,10.063303629,5.5741375036,5.3662271213,11.2092592409,8.1092658357,9.9769084556,7.5993113157,5.6319849073,6.879572995,9.1378345119,5.6715430564,10.3800019466,1.3028101865,9.6766946064,7.3412262173,7.2298040952,2.3802686826,15.1541380685146,8.6974809112,7.6929585375,2.8596340275,5.8357861785,4.1219228161,6.8570658719,3.3871802788,3.2301513035,15.1129388531146,7.4024366407,4.4570075973,15.8181242318146,3.4723666222,10.6497528121,8.5803073197,1.5404555389,7.4930714575,3.6204935863,4.5321707485,8.5854633921,5.4286577541,6.9857641776,8.9712384425,10.9878229804,7.0134727109,9.319974122,5.820411175,15.3647383803146,10.4759324137,5.7861571797,7.1602106417,8.0192677523,2.5573627811,8.2570345912,15.5565965542146,15.2164819621146,4.1741167476,8.9584761983,9.9561378016
10.0950520186,12.0710463338,4.91213977,8.1829359663,3.1135432621,5.7786293306,6.5082421136,4.6918298394,2.9048611132,4.5287481812,10.0871731521,9.7156677198,8.8910181789,3.7462496705,6.5637061465,1.7426971304,8.1788804243,4.9137948498,6.8665039528,0.3799838166,9.4859042605,6.491801182,5.4506303451,9.9871664961,7.533137356,9.479665628,9.1933728895,1.8175364737,8.2463036279,10.1638664438,7.4694927897,14.6804456666,3.300213037,10.5282185791,7.1171871761,7.9442577858,5.8207456953,9.8899657365,10.5789906762,5.70563476,6.7455808727,10.4216619416,4.6212992155,7.8768022794,10.6923345444,5.8330768172,4.1601895498,9.4245832797,7.8686061867,10.8701778804,7.030061775,6.817265069,8.4982151772,9.0655751461,6.3372350915,14.4663591842146,2.862559106,8.3449309862,7.1520873731,6.3852102581,2.9387496745,11.0070678812,8.9570850385,7.6809994585,2.6006444827,3.5349644197,3.8349037997,4.1926524273,6.9579156727,1.7324146722,16.0402935314146,6.5316626768,2.4410685475,16.1779186795146,2.9260556286,9.7350528032,9.6106889696,3.3724533485,6.9715254367,4.1766407483,4.5057246293,7.5851193706,5.5962330524,7.80949635,8.3729995267,10.6549498412,7.057519627,14.4352303545146,5.9919264346,15.7697476461146,9.4288353762,6.2585527399,7.9285536044,7.6215780809,2.5538350953,6.4466720012,14.9280638777146,15.4802207539146,5.905748294,9.4197305264,14.3826719525146
9.6267386548,11.7817167873,5.7718700925,8.2148871006,3.5513897421,3.7990775674,8.2476373313,4.2351142503,2.1011543325,6.9830890049,10.7781995045,8.5353347539,7.5555709768,4.0309487489,7.0000215848,1.7657599023,7.0524585752,5.9934249863,6.134350286,0.0904080228,8.4930123773,7.5538915541,7.6033300504,9.5924781595,7.8391337268,10.1704742884,8.9340534283,2.4302683775,9.4063341154,10.2464477747,8.6278813822,14.3943015838,2.750901787,10.1552361869,5.6704659876,7.8489743687,5.4605463267,9.9674530242,10.8284510266,5.4216802434,9.1221150787,9.7933033321,3.8137830868,7.8910302945,12.0618374648,6.3194411876,3.4845538119,8.4746476153,7.320482644,11.0065091035,7.4172180795,6.5077496152,7.3023698409,8.7776718715,5.4542204457,14.8226765593146,3.2360324197,7.3797740501,7.1176275201,6.0003664485,4.201097321,10.3071016123,8.7197077516,6.2379796164,2.2041442516,3.3032258798,2.5596260098,4.091965791,8.6701740493,1.6254454703,15.9133606817146,5.1622278767,0.2525819801,16.7982019417146,2.9369860172,10.3554708833,9.4518037484,5.4868576067,7.4450764584,4.6375051084,2.8112676597,7.6792235033,6.7292295904,10.4070845638,8.2810350119,14.2118573998146,6.3548634533,15.3478256168146,7.3694619906,15.3305065676146,9.2786398451,6.1656061639,8.8259788552,8.4240069058,2.6388132749,5.479756508,10.7149893662,15.9972814168146,5.5012062927,9.0421321118,13.9434402930146
8.8152492855,9.2840884332,5.1183443823,8.6375472618,5.9846937101,4.1338183599,8.652463172,5.2883528209,3.831122306,9.3674406342,11.4364561113,8.3062894368,6.8926038044,5.9748802021,5.6906680162,1.4961914807,7.3213789578,6.6218469709,7.1021249732,1.4746583517,7.6615529438,9.2974756422,8.4175024669,10.4314305429,5.502505695,9.9651985572,9.9207783817,2.0942161126,8.5389300588,9.0570422319,10.5291943446,13.4644151698,4.7192437427,9.9355296969,4.0017894045,8.0419758227,5.2197552866,10.3926722427,12.1118177585,5.2206511796,10.2188381227,8.73987803,4.1899421603,7.8633942387,12.5238896407,4.7675625734,2.959131708,9.9861673937,5.764507748,11.1314782877,9.1586080596,6.6183805217,6.294760722,8.2520571385,5.6792405567,15.2422731324146,4.6869060314,6.493611971,5.7529832969,5.6575175364,4.7762757844,9.340664165,8.7881783918,6.7905046971,2.5657066801,3.8538268862,3.7153244032,3.2998998501,11.3940285674,2.6376408109,16.0970428204146,5.040236478,0.5891537634,17.0529710620146,2.0439247981,14.6013323926146,9.6800402835,5.9613510863,7.0419169204,5.7470737653,2.9145932727,7.3889189911,6.1123465209,10.2499907433,8.7454529641,14.0432912277146,4.6377338683,10.9001566342,7.2590646484,15.2833487447146,7.4405223072,5.7936841092,9.1230604514,8.2879363302,4.9971014195,6.6474089968,9.1949189296,15.7064352001146,5.921192121,8.3726754675,9.5856917889
8.1826735105,6.5533761712,3.5924569602,10.2777383942,7.8501351706,4.9963113257,8.0809499361,5.2746711843,5.5516440369,9.3047909552,10.0636357986,8.1390049695,5.1573643606,6.2923962268,4.638806247,2.7218970333,8.6821204467,6.6713273631,7.3717052468,2.991952639,8.0587394936,9.4260029336,10.3561044309,12.3899923019,3.2099228053,9.2445982987,10.6731029997,2.8619475724,8.5969773727,7.8808594728,10.7222680703,13.0611965457,6.5965155016,9.8933966803,3.6185736078,7.870716412,4.5593593557,11.7172176425,13.757478617,4.7561713043,10.3429367294,8.2008884432,5.7915498403,6.3156815649,13.0028784147,5.2401643865,0.7642391487,10.5457654172,5.6745890379,9.1584288831,10.0424426135,4.6796433504,6.7287774482,6.7745082319,4.7102392474,13.9371947260146,3.7858732317,5.7007285068,6.7156707267,5.7424914022,3.7170517316,8.5524157073,8.5563255555,5.6781529571,3.9669782952,4.8274204646,5.1069673921,4.2514454801,16.4456869544146,2.6976177149,15.8292663008146,3.8639191011,1.0540727448,15.3842764255146,1.7838455858,15.0880992655146,8.5049973049,7.0603053359,6.401962383,5.3867485383,2.5171000055,6.6470409225,5.9748260258,9.4921434078,8.8344455378,10.2426761467,4.2430907648,9.1270029395,6.6357037318,9.482259493,5.7126062857,5.44785663,9.4347408762,8.435922738,5.4184788706,7.8444459492,9.8623551165,10.9537653404,6.2481597473,10.7717109219,8.0595899311
5.4521713592,5.7413681683,2.2384915878,12.8210685898,8.7094934914,6.889201303,7.0558507025,4.0100649858,7.6138168674,10.873994023,8.5827203796,5.7517468528,4.4749229183,6.3707908314,4.7376503242,2.2174397852,8.3957337316,6.8170942164,9.0270432288,4.6204010206,7.3819648522,9.0187493787,12.2388894568,13.9675197471,2.7491159935,10.4626681883,10.5622755421,2.3944617558,10.7227196423,6.85882414,10.6271719845,12.6533082544,7.0893044985,8.9357902361,3.0947777748,7.634331904,5.156460236,11.1982907843,13.6801269459,4.3141055196,11.1751684972,7.6280697386,6.927235408,6.5443756034,14.2627593816,3.6961352322,0.7228610789,12.9277089683,3.6884328092,8.0645984952,11.1278631797,2.0408771676,7.4148436621,7.0143507681,4.0340729895,9.739105025,2.7296196149,4.9708111795,6.987748398,4.6912804468,3.622210289,9.5192596455,8.2823781574,5.2044570171,5.3914678871,5.2545777644,7.0606954252,3.4941193891,17.7680154592146,2.7077707797,16.8877515135146,3.3211684692,2.3651928614,16.0562626332146,1.5986036027,10.4809896718,9.2165749346,7.1242050761,5.5751241933,6.4100488015,1.030569542,5.4338952369,5.8544392506,7.0245055603,8.10569473,9.7621074112,4.09804174,8.640751905,4.9822800154,8.7274343363,5.3104117331,4.0865549756,9.5520088203,9.1786460417,5.3434333528,9.8244823973,9.6825291313,9.9142801003,8.2031016777,14.6662177556146,6.3044785174
