,101_1_60_nonlinear_heterogeneous,101_2_60_nonlinear_heterogeneous,101_3_60_nonlinear_heterogeneous,101_4_60_nonlinear_heterogeneous,101_5_60_nonlinear_heterogeneous,101_6_60_nonlinear_heterogeneous,101_7_60_nonlinear_heterogeneous,101_8_60_nonlinear_heterogeneous,101_9_60_nonlinear_heterogeneous,101_10_60_nonlinear_heterogeneous,101_11_60_nonlinear_heterogeneous,101_12_60_nonlinear_heterogeneous,101_13_60_nonlinear_heterogeneous,101_14_60_nonlinear_heterogeneous,101_15_60_nonlinear_heterogeneous,101_16_60_nonlinear_heterogeneous,101_17_60_nonlinear_heterogeneous,101_18_60_nonlinear_heterogeneous,101_19_60_nonlinear_heterogeneous,101_20_60_nonlinear_heterogeneous,101_21_60_nonlinear_heterogeneous,101_22_60_nonlinear_heterogeneous,101_23_60_nonlinear_heterogeneous,101_24_60_nonlinear_heterogeneous,101_25_60_nonlinear_heterogeneous,101_26_60_nonlinear_heterogeneous,101_27_60_nonlinear_heterogeneous,101_28_60_nonlinear_heterogeneous,101_29_60_nonlinear_heterogeneous,101_30_60_nonlinear_heterogeneous,101_31_60_nonlinear_heterogeneous,101_32_60_nonlinear_heterogeneous,101_33_60_nonlinear_heterogeneous,101_34_60_nonlinear_heterogeneous,101_35_60_nonlinear_heterogeneous,101_36_60_nonlinear_heterogeneous,101_37_60_nonlinear_heterogeneous,101_38_60_nonlinear_heterogeneous,101_39_60_nonlinear_heterogeneous,101_40_60_nonlinear_heterogeneous,101_41_60_nonlinear_heterogeneous,101_42_60_nonlinear_heterogeneous,101_43_60_nonlinear_heterogeneous,101_44_60_nonlinear_heterogeneous,101_45_60_nonlinear_heterogeneous,101_46_60_nonlinear_heterogeneous,101_47_60_nonlinear_heterogeneous,101_48_60_nonlinear_heterogeneous,101_49_60_nonlinear_heterogeneous,101_50_60_nonlinear_heterogeneous,101_51_60_nonlinear_heterogeneous,101_52_60_nonlinear_heterogeneous,101_53_60_nonlinear_heterogeneous,101_54_60_nonlinear_heterogeneous,101_55_60_nonlinear_heterogeneous,101_56_60_nonlinear_heterogeneous,101_57_60_nonlinear_heterogeneous,101_58_60_nonlinear_heterogeneous,101_59_60_nonlinear_heterogeneous,101_60_60_nonlinear_heterogeneous,101_61_60_nonlinear_heterogeneous,101_62_60_nonlinear_heterogeneous,101_63_60_nonlinear_heterogeneous,101_64_60_nonlinear_heterogeneous,101_65_60_nonlinear_heterogeneous,101_66_60_nonlinear_heterogeneous,101_67_60_nonlinear_heterogeneous,101_68_60_nonlinear_heterogeneous,101_69_60_nonlinear_heterogeneous,101_70_60_nonlinear_heterogeneous,101_71_60_nonlinear_heterogeneous,101_72_60_nonlinear_heterogeneous,101_73_60_nonlinear_heterogeneous,101_74_60_nonlinear_heterogeneous,101_75_60_nonlinear_heterogeneous,101_76_60_nonlinear_heterogeneous,101_77_60_nonlinear_heterogeneous,101_78_60_nonlinear_heterogeneous,101_79_60_nonlinear_heterogeneous,101_80_60_nonlinear_heterogeneous,101_81_60_nonlinear_heterogeneous,101_82_60_nonlinear_heterogeneous,101_83_60_nonlinear_heterogeneous,101_84_60_nonlinear_heterogeneous,101_85_60_nonlinear_heterogeneous,101_86_60_nonlinear_heterogeneous,101_87_60_nonlinear_heterogeneous,101_88_60_nonlinear_heterogeneous,101_89_60_nonlinear_heterogeneous,101_90_60_nonlinear_heterogeneous,101_91_60_nonlinear_heterogeneous,101_92_60_nonlinear_heterogeneous,101_93_60_nonlinear_heterogeneous,101_94_60_nonlinear_heterogeneous,101_95_60_nonlinear_heterogeneous,101_96_60_nonlinear_heterogeneous,101_97_60_nonlinear_heterogeneous,101_98_60_nonlinear_heterogeneous,101_99_60_nonlinear_heterogeneous,101_100_60_nonlinear_heterogeneous,101_101_60_nonlinear_heterogeneous
0,2.8925822862,3.4088196137,4.6591747671,3.8512650906,4.7851405211,3.4969790936,4.7714707781,4.5101159458,4.8526816122,2.6290378128,3.2537631254,4.7870139877,7.3933838148,2.543116411,2.9812123783,3.7110080265,3.6080524658,2.9118982709,5.0106313563,6.1538921074,2.3311740254,4.6703126434,3.3471669565,3.1356429555,2.9405022398,3.7748274893,4.0024097166,5.0310379927,5.5660622967,6.6189052094,4.0676430302,3.2446026162,3.2311963434,6.2655742674,3.1230271678,2.7718197206,3.1910004386,4.3974226897,4.8363803742,3.4129752564,4.5671985983,6.102296791,4.1233026893,3.0068802379,2.9993862384,4.1497166663,4.2239575355,5.4683805978,3.1732247757,2.9076192201,3.0462993119,4.4692964171,2.8322058614,4.6316506081,4.0350119445,5.8566543815,3.970679571,3.5357628894,5.187881337,4.713429899,4.0037986317,4.3084385178,4.5787975609,4.0203828287,2.8495173539,4.5374965233,2.5886118542,4.4518322068,2.1641030723,2.6102511274,4.0702663667,6.2373847708,5.2253726294,4.2668408092,5.9293113894,5.5838924008,3.113424582,3.7489038429,3.5787746177,3.9372301188,5.0012859919,4.9962552722,4.3599235759,2.5386762382,4.4068873829,3.167811126,4.2835621142,3.7063881968,3.9997844704,4.7416711552,3.9163807438,3.7843287593,2.5406462383,4.3249236552,3.761236233,4.1965737299,3.6301057653,3.0945535539,5.4339247499,3.3784868952,4.9476350851
1,2.2503321492,2.7190738482,5.3863950196,4.25657952,4.8560113487,4.4490044778,3.8887337993,3.3068184761,4.9457671318,3.2664164773,2.9220514648,4.6454356384,8.5626401753,1.5276188319,4.7703124861,4.6563713226,3.4458343351,2.800117903,3.2532601563,6.8404442915,2.7402956819,3.1120995363,3.2656858115,2.865421703,2.5570896363,3.1424613835,3.5427715603,5.0644925976,4.3150564194,8.2817361693,3.2883013996,3.9668304438,3.1173801793,5.1385462874,3.0137458306,4.1062092049,3.7458195698,2.3745591548,3.9389516654,3.43101078,4.8052843066,6.4727130332,3.9976242904,4.7017718995,3.1081136524,3.4609341222,3.7242550132,4.8852800988,4.7047227476,3.3133425906,4.2792491509,3.6869673306,4.1424709054,4.123123195,3.5832711489,6.3857593573,6.1100235704,2.1678923601,4.2278230595,3.5816511592,2.7146820031,4.8354032305,6.7067591669,6.3917286816,4.0585806106,5.5378608969,1.742482418,2.5013067464,3.0588507115,3.8733234329,3.0153569908,6.156164226,6.1733505001,4.3899784934,7.4195053884,5.3112607744,4.2922741448,4.1320338275,3.1050024021,4.5574537361,5.1538779667,6.3488446866,5.1521134327,3.3429823864,5.126738914,1.235242886,3.2292845778,3.565364092,4.9727863461,6.9084117329,3.5708150503,4.2629411897,4.277891345,5.4792392288,4.2725698031,3.6362379998,4.5631441925,3.5714857538,4.4430050426,4.6876846642,4.8263179916
2,3.4226475011,3.3543888203,5.9597746308,4.7708537357,5.8791470159,4.6724743479,3.8710899241,4.2139148449,4.3450182269,3.6028517104,2.4818013332,3.6246584339,7.9757017509,2.3216713519,4.4909738839,5.6180128686,4.3006644199,2.9608190692,3.8107287896,7.4903413193,0.7587658499,3.9972329389,3.9005647813,4.6793558081,3.669758163,2.7692449585,1.6767430994,5.9784997046,4.2884342481,7.4631645263,3.0545546286,4.0538573249,3.5018322521,3.2935041686,2.8791641332,3.1867153572,3.618758023,2.9326201848,1.912123086,4.1010556848,2.9129307004,5.3375731167,3.6541805856,3.8888678242,2.401265051,2.7971482976,3.146699305,3.4419472632,3.6268792,2.7105143311,4.1726590424,4.1682754743,5.5963947136,4.8138596553,4.2929371489,8.7320313213,5.6630784756,1.8917283067,3.8647337615,3.5096750646,4.3109221014,4.6360592041,6.3601549414,7.3633091426,3.9535201973,6.7150787966,2.8405736129,2.7895482955,3.8083596788,3.3803152625,2.4502841776,7.1255140627,5.5418588716,4.7441593552,6.9132877974,6.3116270101,1.8182515544,4.8110811319,2.0390315929,4.299517084,3.8597396311,6.0368269365,6.6768382471,1.7182685676,4.8299417137,1.7193293794,2.9905859867,3.7339630288,4.2011449293,7.8679916057,6.0220766923,4.2774792456,3.6957298772,5.2847432142,4.0249557831,5.321084175,3.9253937275,5.8699836091,3.6800804258,5.081948665,4.8767708167
3,4.8510072643,3.4493989262,6.8917312113,3.4543441311,6.4720958576,4.6207078922,4.0268965016,4.7281872004,4.2788479016,2.2985676188,1.8464728522,4.3746530313,8.9045158303,2.785287186,6.0209802902,7.5168050653,4.4545709401,4.0530824135,4.0585624536,8.3208226091,3.3352587367,4.4412166203,4.950181815,3.7602333727,2.6110641445,4.4218266087,2.3971128415,6.9383928704,3.9923598744,9.5218686673,2.3586421488,3.5697269637,2.6269785157,3.5364741568,5.6439015748,4.9953808684,3.1009884412,4.4812599853,3.5897961091,3.1051629829,3.4999603155,5.530710618,3.4373535244,1.8445651019,3.6766494756,2.8472426645,2.8376043464,5.1768329247,4.1342172713,1.5013980492,3.8448050393,4.6791719984,4.4090499899,5.7100723556,6.1566669405,8.4453168595,5.9364365305,1.6738214618,3.0938406989,2.6192436249,5.0786709165,3.5746472891,5.4320595877,6.7745336217,3.9752395201,5.3054402727,3.8351131012,3.9350202703,3.5319652948,2.5044694324,1.6509202856,8.5467955376,5.3194167613,6.1140986352,6.1874381416,6.9705368718,2.8429728076,3.7435673433,1.960700394,3.8577198523,3.1212026734,8.0260971291,6.9073974459,3.5626865671,4.5850823283,1.3597651213,3.2909601897,3.2804362649,4.5690791727,7.9740785028,5.1748065306,3.9561360273,2.1836378215,5.2322597794,3.2248133365,3.7567692,4.0871090903,7.0465073161,2.4800320567,5.9016492644,4.6368067351
4,3.74674498,4.7159937566,7.2666920987,2.9976681205,4.2201480515,6.5881052876,3.1017679567,4.9179954592,4.471408753,2.4819452243,2.1571267569,4.2164506904,7.8821270076,3.0641149513,5.4967999294,8.1832397873,4.9745029344,2.8535359472,6.2786550979,7.1955927833,2.9685752367,4.5094416292,6.0062875967,3.8593620511,3.3984376332,3.0609150415,2.8518991111,5.1864306268,4.4206280594,9.4447053834,2.3301646131,4.4021522508,3.749148291,4.4874467137,6.1744877847,6.2308326734,3.4560152395,1.9823424781,3.5696703479,2.6578645793,3.0417589813,6.7140092344,3.0036293751,3.0441918815,3.7529295341,3.9091564056,3.7675045636,3.44027093,5.2755648152,1.6141728968,5.1654843786,6.2681690896,3.857845978,7.559181648,6.4142047888,9.1369447171,7.1784284196,2.3029586396,4.3340718873,4.1216822122,6.0407643803,4.1637560235,5.0867525283,7.3924996596,4.3208541448,6.5355799578,3.7386618483,3.6014351107,4.4524160506,1.4898215425,0.9005661573,8.4088194127,4.6192211331,6.3252720116,5.631363646,6.6874465224,3.1399247824,4.9742997842,1.6916963613,4.527602668,3.3991699582,8.9075303791,6.3187521524,3.0632421127,2.8267292396,1.4164933127,3.4137691308,4.6651796224,2.6173022891,8.4097230678,5.3801206039,3.223723548,3.6695968946,5.8955316219,3.1398752601,3.3626439807,3.4775758142,7.9742403708,2.4595852764,6.761348475,4.3323481558
5,5.7253324454,5.8420796138,7.5224045595,2.757603201,3.8989943191,6.4983404072,1.8743094359,7.468069087,5.4305245307,2.9959543778,3.6045681881,4.0185799775,7.1502612346,4.872929771,5.6286268,9.7888829283,5.7612216904,3.3163297846,8.1898282292,6.9631419953,3.2764630022,5.1888402328,4.1033553136,3.8330929466,4.5531349277,3.2718141875,3.2561608026,4.8076758846,4.7879531741,8.9317177656,3.4315064683,2.753837636,3.1991993626,3.5041349272,5.9839589801,6.6548898096,4.9683553165,2.5301717963,2.4010297277,3.8845812472,4.2821252908,7.526741304,3.447642932,3.3793384031,1.7678658696,2.8816970744,5.681795263,4.1498210591,5.9116871451,1.6477408404,4.9074327022,7.5509045095,4.2736897048,10.284138442,7.2071845297,8.2649151977,6.6504105354,3.450407392,4.0393631181,6.9362844137,6.8571790918,5.5661799066,4.4148062048,7.5849776892,4.1640510984,4.700778607,3.4996730992,3.5584226516,2.8290405945,2.1797944254,2.1855955325,10.0163263741,5.2641143248,6.945803508,5.0597511125,7.7113284964,2.9906451158,4.5514397033,1.3666744635,5.5395978976,5.47819021,9.8780381919,7.1157803417,1.6732859868,2.0817048527,3.2728407166,4.1095087074,6.9042290336,3.4923849302,7.9963705343,4.0255928346,1.4572324742,6.0321608827,6.1865934589,3.2448520768,2.7230640783,4.3409799544,8.0290879686,1.7962848289,6.6579813764,3.7281139396
6,4.6636779895,5.2054590308,7.4837112859,2.4685361493,4.8140751596,7.3892787418,2.85910237,6.7845283346,6.1924338064,4.7232311012,3.9768977918,5.6456529462,6.9544609042,7.4329793154,4.9664695245,9.2410458878,6.9191126337,2.8146701483,8.1163502638,7.0932725299,3.1332265491,4.9169562854,5.6523859293,4.336411646,3.3527035889,3.0374280934,2.959678554,5.2609375944,5.056112938,8.7434368901,3.8959199962,1.166028587,3.9742129151,2.4461507667,5.0734937826,6.2282945586,4.3190329352,0.9013506159,1.9539295207,5.39698012,3.0244101042,8.6753476523,2.9547604039,5.237627702,2.9493986793,2.2471214901,6.5978834642,4.8454454997,6.1413343575,2.5181319561,6.6148719868,7.1288987663,5.8320538201,10.4172343659,8.0253366434,7.7907539394,5.5894139835,2.1415264438,5.3994594377,8.1233105944,6.7942466597,4.8540740782,4.8402527429,5.8795182817,3.9509748957,4.8458144488,2.1619385372,3.1967238717,4.3147892447,2.2783241876,4.0513902315,8.9373400697,5.3259455243,5.901502728,6.3958579999,7.8408600587,2.2250506303,3.8876640224,2.2134326882,6.5741774301,6.5127607579,9.2710974599,7.6427469072,3.0634241347,2.3716609822,4.806717318,5.5286044656,8.888505973,2.0727556905,9.0313179539,4.4640360629,3.4164665796,7.3416110016,4.5483681382,3.130978189,3.4142133985,4.3540994519,6.6998161006,2.3322985811,7.3174600407,3.7639902525
7,4.9355333384,6.0755969442,8.0487939883,2.8754368488,5.8839540117,9.3676517019,4.3070425063,6.1004190196,6.2493762817,5.6951615136,3.6965919714,5.8458955737,8.7469727882,9.3169463898,5.9291110847,9.7044054109,6.280827754,4.1227010142,7.0432249284,6.535428656,3.9071779884,4.7441293181,3.9948058806,5.8786854024,4.6983762761,2.1808848964,3.0856740513,5.1090709687,3.1788644317,9.6978107127,3.741913568,0.8086814356,2.6784197977,2.7297363911,4.404822074,6.2860050539,5.3394896598,1.5805809685,1.6246169848,6.1577784574,3.6986139228,5.6629421491,3.2350463762,7.1979986149,4.5723942054,3.4082477412,7.074995905,5.1569828885,4.4705539774,2.3808013615,5.1866571562,4.0985588018,6.4915858918,9.4904656362,8.5709964487,7.453469669,5.2585902164,2.7403000827,2.2223441716,7.4368100255,7.5668000887,4.463735421,7.1789151356,5.0137071108,3.7768314804,4.355270425,2.1497797962,1.9110425467,3.7418020111,1.2880971507,5.7282299866,9.5659383685,5.2816373549,6.7647446699,5.6207279491,7.9945913024,2.4889398616,4.9587893064,2.9793092915,5.6421971928,7.5323678877,9.4582881987,7.1257507197,2.9953750405,1.966193497,5.7453650004,4.3655129741,8.376807647,1.7546395788,7.4309441026,3.8529300507,2.7332846277,7.4150575353,3.4827220842,2.8967344952,3.3925558578,4.6334353957,6.9308642661,3.8468858338,5.8620217378,4.9216217784
8,5.2327456841,6.5125163076,9.5460395609,4.8078729838,6.161934745,8.7325567567,5.216696167,7.3369097687,7.7061218844,5.8239110476,4.3496287455,7.1435402664,10.4699172635,9.6239729032,5.9282622609,11.9888310571,6.3499151677,4.1422376014,6.8660641099,5.7033879561,3.1991388063,4.7124680125,5.2402029878,5.4334980187,5.3906468196,3.5809341106,2.8223930517,4.089281996,3.0546665454,10.2226410629,4.1822199792,2.0357261321,2.7374043121,1.8370534339,4.5577211266,5.0140972948,3.8577073883,2.2375539567,2.2254918557,4.165844465,5.3002274726,5.0049765345,4.6576982474,7.2900072369,5.3967693224,4.2081442125,6.4217632701,4.9172341009,3.3203301936,3.6722293272,4.3188177161,3.0127147093,5.7217732347,8.1754661594,7.6570632229,5.9263852218,5.6992355002,1.1005253847,1.4508904443,7.3260303357,6.4908119268,4.2806112482,6.2168036883,5.9631209958,4.7453941281,4.9414035501,3.2150768376,2.8559959819,5.2723155917,2.9975762182,5.2293688953,9.6128791783,5.5786888684,6.3656573016,6.3108480753,7.4364834926,2.0908281714,4.0048338582,3.0554468619,5.6124828089,7.7816075021,8.3718755999,8.1572927647,3.6415723573,1.6935159411,6.6553832631,4.2515011912,9.5512816782,0.5131800829,10.4809855943,2.0107607522,2.5383405192,7.2320300021,3.6650018159,3.1840368591,3.1477638703,5.1894639576,7.3116115011,2.7524674221,5.2638404823,5.3980171515
9,6.4444914995,6.7567838589,9.1353745684,4.2318299917,7.1899320583,8.6961086349,4.8624230437,7.8362305697,7.6687761428,5.823920157,7.6523024859,7.4777187452,9.6673630963,8.3714038556,6.4139713275,10.1559795899,7.5198313154,2.9028994266,6.3301215008,5.0191705068,3.4836797639,7.0751188455,5.1462814639,5.5041707749,7.3578822738,4.0109144199,3.5044496745,4.9160229429,2.0500072338,10.7427251876,6.1790449487,2.8461623508,2.6456225618,1.7507223479,5.571847299,5.0942651584,3.4114309182,2.6745644311,2.2226782674,5.5676685697,6.0809633377,5.1488026474,1.8265496169,7.2230229927,5.3649749729,4.1335588758,5.6260844168,3.5667637292,3.2530508016,3.1326622772,6.0151595812,3.5475651439,5.8012487585,6.5612048104,7.2747321102,6.7996809816,7.3563694292,1.8573702265,2.9487626339,7.4076315348,4.7889166396,3.0492694619,6.4238426644,5.3804004341,3.2268249265,6.2346455208,3.9708818084,3.7968343054,6.5122871314,3.5345844619,5.6725870449,8.9199939413,5.8448149083,6.5901093791,6.2002034626,7.1676207162,2.1092807597,4.4551999223,2.1575816064,5.0594610461,7.9557898023,8.1640358271,8.9664572815,2.6563991903,0.7086089327,7.2789196922,3.4544759962,7.329168669,1.9020028831,10.7321441725,3.8283681999,1.6276882999,6.5403211432,3.3113306523,4.7583837368,3.4124616602,5.3200229516,6.1548929935,2.080161871,7.4953230252,3.8457547524
10,7.2766551438,4.188761209,10.5185641175,5.6805832023,7.1211848851,7.5618099061,5.5315388306,6.874935198,6.6864039562,7.0402945502,6.9137639335,5.8114285109,8.8778585645,8.691005807,5.2756638665,10.8440913481,6.8508835636,3.6774995807,6.1225853496,5.1909450193,3.8127099107,6.1885795095,4.7606111295,6.3229195204,7.7705204733,4.1210293287,2.9144391506,3.5242536794,2.6726216773,11.2607037442,6.7728442892,2.3977623933,4.6077190408,1.7121572953,6.6304686096,4.3141465398,3.9259595302,2.8553639402,1.4134212574,7.0959589082,5.5046751693,5.9874311086,2.2962223354,5.2523602434,5.7716749486,3.8791038734,5.8834675785,5.8258365683,2.2179635465,2.9980345942,6.3541942396,3.5610951621,6.1728884278,5.9231401003,6.2533162412,7.5178771855,6.1876228865,2.821112906,3.4684880295,6.4608738331,5.864242288,3.8018149337,8.4567297283,4.0388119282,3.8542880017,7.0159314336,5.1261051375,3.1385625499,6.0530082966,3.4633831019,4.8569470802,9.3895783111,3.7598152061,7.641915925,5.2605523755,8.1154743216,1.3201960069,4.7907679829,2.6333712164,5.5270108252,9.9675078837,7.8541038307,9.3438280466,2.7413398668,3.0928494485,6.9413165431,3.7667549037,7.6530598748,3.2549902155,11.0105706582,5.0560808556,2.3203391893,5.1497846911,2.9095989214,6.2123242877,1.8647048681,4.1842076368,6.1150839354,2.7558090708,8.1368876505,5.1541055128
11,4.6621544676,3.4173208461,10.6852217339,4.6574043106,8.6973038786,6.3107875362,8.0253429458,6.2349585824,6.7911527314,7.1925384165,4.7760920631,3.8955241039,8.1846107626,8.1669224534,4.2927698257,10.1863792145,6.3279230599,3.808248563,5.4348423396,5.6708852518,1.6537806744,5.9273477612,5.5970880921,8.2882632606,8.5429403394,5.7844532967,3.9621535025,2.5978030581,2.1125436097,12.3713525955,6.9255217857,1.1670468038,5.7161211623,2.7124023745,5.8367227546,4.277225493,2.8139552839,3.48386053,1.2443873432,5.7591231872,4.3107247214,6.1277350242,2.84186568,4.9267689142,6.5668372879,3.9684457229,4.49673453,6.853256218,1.6126271358,3.3574705148,8.5456892397,3.8809344384,6.0849828709,5.0361040758,6.9424894225,9.0206806207,6.7528426436,2.0695714809,4.0985496467,7.3917232107,7.1796059176,4.9972158445,9.7938600649,3.4097065341,4.406387491,6.1186898,5.5365384096,2.4847707902,6.6972746803,4.037094316,5.0746457954,8.7501277019,5.3261974679,7.5909567429,6.2288665141,9.115973351,2.2895691955,5.3602130154,2.3093923841,5.0216875067,10.8341249979,7.0181491343,8.2562310033,2.0255235476,2.0392423469,8.8406061852,3.7654322051,7.6249973625,3.2713675945,9.6598696506,4.4075639959,3.0208859994,4.4852169405,3.1129107783,5.5240284072,1.4080022371,5.2222290711,4.2439565949,3.4347572229,6.577923486,5.3615638379
12,6.5494608675,4.5763838901,11.3774965672,3.0149118431,9.7268047383,5.2066014126,7.8961376263,6.0940931364,7.6528524373,6.0947837914,5.7994133998,4.6576172461,5.3801533805,8.6903054819,4.2340670409,9.1475690186,7.8320409182,3.8554403825,5.5147509236,4.9192428092,3.3111500708,5.9716197725,5.6243428621,8.7570106166,9.0692006731,5.6630388084,2.6134747099,1.8705328034,3.1427536752,10.6706013941,6.2036305783,1.6988271632,7.297079555,2.6625712674,7.2904835307,3.910324808,5.4857915221,3.4593803376,2.1637364137,4.7950264712,3.7192687983,5.3082801226,3.0234133425,5.2066206458,7.8718091964,4.0140993076,6.6787243731,6.3579612637,2.4046194058,3.0705772405,8.4435924087,1.7547201698,5.3223602462,3.7450494237,6.4857611552,9.2060334819,7.7028258968,0.7231578515,4.049946691,8.2194557853,7.7063564968,5.1051927349,10.5992695026,4.2858413439,3.9240805851,7.2259365688,6.9443691599,3.5485700804,6.3973370339,4.3474330112,6.2454654934,8.2421078166,6.3131353439,7.8084949505,7.9989976499,8.9542874204,1.2713415767,5.1677797141,2.8323628849,4.2641639126,10.9819739746,5.2496844787,7.1498741472,4.5129402418,2.2593447851,9.9754305404,4.1802775491,7.2060092803,3.2607697607,8.6846058983,4.7167667496,3.5541192358,3.6362751157,3.0138655876,4.2737917877,1.796616342,4.8499085298,5.1261376445,3.6695979624,8.7256049771,5.855151062
13,4.7830046943,4.3778705421,10.8553701388,3.2921249995,10.4647820015,3.6326705131,7.4819912197,5.5626802243,6.8639580232,5.9696640251,7.0096123681,3.7552645299,5.320166385,8.8504962468,4.7589580476,8.7657258421,7.4103829142,4.5123143949,5.2677791291,5.5730624722,4.4754916065,6.3128543255,7.4677190798,10.4450952482,8.7134215837,5.5578219055,3.4096818039,2.5785708663,3.7281140905,10.1412701587,5.6300056511,2.2191828581,7.5570684707,2.0611426177,7.3354570473,2.3900871966,5.925789804,3.8320190788,4.6656880976,5.567095672,2.7215164971,4.3459702802,3.0928433259,3.0905925084,7.7044992068,3.6526378887,6.3885384544,6.9772288489,1.9619586971,2.1943168266,8.7609586721,2.5169065709,7.2782708721,3.5023493682,6.9628618793,10.0751442792,7.2657763368,2.072123743,5.2609651348,7.5463558113,7.8209937462,4.6526753299,11.8047283186,3.0409780914,4.5576983389,8.334173344,7.0641638149,3.640842694,5.3857861103,3.732965613,8.37542782,7.4756247432,5.8482256012,7.99237371,8.189916624,8.1568135249,1.4674535074,5.0601051738,4.0133835606,6.9883948132,9.6077453283,5.8000274346,7.3291112098,5.6227515321,2.4305454456,9.6011886411,4.4896652036,8.5695459199,2.7852530769,8.392120061,5.1683414635,6.348755715,4.2498979721,3.0215413413,4.4441573469,0.9979748237,5.2766259097,4.8281051906,4.4406147002,8.3843108765,4.4632567158
14,5.4993178246,4.0550558563,9.0494442947,4.2602897547,10.783639558,4.4210495193,5.6108166989,4.1693819212,8.6899889638,4.5181107898,6.8015339726,4.1757406681,3.7706883881,8.3346469208,6.2444624856,10.380188336,5.8995158241,4.6436073146,4.349141632,4.8487938745,4.8060278873,7.5569592726,7.977929667,10.4828112406,8.8874477355,7.0657833586,3.3758488991,4.9757871442,3.4249503451,10.9925439083,4.1996521125,1.9275208917,8.3821545312,2.4857068711,6.032754441,2.5078792333,5.6316429713,3.9816875453,4.7911940119,6.3583569281,0.8767153143,3.4793840356,4.0562064246,3.4178091679,7.1374739361,4.8534005143,4.2036398688,9.0752827057,1.9856860376,3.395418208,7.5453567273,4.3863420239,8.7459729794,3.0963717234,6.8459926031,11.0063368586,5.5464829555,3.5737542009,4.0076263474,7.0720737777,9.3025327596,4.8258553985,11.399609594,2.865241522,4.6092941185,7.5614940233,6.5577645012,4.4670558717,8.1937230503,3.4351341783,8.0587606429,6.7132169557,6.2580829674,9.641973254,9.2903617443,6.7386169082,1.7497719539,4.9931944039,4.0069247454,6.0570370524,7.9122065113,4.8399004306,6.0112472298,6.8414979674,2.6322709798,9.5322106263,2.8633586989,9.697714007,4.3737751352,8.4659573761,5.1906610686,5.7214419482,5.8720693664,3.837506879,5.2094237738,3.2388966527,4.5108497333,4.9872100535,6.3552690802,6.5967723041,6.2534318291
15,5.5396581945,5.0490177919,7.4952152494,5.0034787607,12.3915822202,4.9935888949,4.4689714383,4.5737329739,8.0036554854,4.9446259603,7.8894082521,4.1434888971,4.023931035,9.0359504618,6.936014064,9.661601526,4.8569217362,7.1377659271,5.4475716191,4.1178925892,3.5228289743,7.1024184655,7.7462300634,10.7855004096,10.8674226713,6.1291385747,4.4212476156,5.3158436855,4.1326906619,11.6186197799,4.0610762256,3.0464918782,9.4156842037,3.0394680178,6.5927314948,3.1116423043,4.624755009,4.6639249403,4.6798063118,8.1544409877,2.7806185982,3.5514340302,4.5763461913,3.6209321649,7.5189882716,5.3931507088,3.9885260131,9.886693249,3.0972856179,4.0401497848,8.9764777006,4.0006159251,9.5406030768,4.3067715637,7.4014276132,9.6404102138,6.6238258257,3.8742064493,4.3802005007,6.60954773,9.2983131357,3.9921716554,10.6096959578,2.3108460891,4.3579397524,5.8046163683,6.0839439597,5.9742459162,8.8878582916,3.8986760248,7.3143898034,7.6071771283,4.0478175419,11.6738895896,9.880667145,6.3693463012,0.8279159028,5.9652364998,4.6960269017,7.5696553321,9.3326967637,4.4026581593,5.9538950162,6.9918504612,1.5454118969,7.8922782134,3.3245551549,10.6543768715,6.0505227059,8.600574473,3.7121019348,6.7185163729,6.1896586623,4.8864566504,6.2866954042,3.8255074881,3.8984668884,5.0299709882,7.1309469429,5.7380095643,6.2095867857
16,5.769862584,4.3671133538,7.708817167,5.2210151486,11.0492981433,4.016549926,4.4449456836,2.8250008482,8.1780864149,6.3445169218,8.5838557429,2.7169978393,4.8969973483,6.8107566444,7.9726698609,9.990142354,4.4227034798,8.0082175136,4.9733200459,4.0644371043,2.6411599471,5.5260409682,7.957836123,12.2718972663,9.8028879532,5.820796074,4.3511068084,5.1844934769,2.6386549099,11.7148277042,5.3838447327,2.8339255768,9.6045561108,3.3312563383,8.7318928242,3.532242935,5.3028621507,3.8635399879,3.4705547929,7.8487634773,2.348662002,2.1861400033,5.131671865,4.8637436175,6.5885412669,6.5782711944,4.631253631,9.133170147,3.0734442277,4.4390275535,9.461164531,5.2041687348,9.8438983499,4.8968349786,5.8355948472,9.0329203429,5.2946230713,2.9570656592,4.1373958888,7.1012100725,9.2712426919,4.6319137507,11.8566081097,2.9868697283,6.5231407217,5.2491714111,4.5912092097,4.7220114061,9.1176556959,5.0674554453,7.2431368378,7.304536783,5.2586829895,10.9121072565,11.5444460651,5.7615029056,1.4194802525,4.6057688672,2.3561618913,7.2525092898,10.8220715126,4.8883467651,4.6497955611,6.3308695316,1.1736303022,8.8882559013,4.3988866673,11.4827871857,6.5749892848,9.0428149585,3.9567936012,6.5528759909,5.1814276055,3.6453919801,6.2170568889,4.3716098585,4.5347331935,5.1144546048,9.6468460607,4.2050189159,4.5256787673
17,6.6339007944,4.4596310005,6.7211889332,6.963860136,11.702786103,3.9051156164,4.4583321249,3.6948296169,6.6233273426,5.6978398554,8.2331905948,2.8227129436,3.6802877475,7.1228325981,8.9017356781,9.0297254103,3.9378525531,7.8318994232,4.1797555729,3.5851412558,6.0244848132,6.6104840793,8.3264696936,12.1073992692,10.9821140762,7.2903228144,3.5375267883,4.8357462301,3.6319723267,11.9050859189,4.2076003474,3.421994703,9.1439297915,2.7827552404,9.5574094661,5.3640141531,5.3885135152,3.6454571418,2.327699707,7.0859296292,2.9015389912,2.9153203767,3.5666398167,5.7985567555,5.8421465141,5.2623475662,4.3074037011,9.0921227461,4.2723477991,2.7893895336,10.2687885561,5.197180684,10.6394119583,5.3527089214,4.912828287,8.7124232504,3.2140635973,1.9790520289,3.5977845282,6.5279913061,8.2882748816,4.3496145427,11.9001173433,3.9906009632,7.1401144187,4.1194333173,4.4104130249,6.4884546808,9.5610653439,5.6785895562,6.39405632,6.7456786299,5.3331072023,12.1767818923,9.6955617186,5.0381302792,4.0604889009,4.1464000556,3.6550948943,6.8536420562,10.5047226975,6.7818973967,6.8122637454,5.1667512659,2.3031336476,8.8440724739,5.4615264605,11.3810004355,5.8994959018,8.7201815182,3.658538506,7.267913943,4.6829494347,3.6162474329,6.1781633042,5.5782184032,4.540168176,5.0684304219,9.2069367325,3.6166451757,5.623906251
18,5.6142030087,3.3049941008,7.8475807033,6.6220211128,11.6251093468,3.7838215928,4.7892330453,3.9399812323,7.202807841,4.9970296948,8.5083569115,2.1730874045,3.1577263141,6.4104177872,9.0064543967,9.8512803824,4.787229226,8.2724616519,4.1875896106,2.823767223,4.6401538741,8.096029808,9.1895453204,10.1600277133,10.9107525348,7.3784907549,3.9212512089,3.1001738643,5.3942917937,11.3510891189,5.3772097953,3.5743209203,8.7207645662,3.5079881756,7.4305159309,5.42498875,4.5720080404,3.2760138229,1.4540852751,7.5553562488,3.8994303228,3.6834965222,5.3090637535,6.8508420035,6.0807372095,6.4761050659,3.7561621537,9.35548747,3.4071316261,1.2772510013,10.9608569072,5.6400614071,11.0603073195,5.2341256896,4.594176363,9.0386063387,3.448858965,1.8748402062,3.407745765,5.4145264662,7.7088285928,5.0147600341,11.8806151531,3.0653799985,7.1834712008,3.5818893078,7.4243278369,7.031176331,8.0081725733,6.8231251952,5.7127875812,7.3698951838,6.1869906373,11.6006024648,10.8200647778,6.9581139805,4.3049867014,4.298207006,2.8336259657,6.4270960076,10.0385484746,6.0887790998,5.9074999352,5.8726663317,1.4093768299,9.2903854766,5.9526526124,10.948268056,4.5356265902,7.2976240222,3.5918436232,10.2119570899,3.7408396205,3.9547775262,5.8220430504,4.3433296004,4.0298891834,5.7778095583,8.2658324768,4.0741223938,5.2703376314
19,4.8649525097,4.4492287854,7.447603941,8.83582962,11.9701983082,5.0132638921,4.5858542889,4.8309269559,7.1766297079,4.4063917712,8.8980038734,1.5108412354,3.2912106037,7.7003028779,9.5436100018,8.6328559771,6.8662462181,7.9886747496,3.8529290732,3.319610551,5.8078770086,8.0141659242,6.8745435983,10.1827409231,8.3780924075,8.10704801,6.2599707617,4.3719004684,6.2744461861,9.964081778,6.3684369685,3.842091718,8.1120644159,2.6106391932,9.0682700875,4.8891365854,5.3604775642,3.3378948155,0.9033918781,6.0788003777,4.8493412738,4.3807145193,3.632253876,6.487860425,5.205809319,7.4527305405,5.266791155,9.0120715788,2.9861853279,3.0362828568,9.6159719765,5.524920131,11.3281201765,3.8156727521,5.962278215,8.1745607305,5.8431426439,1.2365833431,2.1971524128,5.4469875993,7.6932548478,5.7962513758,11.0954973734,2.1609885221,6.9142109904,4.6169880723,7.0377564325,4.8754015895,6.3819477242,7.9347441606,7.1165076116,6.5897669589,6.0861906293,9.8251525036,10.7176000587,8.8712588642,3.5274288878,2.7359997131,2.1409360927,7.3141919847,8.161991269,6.8123389909,5.3534357258,5.6733969076,1.7112651061,10.2488273579,5.2777198724,10.9272671424,4.9733514678,7.8429436927,3.8453488742,10.7545192712,3.7892374711,3.9561453468,4.9005568602,4.4521011974,4.626108466,5.5365629445,8.6769729449,3.0702924577,4.6349523565
20,2.9686934748,4.2638728061,7.4621120175,9.5000542055,11.9296701271,5.5706010693,5.4993222322,4.1655362835,7.263447448,5.0313169271,8.0566839832,2.3775016215,4.1228375623,8.9482439866,7.6778627534,7.5136722404,7.46976716,6.9637436937,4.1380717172,4.2433606084,5.4429615706,7.1017137811,6.926442812,10.1494828412,8.65469107,9.8578408117,6.0773247428,4.4253226957,6.4324048256,8.3306263766,6.7360031705,3.0953563964,8.6559599204,1.5556010975,8.7320074421,4.8134414869,4.738864026,3.0303223059,1.0108880068,6.8318055841,4.5485473841,4.2912888877,4.0903999732,6.5671898643,6.0288068155,7.7792234741,4.7833828141,7.8902237415,2.9553407126,3.2845476165,10.1412946416,5.8453375597,11.1856504662,3.5455885204,6.3387341715,9.1962842526,6.6339927563,3.8835536023,4.6983530521,6.1432096464,7.7753001834,6.1959431392,11.4356211129,3.6027833025,6.6075280823,4.8419199545,9.2491627904,4.6404141516,5.9730799566,7.7436704421,6.609141204,5.4668242247,4.9205254124,11.1198473113,9.9505379179,8.1914540426,4.3519005782,2.9153271728,1.6749046674,6.3561272665,8.8802294272,6.9239819321,5.2100305091,5.1285855876,3.5386268827,10.4187106363,5.6028758385,10.0216015318,4.5642217267,9.8036806632,3.6813509619,8.3742191608,5.5228574124,4.0025645167,4.0584289566,3.5946912847,6.0966618266,4.6717176414,8.1421317443,4.7214331918,4.9324562994
21,2.8980812991,4.0063876187,5.75569024,9.8227231031,11.207459586,4.923327359,6.2860072802,4.415118108,6.5588450967,4.7578844329,8.6526127359,2.2360889396,3.9523027406,8.9896032821,8.4138327784,6.7062483699,7.1768679048,5.9710702224,5.3694383797,5.7255136201,5.5001767218,9.2238214274,7.9819359793,10.3694320264,7.9057082622,10.3255891065,4.9815731873,5.2269740365,6.7669880315,7.4001563244,8.288207278,2.0886647697,9.7864991301,1.8305507173,7.8726898326,6.2573065839,4.9186797168,3.6043727582,0.194365608,6.2690386433,3.7458991735,4.2590994369,6.5074140912,6.2559180616,8.2809344389,8.3575847716,6.6694202395,8.0466889615,3.2953027715,3.4674026276,10.5535083597,5.4970447615,10.0594026674,4.6557080631,6.8868321972,8.2641402497,7.1962359152,5.1089672162,5.7343116336,5.4854103953,8.4308493419,5.1174616081,12.5756907304,3.0315962852,5.5113366565,4.4291414144,8.5940466374,2.6460770584,5.4594245223,9.674184174,7.72210852,4.981283055,5.1820829183,10.7265489088,9.0455469533,6.7316445294,5.1810821844,3.8518126957,3.2748402494,4.8955614255,9.0149932286,7.1243301786,6.3014324601,4.6421146649,1.4937822704,9.2440826918,5.1090246457,8.803158725,2.7404727432,9.987377596,3.8599909463,8.3082541987,5.0195560465,5.0335923671,5.7119665375,4.7585575113,5.0588110746,4.2077053084,8.570539931,2.4990100799,3.3026968866
22,1.5914426294,5.3642632178,5.9506664877,9.7402582162,11.0220230701,5.6295318673,7.054677313,2.6942426211,6.7942630159,6.3671894604,9.1606367186,3.6433605762,4.4297352555,11.1738340546,9.4984634771,6.0135176901,8.1122608278,6.2933425683,4.75512589,5.6002440532,5.1457147004,6.9703679705,7.4746193474,10.7765482597,7.747450689,10.157763846,5.3636244017,5.9548227315,6.8088422396,8.7226673161,8.5609025821,2.4021575191,9.2182821639,2.8196709648,8.8311738572,6.579244079,7.5425965594,4.5455987213,0.6883584231,5.1300044517,4.6802917715,2.8516422613,7.6626747896,6.3338130129,8.8525525932,6.5818576788,6.110184707,8.1023639423,5.0507063491,2.750831669,8.2797976377,3.4589117909,9.8513663115,3.0404917703,7.6609243909,7.6686843768,6.9833677281,5.8746249976,5.987599399,6.224464119,8.1574613853,4.4600476364,11.8777541437,4.36581015,4.7385495397,3.8649662801,11.23459364,1.7684500607,5.0474329723,8.615449189,6.5522598652,5.1105544342,3.7283809615,9.5573707443,9.3798086368,5.825831973,6.9768091237,5.3921183512,2.5700323407,5.8250209196,8.3330839033,7.0953039272,6.9077482469,4.3904326664,1.5355445474,6.8892153287,6.7659678673,10.8718568789,3.9882357622,7.9792785649,5.1701053964,8.0232610845,4.8208834736,6.2982884758,6.9622619032,4.8428811869,4.7753152617,3.7987426951,9.1229494254,2.7401108562,3.0393229471
23,1.7636252347,6.6278408169,6.1011864124,11.6464640381,10.1205304092,6.309715277,7.2071343023,2.2872659641,6.4072890017,6.7655286592,9.9853801889,3.8273445229,5.2807414444,10.3713701689,8.5410990608,6.740252566,6.0374367082,4.7203936775,4.1529868376,4.0058331197,5.7017462084,5.2669159452,7.713248614,11.0981681224,6.7390315899,11.1968257921,3.2389782531,6.6262476989,4.5296713381,5.7151448882,9.1432542631,1.6391099301,9.7133398434,1.938620396,6.955060902,7.9573472247,7.2978945455,2.9466802091,1.6027353859,3.4001284731,4.8483058799,2.9574200554,9.5759536526,6.9582025712,8.3214092716,5.4794452311,6.5219869461,7.9465519101,5.0565617035,3.3944185469,8.3972967087,3.1910209702,9.1865880895,3.8278367162,6.9817890608,8.5690280895,6.3990960429,6.3497245911,4.7900947733,6.0344255663,8.7597324356,3.5631914612,11.5413744567,4.8063000774,6.3900034704,2.8561386073,11.0486204648,2.0423749297,4.6150492196,7.9443478356,5.0196959639,4.3045220845,5.1445457704,7.6202574788,9.5131869722,7.514270857,7.333894174,4.966049656,3.8391143549,5.005598023,6.9490363152,6.9946109168,8.3096771999,4.2864424426,2.9351793323,7.2080030652,6.4172222935,8.995394354,4.0574802843,9.1896225694,4.8848605602,6.0770754578,4.7819772268,7.9026527021,8.5281519847,4.7968465896,3.215632436,5.8024377105,9.3162593142,2.5915623599,4.0027191218
24,2.208097618,5.1355290054,5.2300968287,9.5315750701,10.5276760783,6.6568457167,6.4415820495,4.0359533991,4.4828425234,6.5725130671,10.2001448185,4.4304357984,5.6696099592,11.6751408679,10.0159642722,8.3879612176,5.973934448,1.9398723197,4.0191249763,3.2120157486,4.7348952984,4.7214003785,9.1444284392,11.1128550506,8.1472296893,11.3022346479,4.6300339629,7.273841798,5.3380349174,5.7748554611,8.9659517851,2.7174831708,8.0701884999,2.4375718676,7.8906339748,8.8773360441,6.7354408332,3.8595988545,1.2134011713,2.4964464457,4.9166200431,3.356938746,10.4757380055,7.0868439874,5.341585218,6.0337389838,8.4127963718,7.2437439536,5.0822947427,3.8367722663,8.2417243614,2.1488355824,10.2088039009,4.3144021174,7.1857173622,7.5685537081,6.7261835231,4.5741024136,4.8778424914,6.4901658152,8.5914413704,3.351085288,10.9043587903,4.8928870714,6.7087370475,4.1950754307,11.8224376558,2.2544917528,6.0426161647,7.2205769402,6.4412080022,5.1435940803,3.9905878017,8.2967446382,8.5379509451,9.2517286951,7.1483351456,5.8912208541,4.7890548767,3.4242972792,6.4768168646,8.5295325982,8.5446081348,4.7498619329,3.8311267777,6.0616613212,4.5761473,10.0091819034,3.2062909065,9.2934714305,5.2865630232,5.3263177517,5.2919093469,7.1781902644,6.3509535472,4.7677644458,4.056321222,5.7930406108,9.1162335591,1.2482444304,5.3494366992
25,2.8951583609,3.8450855839,5.3818721934,9.8036781643,11.1194270042,5.4267091176,4.9162636707,3.818110091,4.3942276322,6.5393136368,10.0372181956,3.4189214786,4.0389182362,11.60371028,11.5529855016,7.1896885481,4.0504984091,3.1425759928,5.015852471,4.2042521859,5.7650241323,4.9362335964,9.4934332989,10.1588460881,6.5036903806,11.3994632024,4.947214702,8.2358243439,5.8401305513,6.6586798411,8.9566500528,4.6986090869,9.0275543671,4.1128361617,7.7343842772,7.2358107754,7.5069471188,4.0238030819,2.7490581287,1.381004187,3.725072388,3.9244387149,11.0817494376,7.7982105445,6.4432090154,4.73792072,8.8860324076,8.7651087977,3.5110227371,5.1941269806,6.9767551159,4.1643741417,8.0851421477,4.6952478313,7.0572173055,7.8119199816,7.0838155409,4.4484467531,6.7429241126,6.6503294664,9.2644248928,2.4591309166,11.8160088786,6.7898644809,8.3715160908,3.4223575084,10.502878784,2.2376041344,7.7066314676,6.1688607937,6.5140936482,5.10902858,5.5082220099,5.2213966446,8.3576687571,11.470509236,7.2812006217,6.0219498778,4.828970162,4.8567231623,4.1107190796,7.5087234129,9.6040590354,4.6884493004,3.4502857534,8.5784983958,5.3168053207,10.9996264928,3.8307259021,9.2009876143,5.3719697245,4.6499905591,4.723929104,8.0573390339,5.4884816001,6.2057359866,3.834699385,6.9749557586,8.7047153284,2.3449344735,4.7292495181
26,3.9257462222,4.7057491295,6.4666340958,10.0860968715,12.0631361114,6.1325642623,2.8091554015,4.4750917312,2.7486091354,7.458349619,9.6863047938,3.9989051069,6.9537073194,12.0323684738,12.6053347405,7.2357615441,3.545626246,3.4130208504,5.6053334928,4.7545379011,6.3063474554,6.6543886988,9.2424981524,10.2181546943,8.1645301342,11.7439668373,5.5846080965,7.8837480063,7.9787711806,5.7848117692,7.829444391,6.5883898397,7.8034811363,6.3142123245,8.1510400305,5.8451057823,6.2993199562,3.6626706164,2.2590294102,2.5476380076,3.1448739442,5.3569137131,10.0557016832,8.7271296977,4.9841614707,4.3512188407,9.5102170233,7.9519140898,3.1058635454,5.4148096636,9.7522274375,5.4488540936,8.3067858043,5.5054519071,5.8234109443,8.3026464523,6.3345280247,4.8716240711,5.617587518,7.0704800583,11.154618789,4.003452187,11.9262286505,7.9588831535,8.2409859905,2.9963109591,9.5550506188,2.8046743318,7.2392753032,6.4695359442,6.9136488122,3.7624777566,4.7350352175,4.0845064314,8.2366445432,11.8017667748,9.5624605147,6.9760890993,5.5400742695,3.5064158826,4.3459447145,5.7999983949,7.8161505037,5.1136191385,3.562741698,7.4161197134,4.7554598888,12.0527566479,2.6313533216,8.9911445597,5.7354399735,5.5495621913,4.7782123832,7.6967927186,6.2923905179,7.6350763462,3.6542674039,5.72578541,10.2093819786,3.1801814122,4.9409364672
27,4.9775973954,5.29850907,6.7709354635,10.1614750175,11.6008958739,7.4668455697,3.517622619,4.2981610791,4.9157297076,9.4609112522,9.319735426,3.9745121671,5.4511734377,11.6446994458,12.5283693328,7.4895711646,3.0966921132,2.8501659865,6.4533442857,5.1430074487,5.6547079662,7.8877502792,9.1057982038,9.9374350937,7.7506490556,11.5685960106,5.2357230589,7.2647690742,10.3097908375,5.2480700355,8.6976825941,7.1854225851,6.5713601923,7.0334410007,10.3705039356,4.3845318341,5.9660804448,5.3131686323,3.8588473393,4.6343833408,3.1803640676,5.9549720327,10.8903181463,8.8984783126,5.4610909055,4.4989165427,9.625461327,8.0978194473,5.4211170558,6.6344962253,11.3554392462,6.1018678148,8.6927959476,5.2481367336,6.7629841418,8.4539727868,5.8612751854,3.6976311532,7.6833798572,6.5556500168,12.8520560004,4.5261566207,10.445327429,8.3667568568,9.4606569517,3.3200459246,10.5221565612,4.8930302341,6.8345744609,4.7800127906,4.9890863521,3.3335441801,4.5208049501,3.2770474667,9.2286291547,9.5799902475,8.2716788654,7.1702304322,7.9784134253,3.4444197514,4.7919191993,4.4910920341,7.8431857244,4.2352302486,2.4700930831,8.9675951523,5.1555171347,12.7340951973,2.1007144369,9.2763911969,6.2290467919,5.5968889941,5.5001026826,5.7460547449,6.2743401362,7.7154837162,2.5678612866,6.9967581096,8.6907665304,2.7673424799,5.377895676
28,5.2946429957,6.3855975901,5.1684131558,11.1707378756,11.2733655753,6.6254969645,5.0749027087,4.1509106705,3.9101263795,10.406685623,9.2114253061,5.3473036843,5.1271171215,11.1650533982,12.5352733078,8.6638154095,3.505160513,2.9362538815,6.5557418276,4.0963742828,6.879959295,7.3005612961,8.8602396041,9.4828846847,7.2823510324,11.0215878088,6.3667581443,8.0211626348,11.8756493181,5.7385759643,9.6152088894,7.9173248504,7.0232754752,5.7902286922,10.3472144208,5.3607300655,6.3788742658,6.3080847507,5.1508557741,5.3637739514,2.6991857896,4.8238425627,10.6858377964,6.2217294433,4.2141160823,3.8289016013,11.1044884876,7.8315282705,6.9029964078,6.6950197059,10.1436440791,4.8140986265,9.6322465023,5.1629345432,7.86839737,8.3606735346,3.9527741208,2.7378599641,6.7686952151,4.9910329134,11.0812181884,4.9183760559,8.7831861122,8.4826032379,10.0551766595,2.753330074,11.900555713,4.7771994869,5.6311696449,4.1056993379,3.9067255405,2.6207242758,3.7153720012,2.8793960692,10.6318528093,10.3675777382,8.1145440946,6.6342023831,8.3613887943,4.1444073651,4.6581915959,5.1816083829,7.645223832,3.8897390606,2.3246451931,9.6764957512,6.1787849656,11.1207701833,2.7681634996,10.667298804,6.0422166036,6.8388925071,4.9156932197,5.9025868535,6.1935860959,6.5503845445,2.7107728915,8.179945667,9.1415007787,1.508401946,5.7309432362
29,2.8446994428,5.6047274153,3.6889169036,11.2949337469,10.7863708288,7.8290333729,3.4371992613,6.2063728699,4.1920515669,9.4868754831,8.2404512275,6.7386376228,4.7847616303,10.4639855292,11.609099384,10.6245115384,1.4890755272,2.4990182111,5.8382321357,4.2801680798,5.6783507339,6.707844211,10.4376985931,9.8706864781,4.9713682588,9.8245708206,6.0028905487,8.5309219052,10.8182412117,4.0237132962,9.8647350825,7.3983768471,7.9600611439,6.1384796031,9.57114716,5.348579853,6.0448069104,4.9120696533,5.3206201123,4.2511214591,3.3254662867,4.5851267135,9.9275536766,7.1676312866,3.6627587645,4.5296341884,11.0525191239,6.3659471837,6.3644834479,5.6108466335,8.4957768867,4.7638817078,8.1873456356,6.3664720179,7.1024243128,8.2299064437,4.9909796726,2.8106179187,8.1896816085,5.0838243328,11.1436003343,2.9661998015,8.666722287,8.6334813668,10.1092809581,2.7539339516,13.5602959896,5.1576739786,7.1113090214,4.0018653488,4.860216404,3.9693206768,4.420182026,1.3154205663,10.865041756,10.1294465117,7.8306918879,5.8073553497,7.6218934528,4.5786079604,3.9464815444,3.6334022699,7.8494204248,3.297677783,1.6898053456,10.8030837084,6.9347292562,10.2468172165,4.8527503165,9.481604229,6.6307748291,4.4793442474,5.7828072628,6.2240563964,5.9370139164,6.6146070061,2.2327763268,7.918788836,8.980527253,2.0562968717,5.8106652465
30,4.7263391675,3.8793377376,4.6340827708,11.592522033,10.2091015931,8.2357643828,4.3625399119,5.9375895042,3.8521109263,10.3560596402,8.9847955777,8.133066737,4.8981207387,9.4490095913,11.2980047492,9.182579105,2.3510491954,1.6173480936,3.7001346103,5.3903166033,5.0666925318,6.2594493047,12.2538644748,9.6239419812,6.1734030239,9.1472107821,5.3123824442,9.9374490712,11.9127286864,3.7180746382,7.4247055351,8.198493221,7.3313592105,5.4353203545,8.9913694712,4.8846357542,5.399414612,5.2959623615,2.8164753735,3.5937125134,2.6228860638,3.3488521721,9.9257388871,6.4859378518,2.0739444749,3.7333547544,10.2437623961,7.3930728615,7.4850638941,8.3113304364,7.1815864752,4.8956518509,7.3122088483,7.1691174978,6.1265321395,7.1878711561,4.4444504349,2.3176703059,5.8286601614,3.7795558331,10.7684183667,4.4240113888,8.9671678919,8.0386233466,9.3113316988,3.2086864674,13.1062555804,4.854107414,6.2462536049,4.5627803515,4.7476144333,3.5836008851,3.6978438977,0.8423925295,8.7205683394,10.1187184782,6.2459940998,5.1520096473,6.7208668751,6.37800661,5.5327911318,4.0575084973,8.5722534049,2.3229797218,3.9350143011,9.1035950636,7.1185195205,10.4689078109,4.8954035807,10.3405060567,7.2869358471,5.4581011121,4.4566324532,7.840839226,5.8259756346,5.7158375496,1.916816224,8.6353776834,10.0546656824,2.306445735,6.989495632
31,5.0507951985,2.7360099204,4.7023085757,11.2186389545,9.6280268264,8.7116251633,2.9467649716,5.8571563843,4.731103164,9.1912540221,7.8206749706,7.6509105046,6.162849022,7.6742589303,11.1014478821,10.9606906061,1.7493304064,0.8439611924,5.2354610706,5.656411996,4.69491349,6.3283636293,13.9711280103,9.2253896166,4.9018195623,6.8664048475,3.9979113179,9.5800485527,12.7812009144,2.8025112541,7.5999044462,8.2682557547,7.8533382146,4.8499466381,8.0717189061,4.8781304788,5.8300649386,5.0940700333,2.7684015936,2.9029540475,2.1964708652,4.7317311314,7.7888234085,5.9524404343,2.6003781713,3.4992909936,10.2160902284,8.4011684932,9.0469492009,7.8561696496,6.6245906899,4.9254812228,8.4215984936,7.8201211237,7.0569257443,6.4787015158,5.0794002267,3.2669360867,7.2337642253,4.7267468255,11.1045572152,6.2004280922,9.6152472337,9.2308935987,7.2609068319,3.2629453605,13.1105982253,5.9970209786,6.3653001539,5.3781883432,3.2286369569,4.2390257256,4.0240818152,1.6341989279,8.8622730339,10.5761473807,4.3095191569,4.6206172451,5.7273208302,4.659677668,5.2254879707,4.5851467323,8.724172378,3.4369019515,5.6173894816,10.663255161,7.1627079243,11.2266013249,5.0117899744,11.1111122617,7.4864990844,5.8839606283,4.5438161766,7.5985869414,6.5098962795,6.3128291624,2.3430117257,8.0985931928,9.3969923121,2.9637167152,5.1263316013
32,6.1643326982,4.2696482048,2.6196219864,10.1917304389,9.3884348651,8.6932995514,3.1653158107,5.9521361967,5.120139534,10.4537452586,9.3205137581,7.1573630399,6.0764381191,8.7356074103,9.806511763,10.89548562,2.6647187611,1.9151478487,6.3721961139,4.8730259968,5.4694707035,5.39275735,12.7628153956,8.6090216294,4.9228452282,4.9564583217,5.3504691717,9.0998504076,11.6676148848,4.4546734022,9.1100418022,9.008588426,9.087216745,5.81724672,8.0446315444,5.0939666858,5.006092495,6.6820096616,3.7535171968,3.5210549693,2.1199908103,6.4802612913,7.6079309806,5.0848901843,2.0900364958,4.2615541856,10.246034107,8.2258192584,8.335482262,8.339175281,7.3127587072,4.4888504695,9.2951556651,7.2308510386,6.5830611345,5.9282834705,3.8904591122,4.5925415589,8.6014708518,6.6238175173,12.1951466198,5.1481866674,9.5474337777,10.0057990584,6.6770345727,2.5063362713,13.7433510826,8.4983310019,9.3029342629,5.8767246493,5.2087349273,4.821337268,5.2801314941,3.1378998359,6.679789027,10.6364484605,4.7255059223,6.6838573965,6.0533113001,5.1232660507,5.8896315196,5.3857972745,7.7062324706,4.9642245071,6.6487421429,11.464878321,6.8769803378,10.9710396941,6.870772352,9.3536570733,6.7756799897,6.1019621737,5.7984072154,7.5196822515,5.5206018368,5.7130634194,1.3937816699,8.7565185204,7.807024942,2.9391513293,5.2656031487
33,7.0731337805,5.7758033767,3.9235226939,10.7287972726,10.3413033537,9.6903584092,2.7977628027,6.3115698111,4.9521947891,9.9419015205,10.0425954371,7.6981448545,6.3918267021,8.5484790882,10.2694843416,9.0068921867,3.5407369062,4.4093927646,6.8319916208,5.3196755808,5.8734630649,7.6383305067,12.4141119478,7.5166538581,5.0706678535,5.3077329663,6.7638538525,7.1842283014,11.3463286032,4.4873958914,9.1940305987,10.0830250961,7.690968886,6.6744122188,9.0256583187,4.3844613726,4.7264648965,5.2148198033,4.7548085404,4.6680944282,1.9661269563,5.852633396,7.299741615,5.5668797278,2.3388673265,4.5017948273,9.7818091344,7.2516167809,7.3119365686,8.9993594171,7.9895386984,4.2366445679,10.0421339444,5.8348066282,6.5172432225,6.9998243004,3.320264303,2.4487188073,8.0504705587,5.5125700454,13.0937749181,5.4024386028,10.1489152535,10.7957414401,5.9712352508,2.7985466551,12.6533841111,9.0986099282,9.7459202931,5.4630765429,4.9421968898,5.7978495788,5.9105427834,3.8483653523,6.4293984568,11.1338380667,4.9245220417,5.4258204961,5.0097901912,4.2688700929,4.7047092231,6.9402666792,8.0970311525,6.9403950338,6.57994827,10.844563131,5.4650964067,11.7024665754,6.9446538424,11.3108931392,7.2944798653,6.826828366,7.1247974786,7.3010870347,5.705159753,6.7618952468,3.642921507,8.8230822449,8.2814928285,3.1962923233,3.6646362031
34,7.5445894625,5.2985656698,4.5707539158,9.2802464255,10.2561919989,9.577176569,4.6300387355,6.0555578113,3.5196209335,9.3635351382,9.3750347256,8.0359792249,7.9096589442,8.2807025613,8.4024739087,7.4766828325,4.5454675205,3.1387355991,5.6166747411,3.6431187727,5.3991733671,7.7456648339,14.0029572612,7.4811257345,3.7079044505,5.9064976727,7.1237502797,6.214406529,11.7541874428,5.4064600279,8.0296201705,8.6949454014,7.6656903406,6.8266771998,10.2301028555,3.3278107545,5.9530623077,4.1307452366,3.6849565995,4.2234574772,2.7341412588,4.5153894854,7.5529228993,6.3465346594,3.6127032811,4.8419898094,9.2399952571,7.1021449198,5.804192552,7.0031083213,7.8167366371,3.3820414196,7.5430630277,5.5669900522,5.9506936145,6.1592763094,4.0218508863,0.912893116,7.239308781,5.8868426256,13.4051427664,5.1523125259,11.5669204696,9.0511433328,6.2441477561,2.4145765212,11.6856222319,7.4969352796,9.6997739006,7.7040494974,5.907240321,5.1596690043,6.4806563255,3.8571974007,7.1767398489,10.6104649251,4.056767108,5.5906813557,5.986472841,2.9480943055,4.7389786067,7.3355339531,8.7598803587,7.3612588027,5.832134987,11.4741523286,6.3211243691,11.7772632181,6.8892619475,10.1630862401,6.7078450066,7.5096571872,8.414829187,7.5207660904,5.4887597002,8.867962816,3.5485017657,9.791543562,6.9158207141,4.2510711673,4.4291891723
35,7.5311188539,5.5155595725,4.7568819527,9.0169951252,10.3415708942,11.5416472751,4.2836733193,5.1176927431,1.6235079518,9.417289189,8.4513478351,7.0957662842,7.6229913927,6.8073761172,6.3231971639,7.493299921,4.1884737115,2.8692472934,5.8456395193,3.4862915854,5.0957610469,7.7314499854,14.8974277979,6.6921552556,4.946632384,6.489921411,6.6736672504,5.1890512606,12.0617583428,5.3643026593,8.7290106394,7.9322136709,6.9295212517,7.4546139335,9.2261403387,3.7588773619,3.6455748691,4.4438222265,4.1659971195,4.9644064062,3.4626510432,5.0908117285,8.4625151468,6.6267770706,5.0061911074,3.8388117138,8.3241200509,7.7490528617,6.6558528931,8.0799232296,6.6063436967,3.3724001658,5.9271490115,5.1255583103,5.5357831071,7.9468856686,4.1629717218,0.5548851533,8.0698444962,7.1827237199,14.5711170441,5.5005572237,11.6604566424,7.288554691,6.821209858,2.2481213614,12.1291252464,7.5797200913,9.9320841763,9.0158114625,5.4553179933,4.5454187718,7.016219612,5.7485730923,5.9176630261,10.3877785868,5.3157900945,6.9916383419,7.3419403468,3.7840418542,4.4222258674,7.4931049795,9.8292557305,7.3112573632,6.4836547825,11.6309876356,5.1255976479,11.7194268241,4.6892998057,9.9411475402,7.3149175161,8.265450497,7.5646061156,6.1653921175,4.3935247725,8.3425206444,3.5458475098,9.7366304736,6.1811157269,4.834333472,5.3985107165
36,7.9356874603,6.8840249166,4.9095516682,10.1569670796,10.5447383079,10.305088511,3.4311884917,5.6310974996,4.0405754323,9.8241502264,10.9431356173,6.7242990384,7.3645932435,5.7248072637,7.0274004186,6.1405847735,4.8748899698,1.8329929899,4.9631839087,3.3164454794,5.1095071986,9.2014600181,13.8486269971,7.1097925986,4.3290000525,5.8966551832,4.8988295288,5.9412873715,11.5576421545,4.3908565382,10.1524973658,9.8247529067,5.8951829116,8.0577072551,7.9438153775,4.5541715642,2.112918157,5.6381933698,4.9563782883,6.6092182411,2.385650487,5.1032287195,9.4066150897,6.1826298287,6.5643971915,4.1174446862,7.9781093944,7.4729922998,6.462088651,7.5977537877,6.6510283023,3.7866542686,6.6193740627,4.41028973,6.2192095749,7.7988633146,4.8857985279,1.4989726052,7.047078189,7.5518832099,14.870204421,4.8445347618,9.7472514486,4.422901606,6.8790321823,1.9938839953,11.2273261792,6.7312044873,9.2918177921,9.1200936029,4.0271450229,4.4719383296,8.5482829047,4.4047549253,4.7810190774,10.2862983334,5.5686668379,7.6807564604,6.2850125027,3.121338653,2.9640196093,7.5355820232,8.5098196779,7.1723832836,6.1320322056,11.1800808366,3.7398405511,13.465604106,5.7089078808,10.1993079915,5.556344399,8.4818157443,9.382504562,8.1894007729,3.1754433426,10.2849064632,3.0603735797,10.3177044344,7.4739065724,6.4792493588,6.3278897413
37,8.6421281655,7.3514167134,7.094093955,11.5218653574,10.8555188653,11.2862152049,3.5063263438,5.673131747,3.8746145301,9.2936499882,12.3816353006,7.3246439526,7.3250429481,7.0426831122,8.4587222945,4.2391213089,6.4619525336,2.389729401,6.9366410807,1.3292944131,3.8581378212,7.8236776507,13.3161655522,9.3933710018,4.2547725219,5.7574746212,4.260852526,5.7472010698,14.4216195791,4.9196809327,10.0379957679,10.9427131463,5.5692357003,8.888650897,6.9872025585,4.8197095588,4.6518452952,7.005035147,4.3297242148,6.8806054598,3.8328120538,5.4933302403,9.6218195425,6.1416210586,6.1646646365,3.6487637718,6.2764525745,7.8069417587,6.6734543328,8.1588772621,5.8691363323,4.9199387879,5.7941052622,3.4272086121,6.0964510262,8.2672155235,4.1310493065,0.9149025499,8.4547633507,7.0906582083,13.8967595367,5.9488793405,10.5178816828,3.2307649816,5.9476483327,3.8191397207,11.9187545744,6.0767212322,9.6880514388,9.9313370962,5.5003414141,4.1375498054,9.0707333393,5.6322113558,5.1235387142,9.8585476485,5.33941293,7.8613041536,4.8880041586,2.0218504027,3.5039641255,9.125964918,9.6673015691,8.0899205029,4.2679584544,9.9624472976,3.8177735539,12.3695907529,6.3439368175,9.8957957421,6.6897877315,7.7183437377,8.742444511,7.1326954611,3.3348674152,10.2648214413,4.7506586199,9.4320630748,8.1806035075,5.9928604938,6.0743339236
38,8.8124468021,7.8802773499,7.0541227701,12.1427613204,11.180605902,11.3241571803,4.7849285725,4.904446137,3.958704786,9.4476112644,10.1019482883,7.9641503144,7.0097801627,7.8158820991,6.3772710903,4.741159052,5.6207922571,2.1052372267,5.5836011773,1.5184450437,4.1895876617,6.6799297791,14.9548064478,9.4502406893,3.0008164753,4.8313060312,3.3282341097,5.8769991255,14.0148177528,5.3384134215,9.9312177217,11.6549208979,5.3979156341,8.9636398629,8.5690467951,6.3283499138,5.3916744275,6.9486567302,3.356671443,5.3525452854,3.9147753781,7.1444649286,9.0925496834,6.2192293259,6.6806434747,3.6667610015,6.3742077712,7.5137624087,4.3838590809,6.5936535529,5.7360298713,5.3097348012,6.6034801217,5.3982763526,6.4295388091,8.6126038253,4.603415583,2.1383400436,6.7215225677,6.7803490502,12.9727421122,5.5443361375,9.7307648407,4.4486698418,6.3950997018,1.7628679933,10.7987866529,4.7264144976,11.452551883,9.4248773995,6.1003799704,4.8187376999,10.7986018429,5.5094883923,5.2320174331,9.593367962,5.6170931796,7.2639052078,4.5369664828,1.8052191454,3.6041955781,7.5261406447,9.9722582581,8.3937995555,4.9358651666,6.9704630855,4.5590207855,11.8250116527,4.835877755,9.6010852322,7.1293688941,7.9850340609,9.0340250806,6.5081520092,3.0577231504,10.7634667699,5.1767003697,9.8097033317,8.0820467727,6.8905462928,6.7975237628
39,8.7819862272,6.6140964475,7.8000162463,11.947363352,8.7708524864,11.0913901525,4.2107702205,4.3863231902,4.907255955,9.0110297806,10.5638289127,7.7061468634,6.9001057098,7.6506068431,6.706992309,4.4486313204,5.8573595409,2.3335945358,4.434091609,1.7330488027,5.03696088,6.5218675782,14.9375114455,8.8841394446,2.9833967827,5.3865625099,2.8668319238,5.3501612065,12.8808244247,4.6933100457,10.0333346863,11.8346807831,5.9422078339,9.2046308158,8.8365305979,5.0270735675,5.2506088656,7.7424631345,2.6387320674,5.8964505734,2.2696118016,5.1812707326,9.8179850759,7.2978252113,6.2842883667,3.8843057848,6.8171122504,7.6489182734,4.7568062106,5.572970438,5.1410301088,6.7032779597,4.4739018008,4.8237214709,6.6148548121,7.9250271872,6.5029240289,3.6353087769,4.9551773571,6.6631309001,12.7984586556,7.1782139986,9.3219594416,1.9288578561,6.1670135005,1.0631338152,9.8598507367,4.8396441288,11.5946027794,9.9103195932,6.6787098558,5.8614726014,9.8761636251,4.8894305187,6.5375440823,10.4734297146,4.9460039893,8.2079708702,4.4877658481,1.9200898986,3.9493183479,7.5696551978,10.9493698132,7.9531076588,5.5881014991,7.5052112391,4.4710349208,10.9447613052,4.9102768088,9.6947047646,8.2869370124,9.0164187061,10.7364481268,6.3627784883,2.2816724099,10.9080259781,5.4190748252,9.6935974937,8.2996879238,5.7048588239,7.0949092582
40,9.5608947108,7.5325819586,6.5000322702,12.5560047407,9.9441742454,9.0649690324,3.3945350743,3.3035601957,5.329565257,8.6660711362,10.9472737076,8.4600359061,6.1947747806,7.207998113,8.0398790014,4.0122408898,4.3715823824,1.8739931393,6.5608416294,1.9545067118,5.2910035932,6.6298036781,11.8148012764,9.0765844544,2.6203642396,6.7340360314,2.4689974719,4.8589084946,14.5961995068,5.093363051,10.3139544125,10.9558124156,5.4111140285,8.0616318994,10.4682126854,5.7261724409,3.4786794615,5.5427420427,0.8635209028,7.0863252114,1.6679433203,4.8841250778,9.6830156171,6.7467738311,6.9804390772,6.3294011313,7.1301427068,6.7133628002,6.2494573359,5.1702342127,6.2665847165,6.4478421179,4.3739473024,4.8356978822,6.4501593679,7.0349936919,6.0262621927,3.2075136365,5.0302838671,6.4641209628,13.5121439937,5.3253441401,9.5987007451,1.660499585,6.7200208811,1.8081894402,11.0158681103,4.110854317,11.5720026673,8.8173395643,6.0731936035,8.3619384018,10.6975925521,5.0201407992,6.7739007474,10.6219142641,5.5674166413,7.4294768366,5.17924298,2.1304541065,2.8346400051,8.7248315191,12.2455370224,7.8747513738,4.4895452246,7.3906412468,2.894233338,11.7567163701,4.3886126241,11.07910664,8.7144454117,8.1484285608,12.5848282834,6.0734574628,3.0849530668,11.4413195818,6.1428215624,10.284287796,7.7518431852,3.4028284524,6.6074396614
41,10.3828821234,7.5194387544,6.3893218961,13.6162719783,9.7028919455,8.9611142984,2.5772659495,3.7121622524,6.4530211603,7.492237583,11.792897821,8.2184164422,5.4769840285,7.6010060337,8.3035573306,4.4868839503,3.3181529277,2.4870555846,4.8374544727,2.9170908001,5.4027245988,4.6989308359,12.5342826962,9.3063080347,4.462178701,8.1227792344,3.8238923243,6.1967679467,13.7095314455,5.4247949355,9.873772387,10.9857070965,5.7153697669,8.0261699437,10.1413710506,4.0563882004,2.8203668717,6.0985969502,1.9869497677,6.2276612605,2.2970486558,5.1582224496,8.489658957,6.7866282535,7.2000898489,6.2465978772,5.4175452196,6.668602675,7.0575401231,5.3953390528,5.7053172244,6.6663597467,1.7886600739,5.887660745,7.1623252779,6.2747771814,6.5911860536,2.3210789607,4.5148450147,8.2743506385,13.8789140151,4.6278537933,7.6574557399,3.0802123095,8.3446919572,3.4929259788,10.9894319523,4.5275254074,10.4461000882,9.1442109405,5.9164894903,7.15900332,10.4625923333,3.2473306216,8.3826927729,9.1798529665,4.1104650027,5.1991641085,4.5394070201,2.4006422732,1.9202966347,8.0445869831,13.7924037883,5.5376110948,3.6937077609,6.143687021,4.1134816351,10.0283234718,5.1506829425,9.3831778985,8.6632262172,8.741433763,13.152450438,6.8039371803,3.5652157496,12.4371735398,6.8131121198,9.4341551785,7.4397825846,2.661961398,4.9619162932
42,9.4842265506,8.0295315073,6.4423188774,12.7195005427,10.1573872228,8.225920101,1.9612051627,5.6941682163,5.753896666,8.5438766885,11.5955117375,8.5979560138,5.6086853085,7.3998667325,5.728637333,5.038674807,1.3893061503,3.98139709,5.1129228306,4.4087794264,5.2088081012,5.2636889633,10.1904679198,9.3265666685,4.8188934432,9.0829860702,3.8813378917,8.5958092903,13.1906073324,4.6141380176,9.3292732187,10.6667495217,4.9941780731,7.8610391929,9.9217053256,4.0979273417,3.0591106358,6.6801071299,2.5295147741,7.2037589426,2.2689296671,6.8274985408,8.0834140775,6.6521463154,7.9950990559,6.1469447833,6.3679811462,7.2684955203,6.9968259229,6.0836878679,4.8293058926,5.7988889514,1.6047194716,6.9389139605,7.7155393971,4.901782643,6.9571788473,4.1251611985,4.3999637564,9.0280189603,13.8023409299,3.1602508118,8.4493192164,4.4810312053,7.2468852753,3.3131407619,10.9347029196,4.2181678561,10.42076578,8.680252484,5.4059708305,8.8471158531,10.0147397004,5.4366244233,8.9212444844,8.8531269103,3.338960212,4.2684573292,5.1181172485,4.7329383022,1.412137061,9.9805429353,11.585267028,6.6129209064,4.0692779672,4.7462233492,3.8815289353,10.9818550539,4.8655456794,9.1492104232,8.7122435584,9.0059840849,12.702101956,5.1576052567,3.2212770801,13.1671527036,7.1441816473,10.7946370586,5.523678939,4.5571909728,4.5001323557
43,10.1971096767,9.1137573623,7.3189918827,12.122128415,9.6408196442,7.8332030485,1.0575713749,6.5402139169,5.5883631909,8.2916085836,8.9513916219,8.9255944648,5.342441126,8.2635703654,5.8450812597,4.6341546036,1.6618005443,4.4685361773,4.9008863744,4.9190972455,5.4578280826,6.5708957615,11.0228560018,8.744539971,3.4922499891,10.2071564115,4.2774377619,9.6146320189,10.5998878751,6.8183676236,9.9006226125,8.7879681702,5.648148092,8.9310971556,10.5761381608,3.8559380773,4.685907995,7.7080224393,1.2777641072,8.3288856052,3.2976929956,10.4000081112,7.5666686143,5.7389883905,4.9329430201,5.4574569486,5.8672383025,8.3660796571,7.2085674312,4.0882370173,4.0509277426,5.7424039884,1.4080391359,6.921575474,7.6870874102,5.0706614405,6.5417910607,4.230923169,6.3333507369,9.6687579768,13.5048403003,4.5285680955,8.9281778006,5.4036343061,7.017118795,3.9697503523,11.4391554924,4.7286732359,10.8601921421,8.259436776,6.0873984873,8.2287717785,9.5005705353,5.1825597058,8.2628438796,8.8213737356,3.0898635712,2.8937792935,7.161250053,6.5549860199,2.107786379,10.1357781104,10.5038267544,6.0528387413,3.9187011548,5.0059613888,3.4957597827,11.6406832368,2.8076541928,8.9802892559,8.7503401863,8.8669397366,14.4819886086,4.7036362417,3.1720405972,14.1641760128,7.8056689167,10.3791387761,5.9520107383,5.8465982271,3.7086981471
44,8.1608604227,10.7382250794,8.1231545536,11.3048408314,9.6487955933,6.9659533782,1.8066097419,6.8416213666,6.0451231062,8.9593686366,9.4416226247,7.6569346432,5.6568806485,8.5566434148,5.6347721759,4.3960985144,1.9498214234,4.9657492353,6.5289624405,6.5575610278,6.776354014,7.6458790127,10.9908468116,9.679918484,3.455348819,9.6848501226,3.4753967855,10.5436346791,11.1168530114,5.0105340268,9.2530764336,8.6935389157,3.175284526,7.8542760729,11.5098338338,4.8816188468,5.6165169355,8.0195002176,1.9791306201,6.4804385803,5.8132723035,9.3969980593,7.1944827695,4.8147996272,4.5265741054,7.8411716682,5.7666271743,8.6010239958,5.3846796326,4.407140924,4.0597910881,5.7667054084,3.5689506538,8.4611835431,6.73822238,4.7912903868,6.4670282387,4.2895427721,6.6054297715,9.739853726,14.4125873456,5.3933122716,9.9348711449,7.0633222252,8.0248050926,4.5659498826,10.025752192,4.1764588252,9.1649655089,8.9612206738,6.8786958733,7.3561594633,10.4926119621,5.6370940085,8.8551361832,9.2821276375,2.9530637142,2.3242086231,6.6258308966,6.3885131616,3.0922945483,10.5453850346,9.1965350011,5.4816857387,5.6748132068,7.5183723336,4.5779363245,11.5782708141,1.3825056356,7.46454455,8.0487409524,8.5576947014,12.0853635762,6.0320157817,2.2925930156,13.8398570204,6.1664856198,10.1775123028,5.8559687685,7.6340366208,4.9181229003
45,8.0412444799,9.5163421592,9.4082604633,11.3720423414,8.8186467903,6.591672993,2.4267527355,7.5731104628,5.704252199,9.71359509,10.578251612,8.0601078099,4.9418883709,8.1712630153,6.325891984,5.0142230865,0.7759516601,4.9133293704,5.8059876845,5.519107193,7.7566960485,6.5073153614,11.0190738979,12.0528489128,4.5396594043,10.118938191,3.3597539476,8.1024432709,11.3580931674,4.5147030149,8.5777137467,10.1246128968,3.6632634539,6.9483667457,10.5039487402,4.2373868688,6.0327025111,8.606076549,3.1302035702,4.995818509,5.7060439315,11.9149309112,8.2871918832,4.7900867981,3.2022023541,8.4151179873,5.457267122,8.1906735076,5.9488567585,3.5201462816,5.0782900478,5.2037098521,3.1314484338,9.1010380375,6.8837405263,4.3616172326,6.7452963814,6.5735032363,5.8584137937,10.0359149975,13.6668260619,6.9242413887,8.7689954092,5.7632298299,7.8843669434,5.4757183105,12.1840062935,3.9012470447,8.8143559379,8.3590134839,6.962858822,6.970029504,8.6784374201,5.420462301,10.0345736552,9.6324058993,1.3976829979,2.6831365038,6.7147477115,6.5703424597,3.2341340702,10.0522497872,10.039924948,6.4214150433,7.1457860181,9.0854882023,3.4762065702,10.9356667156,1.2233260076,6.9246094764,7.5636596444,7.5639543056,12.996060137,5.1528082593,0.8434662107,13.1211911493,6.6971701457,10.0755899907,6.2143890036,9.2656917328,5.3599029062
46,7.2151268016,10.0013139537,9.7767102043,10.0380918243,8.2005410395,9.2768511538,2.6469033445,9.4816036109,5.8350340699,9.1745020252,11.5004854639,8.7538401694,5.3689431979,8.3138278102,6.539051716,6.4342209453,1.7683541167,6.4302919282,6.3472951361,5.0943628938,6.2593810392,7.8341698857,11.0732224841,12.1012440776,5.3632235414,10.6010369463,3.5225828044,9.9922456938,11.8367347202,6.3563605279,8.4095428685,9.4173877109,4.9694495366,7.9730892708,10.4610632291,3.2225929415,5.8364376984,8.0617320325,5.3434879978,6.0469210934,5.5572303187,11.4586720809,7.2105359084,4.4920783833,4.9580706246,8.3765060086,5.0475021718,8.3159104956,7.7562803828,4.0486936664,4.0379697898,7.2265167722,3.4033580229,8.6104013553,5.0552076046,5.5852640842,8.2215729343,6.5624929839,4.0881393515,11.0385983963,11.8068047025,5.7823400099,7.5702188062,5.7808822262,7.572546966,6.3929570956,11.8191935494,3.3549301059,8.5682666855,7.498705128,6.3699464823,7.7917668589,7.0113651535,6.7643832821,10.572976516,9.4767351385,1.3261236007,2.4134409635,7.25042569,4.9550520595,3.1735413802,11.0647789989,10.1853608489,5.2851219246,7.8178284535,6.6656598299,5.1226348742,11.2938743469,2.8402025006,6.3879729416,8.61212181,6.7186860423,12.0878773672,5.2911372619,1.5822366839,13.4526630963,3.5523776152,9.9174383401,5.9414924204,9.4825574219,5.1935665477
47,6.2405583272,10.0335681241,10.4715885419,10.8479383333,9.0988457693,8.560864107,2.139284719,9.6576819352,5.7141098713,9.4117073913,11.0285429571,8.5621484631,5.1544893217,9.7954516299,7.7146661431,6.427701002,2.26325448,7.0315760464,6.6749611456,5.02165773,4.7488195437,7.9744318541,11.9716808691,11.1688315612,6.9132713234,10.1835889343,4.2143481264,9.4020426159,10.4450868188,6.5177558305,9.1827297751,9.2233574582,4.3243788563,8.3885518217,10.3777658736,4.2133593071,4.1264135988,8.5867336729,4.733245968,6.5626296071,5.7641562832,11.9590822962,5.0813275824,4.6565116721,4.1824033983,9.2133282808,5.6900747132,9.516198472,7.4558786499,3.6694635329,5.2176474615,7.3461385988,5.6547978056,8.321159761,4.2999777243,5.6156242476,7.7097897601,7.5351327646,4.3980228943,10.3476076825,11.7731013803,4.5157333842,8.0986039223,6.0633432476,9.0319265434,6.0752026582,11.2484439714,3.6511409897,7.8465153191,9.1559989423,5.208869555,7.1346510557,6.0222886548,6.1871698271,12.7495519829,10.5842901387,0.5220856678,1.4271797014,7.3862210468,5.3896618907,2.8677606171,11.3658361938,8.2680234501,5.4422997922,8.287511056,5.4189709961,6.7635553708,12.2759417752,2.6784241047,7.6295929016,9.0386294001,6.0178298591,10.2857064666,6.0048153414,1.5464180497,13.9791139734,4.3837727933,7.8862341,3.7619531947,7.682997298,4.0990043007
48,6.7070519961,11.0621438554,10.0469083555,11.8101662473,9.4222140489,7.5179304222,3.4529634496,9.7127588045,5.5870984214,9.8005119637,9.7907892335,8.9475297495,5.0265989796,10.4994223743,6.8871943787,6.4671718827,2.1840529769,7.0605060681,7.1382755617,2.820731516,4.5105728428,8.2370519949,11.3807444823,11.8848085766,6.9227568584,10.0774371694,5.3277503445,8.8266501123,10.536372452,6.4524931804,9.2799748273,9.0720247563,6.0566025168,8.1407671019,8.852523761,5.1671005758,5.3727245302,8.7788592695,6.4654127783,5.8752672993,4.626173439,12.1928817514,6.1954068879,4.2345329832,5.4109061919,9.7541265139,5.7520264247,7.4252778656,7.3244611237,4.1416633895,6.4894490042,6.6244768563,6.3689809289,8.4275039837,4.783263216,7.0789376836,9.4929564465,7.994661597,4.2236132248,15.4489293323101,10.6420223216,3.0760962244,9.2293657874,6.5755850709,9.3725363206,5.0023343954,15.6727144930101,2.4841236849,7.9590224331,15.0476796972101,4.6740904862,6.1796116343,6.3377504674,8.1152501446,16.7754947485101,10.2416388853,1.4848785068,1.7925949153,8.4863151943,5.334628981,3.3304875516,14.7773523616101,7.7801357339,5.4873293676,8.7155638344,4.1417550666,6.7803638153,15.4867842309101,3.9148900738,7.2014412665,10.0095195702,6.6938149899,10.8199065566,6.3317884372,2.0337856837,16.2856869837101,4.6481473766,7.3146074217,3.5031677961,6.7797466233,2.1107413685
49,5.2331503829,12.1537227546,10.6796578131,11.9815015767,8.5554640921,6.0346075626,3.7195675451,10.734491758,6.3438148964,9.1378425622,10.1028069609,10.9719607825,3.4350266478,9.155376074,6.427498831,7.2171430123,3.2523470021,7.8603622262,7.8930028641,2.2773220581,4.2244479718,7.7044835223,11.8258930403,12.1367407239,6.7626313902,10.3169110565,7.6267896494,7.9918035221,9.6332402808,8.4194838829,9.7751402895,8.9785139302,4.3996132214,8.5931190537,9.314780423,4.6473648081,5.5745272322,9.1790678532,7.0721060638,6.2971743501,5.5052515856,12.2229193747,5.8262618755,4.2168824992,6.744524363,9.410257409,5.9953378896,8.1084470383,7.8794440416,4.7464376823,5.0674893714,7.5817490137,4.7013296923,9.6815311932,5.7353411114,6.7482360106,10.0083425478,6.716580517,4.2035849796,9.9356804262,9.0092450956,2.4291363437,9.5390815717,7.9838646913,10.6512955919,6.3742903467,15.0440889078101,1.9489390393,8.7973038754,14.9340327686101,3.989987731,5.9437665276,6.7534302833,7.3572666443,16.2883179560101,9.1009847364,2.9428896798,2.5511216591,8.4855026205,4.2985081388,4.7618721626,9.1249466507,7.5424363901,5.4718090311,9.0974801283,4.6405576536,8.2244381621,15.7627077904101,4.2203064305,6.3794568873,9.6262247756,6.4375572799,15.2286487143101,6.4414652765,1.8015312489,10.3146584263,4.7726268275,6.6229346897,4.4243358001,6.7985794246,2.8281029127
50,5.4734677134,11.5038909777,10.6968728678,12.3830955637,8.2601270258,5.4175652152,3.1166278601,10.7712947152,7.0609705782,8.8493005877,10.9348154135,8.026933501,4.2117974451,8.7291785827,7.0141191451,5.8649890116,2.8140938586,6.3536863568,8.7399083306,2.9402882532,5.0138268729,8.6665026528,11.7190678156,12.3907886029,5.8362880177,10.3344418177,9.6603483385,9.0368506492,10.788315937,8.2784717682,11.9740461056,9.0904622312,2.5464262639,6.8989775693,9.289301048,4.9546965824,6.8325326006,9.5491575088,7.1003433494,6.0653221374,3.5247990972,12.4651564605,5.683633871,2.4066003546,7.0966312556,8.9825380188,5.9485647955,10.0490645552,8.0191818584,4.1173698612,5.321884771,8.764506729,5.153646931,15.1666095516101,5.7196962539,5.6986437233,10.6219876186,7.1632392824,3.5919241743,9.8655732485,9.2035841646,3.6858248832,8.5209532597,8.2457475915,10.5867391551,5.5251115386,15.6601316021101,2.0796263004,8.5371123563,10.5176925544,5.3842273605,7.0172078861,7.7916093984,7.6403276495,10.7235344026,8.9140159694,3.2119591992,2.5468195193,9.8515724113,4.7627385604,4.8876666876,9.0183511572,7.9343870745,5.107730602,9.6771440348,5.6783392958,7.6590946527,14.9004112020101,5.4538230487,7.2681328903,9.6486719207,7.8570186077,10.7665199042,5.2182623691,1.9009655473,10.3047541006,5.0782583615,5.7077702077,4.6915621084,5.5974589465,2.6354782403
51,6.2365104561,12.654479074,9.5224490349,11.7064728108,9.6573093856,4.9917064696,4.7068557209,9.3768827508,7.0421465485,7.8256948113,12.7676024926,7.9404540487,4.6658450921,8.9550366657,4.5535643545,5.3877534251,3.1695314384,5.8023925061,7.763799767,3.6839045422,3.7075538375,7.0233534199,10.424829208,13.1779786408,7.4710347826,10.1935900699,8.9239408139,9.1092233939,9.6477587159,7.8084853126,11.6684234629,8.9734294928,1.3109579371,5.263139386,9.6814162625,4.4963456438,3.8540519457,9.051208062,5.4764140032,5.3096864156,4.5255023673,12.8567022402,6.1874331039,1.6691119775,7.4376552164,8.3225665253,6.9165241413,10.0374558929,9.0238074655,4.3044869418,5.0218692615,8.3277572832,4.8701479538,15.0220289856101,6.7772548557,5.1224749653,14.9154189861101,7.5512341736,3.9638629211,8.0258038146,9.4556462244,5.6282804125,9.917561686,8.1544015155,15.1829411338101,4.6913674588,16.0398142187101,2.8555205768,8.8565339484,10.4432657487,4.2417121652,7.1685407979,4.6867735877,7.7342263991,9.4905326389,7.4591183343,4.0179421652,2.6434262006,9.5378014498,4.8743631853,4.6107278722,8.2932140025,7.5439410797,5.1812381027,8.8285792989,5.5673921452,7.4222138318,10.6421150365,3.6172917455,6.427740447,14.8388830955101,10.2144244433,9.8767390906,4.7169252123,2.4125087903,15.3832942200101,5.1813397345,3.807975213,5.3008380476,6.2240103634,2.2301534587
52,5.0721697094,12.1452474287,9.3445757368,12.713461392,11.9303668701,3.9883129151,2.7268398206,9.7560717021,5.8723869405,8.7197262592,12.8501924755,7.81904492,4.1404350654,9.2999791798,4.422924089,6.5876376759,5.0347546713,4.6577605732,7.9054528069,6.3119331866,4.0067862571,6.2765917201,9.7494996242,11.630243418,6.3353139499,9.1285859098,9.0151291343,7.2768990667,8.4509950089,7.8170568286,11.0477057933,9.0922225311,0.7695666276,5.7342657445,9.0442117796,3.6620473288,2.9014050095,8.0048599364,5.8085717331,4.1337538628,5.457921922,12.9182402849,5.0209342189,3.3440578727,6.6095698099,7.722812989,6.3493173316,9.4778274127,8.039802687,3.6859103522,5.7391440723,7.212066942,3.2322030607,15.4200275762101,6.3984974376,5.2774735108,15.5320095917101,7.4481313649,4.3817546898,7.3785853981,9.7291511059,5.9154271918,15.9197477910101,8.8267579638,10.3070859137,3.7868907766,16.8684809487101,3.5070090511,9.1686960432,10.7024672435,5.3237077917,6.5945958222,3.9463389435,8.449204646,10.4093980035,7.0000873361,4.6438968717,2.4978399426,10.0614830578,3.8374023181,4.113230382,7.4400253353,7.4859261327,7.4330768459,7.4888566671,4.8293785028,8.3420965223,14.8367447085101,3.2271477019,6.0105370103,15.8263315699101,15.0446287197101,15.1593622058101,5.4314651295,1.453723359,14.8594714659101,6.0392339859,4.6715519837,5.0293561594,7.7985113021,3.7014385711
53,4.5975884954,13.4045414448,7.2393598717,13.1710282275,12.6081727863,5.7273501188,4.4664402333,8.7935429365,8.1746544228,8.8894654422,13.1257547575,7.439442974,3.4557972193,7.7266539196,5.4230910746,6.7277591685,6.0473452847,4.1335232413,7.0710374186,4.3847999123,3.3387812187,5.4229528007,7.52439103,10.1701483266,5.4663893629,8.2777195499,9.3825761896,7.5080352958,9.1902590825,8.1944676354,11.6105785831,9.8836477323,0.1429442962,4.4777423593,8.7597941521,5.2102297503,2.6232429109,6.8450232592,7.0323595596,3.5574896884,5.7989499133,13.5025548468,5.9457557316,3.2077708985,5.3231375362,7.6621390757,6.7010612424,9.6751840362,7.3258775176,4.3088956654,7.5859848625,7.1169725958,3.5449722694,15.1157213409101,4.5247744407,8.1614684789,15.1927835304101,6.4657899304,5.2887813769,7.3244534823,7.4371051102,6.6740340824,15.0212664950101,15.9736090020101,10.0006525274,3.9000371562,17.6164188419101,3.7746826209,8.6515487029,14.8842606155101,4.1197935097,5.9705344501,3.7459718296,9.2010395737,15.0747352010101,8.1506341199,6.641768528,3.193615588,10.0976497768,4.3307710314,5.2539350146,9.1140911363,6.7815496399,8.005091389,8.4266291895,4.1741394533,7.7272244703,10.43220377,4.086025086,5.2214900755,14.8161323824101,16.0099938391101,10.5934119088,5.3655642965,3.9205571771,9.2071650556,6.2133478944,5.2432283844,5.9897057136,7.3572223698,3.8507294226
54,4.9869833761,12.7394742735,6.5994494735,13.1302009784,12.6239170699,4.5377350047,3.8434940091,7.8529172694,7.1698316776,9.2886291259,12.4637813001,7.0458060229,3.9907125295,6.188923585,5.5222245373,4.8686750238,7.248535695,8.0448035696,5.7679916206,6.7363425009,1.4079262248,6.1146459495,6.4059730225,9.0352777082,5.6083615016,9.1155920758,9.5119758073,7.6072296731,8.408925679,7.138672721,11.9843122039,10.4549501787,1.4969555945,4.6465795679,10.0525293326,5.0982748923,3.4509070977,5.3023344318,9.3032304816,2.9317379941,5.8794382314,12.056088115,7.2642584277,3.3920988334,5.6804435202,6.6055431727,7.7843000565,6.6073226221,7.0990566434,4.8070248459,8.6488584486,7.3959492954,3.1159714351,10.6411760302,5.03041693,7.446842312,10.828417926,5.5255025587,5.6536242612,7.909051119,6.8169070711,7.0037300669,10.2669827622,14.7450805899101,10.4254118507,5.3526513795,16.8847913810101,4.3632717726,7.8265694838,15.4757595320101,4.0514749846,8.1678427495,3.2476499448,9.1173116764,9.7757182908,7.8967891756,7.9814845268,4.140780837,10.2563905866,6.10235732,4.614831156,8.9528270401,6.4002237861,8.9432650804,7.6310073445,5.4602858953,7.8575431335,9.4268917577,1.7631887368,5.525352034,9.4012890225,17.1843187142101,9.0481902951,4.6706770646,4.6264982819,9.1742572343,5.8215580779,5.1028889465,6.2856657095,6.0935391681,3.5969161169
55,5.0794653565,12.4273490022,6.6705787626,13.0214492094,11.5518864853,4.9713231634,4.6559616274,9.2748716191,5.6489587898,8.0126208575,11.7531310019,6.7221804562,3.8215559372,7.2018492107,6.5613258388,4.8865772607,7.0360164423,9.2249499502,6.0943701111,6.8972244062,1.9981351938,7.5226196826,7.0108259436,10.1841578567,7.0626860627,9.3690992667,8.1131560061,8.8622434573,7.6637925262,6.8368179927,11.9912618624,11.0440564176,1.9514854555,4.190406688,10.6601254035,5.4205498339,6.0161994587,5.5988511074,8.194092047,1.4015546553,5.6139951957,11.6942821288,7.298715287,3.1514512214,5.6113371069,6.2435460284,7.2572205781,5.5381875466,7.4218511212,5.5145083914,7.9824609157,7.4191438558,1.7266813506,16.1373654487101,3.7337476964,7.4290620832,15.5134933356101,4.3007236677,5.7677339739,8.294395215,7.6397905706,7.1023436003,10.325349181,15.5994408535101,8.7465485676,4.5860123744,16.3470510465101,4.6076960429,9.3019883345,10.5838848167,3.1715611979,8.0345676635,3.0999075143,9.5672450786,9.9332408663,7.7875818337,7.3501286438,4.6517964934,9.3414719559,5.3192539174,4.7194303446,9.0182242348,7.8425426341,8.9501352833,7.0889212187,4.1093558628,9.5521394182,8.9791509307,2.5606323348,5.1133604367,7.2397441353,16.9378667865101,10.4282913778,4.7852496746,5.4727681288,8.8326691976,7.1633335239,6.2776558515,5.6785672228,5.398925046,3.1452259905
56,5.4223001159,12.5978288021,7.6515763757,12.4795693712,12.559009964,4.8426755561,4.5002545927,9.6910196797,4.00630595,7.7039816064,13.5537551717,6.8116692335,3.7182064981,7.8556679257,4.414009059,5.2433812395,6.7476318018,10.0569132223,7.8004943497,7.219009963,2.8570074653,5.987235872,8.5806390948,10.3385923327,5.7885429122,9.6496308167,8.4047521079,10.3998186899,8.3074799961,8.3912643483,13.5235096905,11.5177488433,2.5141291711,2.9678658501,8.9812583001,5.4443169665,6.602247387,5.3953271359,8.8169543514,1.5773601358,5.5411157936,11.3623649943,6.9583453227,1.7477021393,6.9145124821,7.1266155878,9.1751701944,4.7749203631,6.8940553075,5.7447086646,8.9974477651,8.8129899361,1.0229690951,16.1144061191101,4.1742220406,7.664122744,10.4276808604,5.0393945951,6.2262293439,7.3411356766,6.5223802202,5.5298162504,14.8020241263101,10.4975580474,9.6896999435,4.3151577026,15.5685430808101,5.2389765012,9.3393935443,15.0403934735101,1.5857911981,7.0435251077,3.623014661,10.1258705994,10.489534085,7.7234663268,6.9055116085,4.8628943978,8.7429370023,5.0593716829,4.8088493164,9.6040659799,7.2647736268,9.1455999496,6.7041770613,2.3326410068,8.3677382852,8.7096435815,2.9563455448,5.904262416,7.7669258431,9.8333124513,9.9191951449,5.0983608839,6.3359434789,6.2675353114,10.4211590523,6.2724137766,4.4028479331,6.0131448055,4.6862626883
57,5.8928975343,12.3412903617,5.764546261,11.1383487793,12.0388038267,4.4278569788,3.9843231187,10.8000487353,2.9841162369,7.7237514023,14.0133208532,7.7547363262,4.0108388308,8.5085995041,4.086489547,6.0895958175,7.0406870904,9.6522555144,7.1236645264,7.7589327832,3.5402282747,8.6200692272,9.5877887305,10.3823877832,5.6391582915,11.155952833,7.8324517028,10.0533380581,7.098809248,9.8197460791,12.5202862913,10.9449333477,2.3614169308,4.6989747782,10.4233232508,7.3237438932,6.6963515879,5.0131434974,6.4343409014,1.1435167418,6.2469052176,11.7670357688,7.3667277634,2.7097391788,7.1285027149,7.8154218661,9.1026846373,3.3945909085,7.9327327085,6.297749936,9.0292027226,7.7347501756,0.7582824772,15.0774653515101,5.0315833717,6.2934428619,10.2326941583,3.7122721747,5.5431388651,7.6096029709,7.8893024864,5.5155472853,10.1808168705,9.5903139436,9.4147197917,2.0769977739,9.9730883003,5.789270016,9.2539783355,16.0082479501101,1.5077202957,6.5013768021,3.4236156634,9.2631113948,10.6296215988,9.6100345665,7.4362858297,3.8000124391,7.3872055949,3.0604877526,4.7241491145,10.0993317167,8.2573987524,7.5007705555,6.740957174,1.9379492372,7.1742880534,7.6553028796,2.0131423265,6.3303044434,7.1790093184,9.748633043,9.1312513735,6.0678758153,5.7278471504,6.4819039766,9.9875127545,6.7565210185,4.9300264456,6.8744360209,2.8571383744
58,6.3291091764,10.7318272808,5.4697697208,10.9791708951,12.2028001522,5.2062526169,3.6378700728,11.4100659378,3.6675630766,10.3759601521,12.4904843579,7.4868775162,5.5465825534,7.0937979203,4.3392235763,6.6051193622,6.8982590159,9.2879414088,6.7639633633,8.2521290488,2.406836838,8.759796673,9.9238109193,9.9505935793,5.4865919416,12.107486288,6.0226829153,10.3772300635,6.5820239511,10.1294596425,11.881671092,10.9902454173,2.6170511162,5.4901487829,9.6541258407,7.81331532,7.8131589489,3.87144282,5.4749001501,0.3205209749,5.8871432872,11.2281406226,7.8624091759,3.9082621101,8.6332959721,7.3282587361,9.7430188015,3.8560240017,7.5137755812,7.4422685981,8.6489259322,6.8057865193,0.0384709954,14.8536804369101,6.5365755261,6.665217353,10.5099731084,4.1510028816,5.0352980093,7.5058595652,8.447344343,2.9356103419,10.6500684743,9.6901022939,10.0602488489,1.5976827169,10.7878029422,5.6812361939,9.5089439094,15.1289058643101,1.4239712215,5.4990952928,5.4165226448,9.1349102472,10.7760848454,15.1839428787101,7.0267172365,6.8146745574,8.3110327449,4.8434981641,2.7938149909,8.8789422107,7.5393671326,7.1753181516,4.913907733,2.4272216413,6.5880612874,7.8360819007,0.8938042566,6.4899127575,7.3707701752,9.6279977454,15.0226403457101,5.2800123717,8.0958408088,6.8085322885,8.0448629886,6.8203890501,5.6640370097,4.537632775,4.8067562657
59,5.4282053214,10.8067292939,6.4805880276,10.9734867817,11.6014426568,3.5698125099,4.4277320818,10.238389934,4.662221408,8.6896215915,13.2687184594,7.8864624913,7.1263768314,6.7887892193,5.1302289455,6.1930931612,5.7884457786,8.9553792174,7.1905869635,9.3365257385,1.8138372124,8.2679125253,11.7537880704,10.5918057505,5.8023164346,12.1149599738,3.3566976743,9.0179333631,6.4003238061,8.6445342396,12.2601365006,10.2914270235,4.9787062914,5.7072637795,8.4667187071,7.5723020894,8.0831457333,4.2763342678,4.9260309393,0.8223885569,4.5677161817,11.7505698792,7.4360271977,5.3378117236,7.5356204457,7.363249323,8.9284754503,3.8936260201,7.7294326979,7.9240339199,9.1487897888,6.6657454317,0.0880060445,8.6644332873,5.906336199,8.7298283012,9.8794236826,5.9453927527,6.6848129543,8.6445840317,7.4354548665,1.9973626669,10.5312319407,10.6781191914,10.5672343692,1.3985571053,10.8272114791,7.0772337913,9.3980161778,15.4460876757101,1.098509041,4.3974182224,5.0114613525,9.4072985632,10.2747612637,14.7401052023101,7.2982666152,6.1941166459,8.4915145902,4.4556933063,3.7912183435,9.1073625261,8.5285559039,6.4132156803,5.9206894021,0.7477607581,5.1849278423,8.9549063992,1.1177385961,7.3888418322,6.8206073422,15.3040491488101,15.5231837567101,7.2246957865,8.0691905816,6.2347502708,9.5034051357,5.8155382992,6.1491257241,4.5124033286,5.9667904994
