,101_1_60_nonlinear_homogeneous,101_2_60_nonlinear_homogeneous,101_3_60_nonlinear_homogeneous,101_4_60_nonlinear_homogeneous,101_5_60_nonlinear_homogeneous,101_6_60_nonlinear_homogeneous,101_7_60_nonlinear_homogeneous,101_8_60_nonlinear_homogeneous,101_9_60_nonlinear_homogeneous,101_10_60_nonlinear_homogeneous,101_11_60_nonlinear_homogeneous,101_12_60_nonlinear_homogeneous,101_13_60_nonlinear_homogeneous,101_14_60_nonlinear_homogeneous,101_15_60_nonlinear_homogeneous,101_16_60_nonlinear_homogeneous,101_17_60_nonlinear_homogeneous,101_18_60_nonlinear_homogeneous,101_19_60_nonlinear_homogeneous,101_20_60_nonlinear_homogeneous,101_21_60_nonlinear_homogeneous,101_22_60_nonlinear_homogeneous,101_23_60_nonlinear_homogeneous,101_24_60_nonlinear_homogeneous,101_25_60_nonlinear_homogeneous,101_26_60_nonlinear_homogeneous,101_27_60_nonlinear_homogeneous,101_28_60_nonlinear_homogeneous,101_29_60_nonlinear_homogeneous,101_30_60_nonlinear_homogeneous,101_31_60_nonlinear_homogeneous,101_32_60_nonlinear_homogeneous,101_33_60_nonlinear_homogeneous,101_34_60_nonlinear_homogeneous,101_35_60_nonlinear_homogeneous,101_36_60_nonlinear_homogeneous,101_37_60_nonlinear_homogeneous,101_38_60_nonlinear_homogeneous,101_39_60_nonlinear_homogeneous,101_40_60_nonlinear_homogeneous,101_41_60_nonlinear_homogeneous,101_42_60_nonlinear_homogeneous,101_43_60_nonlinear_homogeneous,101_44_60_nonlinear_homogeneous,101_45_60_nonlinear_homogeneous,101_46_60_nonlinear_homogeneous,101_47_60_nonlinear_homogeneous,101_48_60_nonlinear_homogeneous,101_49_60_nonlinear_homogeneous,101_50_60_nonlinear_homogeneous,101_51_60_nonlinear_homogeneous,101_52_60_nonlinear_homogeneous,101_53_60_nonlinear_homogeneous,101_54_60_nonlinear_homogeneous,101_55_60_nonlinear_homogeneous,101_56_60_nonlinear_homogeneous,101_57_60_nonlinear_homogeneous,101_58_60_nonlinear_homogeneous,101_59_60_nonlinear_homogeneous,101_60_60_nonlinear_homogeneous,101_61_60_nonlinear_homogeneous,101_62_60_nonlinear_homogeneous,101_63_60_nonlinear_homogeneous,101_64_60_nonlinear_homogeneous,101_65_60_nonlinear_homogeneous,101_66_60_nonlinear_homogeneous,101_67_60_nonlinear_homogeneous,101_68_60_nonlinear_homogeneous,101_69_60_nonlinear_homogeneous,101_70_60_nonlinear_homogeneous,101_71_60_nonlinear_homogeneous,101_72_60_nonlinear_homogeneous,101_73_60_nonlinear_homogeneous,101_74_60_nonlinear_homogeneous,101_75_60_nonlinear_homogeneous,101_76_60_nonlinear_homogeneous,101_77_60_nonlinear_homogeneous,101_78_60_nonlinear_homogeneous,101_79_60_nonlinear_homogeneous,101_80_60_nonlinear_homogeneous,101_81_60_nonlinear_homogeneous,101_82_60_nonlinear_homogeneous,101_83_60_nonlinear_homogeneous,101_84_60_nonlinear_homogeneous,101_85_60_nonlinear_homogeneous,101_86_60_nonlinear_homogeneous,101_87_60_nonlinear_homogeneous,101_88_60_nonlinear_homogeneous,101_89_60_nonlinear_homogeneous,101_90_60_nonlinear_homogeneous,101_91_60_nonlinear_homogeneous,101_92_60_nonlinear_homogeneous,101_93_60_nonlinear_homogeneous,101_94_60_nonlinear_homogeneous,101_95_60_nonlinear_homogeneous,101_96_60_nonlinear_homogeneous,101_97_60_nonlinear_homogeneous,101_98_60_nonlinear_homogeneous,101_99_60_nonlinear_homogeneous,101_100_60_nonlinear_homogeneous,101_101_60_nonlinear_homogeneous
0,4.138398103,4.1431360797,2.702649913,3.7720903456,4.6498398249,1.5439584828,2.8729649868,4.130730572,6.0642423373,2.2903753975,5.6317963442,7.0312669383,2.7187145091,4.5061171153,4.6868294989,4.9763813179,3.0245122321,3.1284777831,1.8074593983,3.0587309219,3.7060055345,2.6188342747,3.6299652202,2.5995208052,6.8271418047,4.220652162,3.5848083387,3.3356155833,4.7309490363,4.1765140682,4.1089222559,4.298440594,3.5731950692,5.6519964673,5.0288678803,3.1472280587,3.5927819344,5.5044348189,3.0885653486,4.0459522059,4.4903022302,2.4904265903,5.7480115539,3.485067593,3.7023327323,4.8695567821,3.4795231402,4.2298054148,4.3907627537,4.186647802,3.3869165992,5.6972116841,5.4418224123,3.664097852,4.5022050732,5.6076129232,2.6692238225,1.9857463799,3.7556119413,4.8343152139,3.9420484842,4.1344542853,5.2063088892,4.4403467598,3.346244218,4.7526583417,5.1895972287,4.2554070045,3.8005392153,4.3929294714,3.6401166977,4.5102089139,1.867817003,3.9569354543,3.6387938231,5.3872142435,2.8478039644,3.1981408891,3.8468120199,5.1466648621,3.2652724,4.7286677619,5.2418045014,3.4818399533,3.1894644834,4.0624342014,3.8440966117,3.1086704795,3.4881986833,4.9657677822,5.2473695226,5.6911382571,4.2630606136,4.4034505535,4.7419688729,3.514308832,3.5189480527,5.1390618989,3.9252584808,4.3005244995,5.0356853645
1,3.7861810761,3.4225981144,4.1570920913,5.4654861803,6.5200924957,0.6858104819,2.6176172594,4.0402430153,6.0979202496,1.6248258588,6.1935184017,7.863719437,3.3567438713,3.5108670464,5.180490181,4.659279874,5.0886607658,3.3617850683,2.6888826618,4.5564483509,4.5584336507,3.7931093145,5.0450554177,0.12106619,8.7777576859,3.6851353734,3.5282178301,1.9322155592,5.1358940922,4.7857770553,5.144705417,5.3248840573,3.723562322,5.3112621031,5.6969127774,4.2433273636,3.5854791362,4.8441560651,5.1287594485,4.417631881,4.2279540732,3.825669445,5.389652748,3.0182688876,4.6517662295,6.7966650982,3.322199696,2.9568092908,5.0562381558,4.4224671994,2.1520452616,5.1056363586,5.2783994382,3.813049598,5.272624565,6.0639969493,2.6108744202,1.7493063434,4.5417817179,3.4632604087,3.9312596647,6.6503838521,5.9890415725,5.1304339082,4.1558056819,4.4382457215,4.9514110493,3.7553220624,4.7591193772,5.0761620574,4.117627739,3.7458547671,1.7722140356,5.1426082953,4.4246349169,4.8802644045,3.5358416354,3.3037264858,4.568714325,5.6603470933,4.1798193108,5.2077061597,5.3865371777,4.9249978266,3.9102580561,5.1977306809,4.8588377324,3.3957660472,3.3257980486,5.2926161282,5.1665305618,5.9890574675,3.6210946242,5.352827697,5.3096914622,4.4610453493,6.391757744,3.78375891,2.880314642,6.2390522703,4.4427948838
2,2.956668844,3.3825097796,4.3009827222,5.3663491516,5.7111476641,0.7035184265,2.6521319138,2.5038081345,4.7852394213,1.3565140074,6.0997046659,8.3808828585,4.7005653627,4.6385293701,5.2264421195,6.0991951731,7.1344620465,4.1140575437,2.3828738565,5.0571232803,4.8425326435,4.2927752442,4.5673724327,1.566973439,8.4781219264,3.5310250838,3.6610904642,2.0315733308,5.9903798212,3.9773008747,5.6420379155,6.3349937924,2.7088331925,6.8134126107,6.0705850533,2.8498983775,3.1690249518,2.2308880433,5.6919204506,3.0751497727,3.962989592,2.3068606798,4.9176181289,3.4926417439,3.8486664115,5.8317606395,6.0694418272,3.7859240803,4.8355406424,4.6304452053,3.8378745766,5.825668539,4.0087770234,4.1950478419,5.733206397,7.3052655669,3.11453867,3.1129669954,5.083777558,3.4936843023,4.110739854,5.7610410813,6.5829276538,4.4790584696,4.9565222972,2.8759449502,4.8095054279,5.0853606882,6.7208023629,4.10899801,4.5193054684,3.4615299874,2.004140546,5.325054974,2.9623528548,5.8459645427,2.4512433839,2.9638918368,4.4537407612,5.9572073685,4.0016291801,6.5101095306,4.9721443091,5.5129538178,4.6664248534,5.4462098563,6.1061041462,2.8120090382,2.5928022188,6.5163939181,8.1691200742,8.8055217196,3.848924191,6.2549961657,5.5675651948,3.8161986975,5.2056084203,3.9864423287,2.8967118094,6.0857663392,5.2553671264
3,1.5958274192,3.7921041071,3.8823204607,5.3432273267,6.7416569853,1.1286886008,2.9123906552,0.3871635663,6.5095688951,1.9349823129,3.9657374798,8.7235031594,5.6971854058,4.9893415218,5.9484064745,7.0538714002,8.2401942235,3.5947022064,2.4834130553,4.2662031632,5.0339548468,5.658260323,3.8651751856,2.425236125,9.3369686531,2.7332263903,3.28640504,2.2347664251,6.4280931241,3.8847321077,4.7652075539,6.8075041286,1.9048312214,6.843117983,6.4799028937,3.0725672633,2.71692276,3.4674640285,4.4757635371,1.9953537274,4.5995382208,3.5088752305,5.1805861025,3.8349744087,3.5007179694,5.5642266821,4.559197589,4.1777942495,4.0728895321,4.6893362342,4.2260997462,5.3616429242,2.0668062396,4.9432194303,5.5019996791,6.4220330017,3.7095230987,5.6858833853,4.8804105323,3.6655393634,2.1376981428,6.2572321767,6.707945128,3.0877134256,4.40954312,4.8312961764,3.5443000729,5.9576545551,6.1819838467,3.0846260609,5.8692212126,3.9340626935,2.5114071513,5.6805718523,3.1952199459,6.2717631224,1.2494030533,3.937141075,4.6771933733,5.6565972875,2.7924571757,6.0362464047,5.1975175052,6.9736737832,4.4101601604,5.0161317707,6.0922216937,1.8996526907,2.6257659335,6.3483748303,9.033275519,9.2040960538,3.7195931571,6.2577590908,5.5716277189,5.0861377369,5.284031221,5.0838833322,2.780596729,5.0024940946,5.2484960407
4,1.2192693068,4.6541368263,3.830178876,6.1859919368,7.4412260369,1.4189840107,2.4101323618,0.6712718622,8.2376661208,1.0333755296,4.9968873052,8.1083027603,5.8726845034,4.3628741065,5.2590849267,6.8686812532,8.7094760461,3.3351100797,4.2430404282,4.7205026832,4.3236517553,6.4505970228,1.5407393045,3.9866892481,9.1170233666,0.5776025689,4.1184292223,3.1404269039,4.5108544498,2.4554064648,4.793484347,5.5661791843,1.1069929345,7.210841917,3.5969948147,2.8718041034,3.6364555931,2.5653361038,5.1676427119,3.6252322179,4.0972171913,4.9725995853,5.3230223137,4.7098380706,2.4159122736,4.2364856062,2.9857503793,4.4552111242,6.6859436864,2.6462591256,4.3313034324,5.1539444737,4.8684740807,5.5177728175,3.3130335939,7.4510833258,3.0637192222,5.4559252091,4.6950035257,5.9428041074,1.8809452618,5.9486863256,8.6613943869,2.3106047777,3.0257668542,5.7295815587,4.7606085469,6.5850291722,6.0015669801,4.0074646361,4.7989391334,4.5991437078,1.5171833844,6.2160229157,2.8760763123,4.7312244341,3.6299528317,4.7196958892,6.4230113119,6.2507290569,2.9676336917,5.4095843167,4.7054957177,6.4754611663,6.3752379849,5.3439776102,6.9584090849,2.120190957,3.7526274643,6.6658971428,7.3838856433,9.6025258992,1.5869547418,5.7090364487,6.8784196753,6.0801734516,5.078987715,5.1382654732,2.7244465779,6.102628702,3.2569894918
5,2.6159522691,5.0398399519,3.0625123838,5.020379393,7.9304420394,3.9479656815,3.0349051554,0.915441965,6.8366942747,2.1792207985,4.7895069152,7.2724774494,6.869235287,3.0263043092,5.8465923323,6.9567092379,8.3411033755,2.4559905589,4.9219322661,4.7761146148,4.1684229468,5.5973884629,3.421405681,6.0657337832,10.6955086747,1.4351999375,4.4791169912,1.7427881723,3.2626564792,2.3943522793,6.2703383167,6.6183560399,1.5979458307,6.6269159115,4.2309228596,3.171500376,4.3078454432,4.2816090111,4.4110391999,0.8945988064,4.1938366411,4.3031831579,4.8769381803,5.1367939039,1.9490888118,5.108439213,4.6857765262,4.5958272336,6.4315756094,3.0587575393,5.0542340998,5.2690129954,5.8930368714,5.1711560508,2.6610596688,6.3341002783,4.1594882546,5.8001665556,4.9926894265,5.8562313753,2.9199601712,5.1231792692,8.7302798571,2.5288345155,5.1026795417,6.507259673,4.4638477733,4.3637302244,5.7147701821,4.8669171809,4.6319963415,4.3316441404,2.9115886488,7.1720086351,3.3963126125,5.2928885495,2.311352556,4.3821317328,8.300940421,5.0796529872,3.5538553362,5.0077696263,4.1166012044,4.8945032876,5.9524314965,6.283014969,7.4812387338,3.2631870321,5.4237066829,5.3498737893,8.1086524476,7.9605381799,3.2790382517,7.0116764777,7.1759873185,5.8280321699,3.6173440816,6.2359322882,1.9775533518,6.9449833723,2.6964197208
6,2.0233381349,3.8265754162,3.387034471,5.1173525722,6.0245409097,3.4173219222,2.8282954124,2.9175378823,4.6636451852,1.8490009133,5.4252038526,6.5865938754,7.8240011328,1.5460057866,6.631925624,6.7045143123,7.9938755916,3.1454915586,3.3845370387,4.2910550941,2.8257407777,5.7336264426,3.1422292285,5.7874117962,9.4693078692,0.9030766322,3.4590732328,2.1309123876,3.7907505905,2.5311830911,5.3658404146,5.6475917041,1.5737901194,6.4021453891,4.736401087,3.5257349845,5.5228726265,4.9151321524,4.6341147427,1.3512956079,2.9825652599,3.0147331771,5.0016681992,5.0995689489,2.786677115,5.3068907973,3.4354081781,5.6562138724,6.1759796462,2.3339694625,2.8996132768,3.9724444197,5.1269953034,7.0603995771,3.5643261104,5.7335620083,4.4916796315,5.8748419686,4.9677365348,3.9236318,2.7588600883,5.2160806538,8.9647378487,3.5777833148,4.9769795546,8.0309429919,3.1810304889,4.3582331024,6.5381854713,5.9827790287,5.6044060228,5.4794625328,4.2458154434,6.3857418014,4.1466734202,5.122812813,2.4302345875,3.7030560752,8.788304693,4.1335072539,4.6131032864,5.5428450058,4.1791477309,6.5893131815,6.3860448913,4.4288137447,7.2361852483,2.4025467535,5.8240694775,5.8651856766,8.4908458486,7.5444874837,3.3048599115,6.0452318388,7.1775792281,4.7782652325,5.1482273333,6.5867867185,2.2401485159,7.6562742928,1.9682917539
7,2.3974072644,4.7823391691,5.6664142031,5.2290276298,5.0408856905,3.112915533,3.7853431589,2.5581069023,3.1086076484,2.0092005998,5.2680133891,7.2844197902,7.4129030481,0.9799745881,6.4633238116,7.0403458193,8.579120366,5.1594585587,3.8982098463,3.719104097,3.6021729985,5.9857118481,3.5000268574,6.3856951874,8.1175583996,2.9048291798,4.0277511634,1.9683783426,2.5425450382,4.7330086947,6.1267003442,6.8349295592,3.141361405,5.6131584025,3.5757679974,2.7444050947,7.1610133932,4.0001046075,3.8587549516,2.1224830705,3.6190299788,2.1332137219,4.6403615347,4.901426257,3.9457279346,3.8070723564,4.8974220832,4.5766033046,6.4040593811,1.6082292258,2.6037938981,5.6582322156,6.2457784793,7.9751540251,3.8818773474,4.0292972401,6.2258152165,5.9773725509,5.73506571,5.0264658991,0.79674303,6.3104816797,8.1728370914,3.3315396787,5.7452691264,8.1088642837,3.2360632134,3.4559563595,7.2276753414,4.7243401417,6.5010549216,5.9356963133,4.4908100359,5.9194729087,4.70120482,3.2339114173,2.2215909844,3.2664786769,9.2238414485,4.9381437868,4.6640172772,7.7551835878,4.0895244793,5.9997495172,6.8261290845,4.1869871931,8.0541547382,4.8511932912,4.7757061362,5.4109605003,8.9955046719,7.4201963124,3.4527686768,5.0208817085,5.3372263335,4.3468218921,4.7356650761,7.2740508169,2.5586151522,7.1176684225,1.9157404522
8,1.4640306815,7.0941456863,6.9863145769,5.6269229049,5.1332375352,2.1188705012,5.322911375,2.0174377911,4.4246490838,4.2487173113,5.7403377728,7.1449342917,6.26672835,2.3287346242,8.3570576439,7.2920208371,8.2478539328,3.4517666362,4.864699171,3.3028029594,4.2152415482,4.1662814774,4.8962200564,5.5318689979,7.2021997953,3.3265293717,4.3168623091,3.0397831116,1.7936742608,5.1646871786,5.9572539447,7.2361871221,2.0194880601,6.623517604,4.4318466881,1.768759636,7.7472216007,3.3790912787,4.1650945498,1.1922170116,4.4712565653,2.5362538671,5.1079255441,6.5744437059,4.2321597683,2.7870975084,4.8536525722,3.7579722262,6.510853076,3.0828645837,2.4454911986,5.2020109069,5.2032920247,9.2773157788,6.4393416608,3.7146647397,7.1150589303,5.3944214266,4.3275748852,4.731383044,2.0910527568,5.7040713116,8.0230963141,3.8253705685,5.8910723591,8.7711449534,2.4423714697,4.339479553,8.7830777552,2.5868340382,7.1743554517,5.3529666911,3.2863666994,5.1860788329,7.3793725032,3.5977781817,3.4401190765,4.4694556877,9.9311528931,5.6838993312,4.6232271689,7.8073088932,4.1138898381,4.5607969693,7.0497721481,3.9384666261,8.3493934906,4.4412004589,4.355149757,4.8770770071,10.0583389519,7.5877086756,3.6234242367,5.2979136385,6.530290099,4.1324176243,5.1801400698,7.5008251129,2.2144230813,6.4084534132,1.4593602844
9,2.4850998875,6.7427530846,7.4551324058,6.4014610607,5.6934054585,1.7084212152,5.7732662328,1.9522889611,3.8060758959,3.0493893119,5.6352891963,7.9416710655,6.9048919731,1.1716105908,6.6135748639,8.0808306781,7.4853863711,2.1227897732,4.9712929193,3.4387934625,2.8097460769,4.5685777282,4.0478869046,4.5060977117,7.3019099283,5.5927003575,6.2693214596,2.4653566918,3.4045874551,5.5445469906,6.6380715703,7.3007291593,2.0377399747,7.1847687608,3.5092581235,2.7221734957,7.837340598,4.8685330809,6.0778561813,2.3849467611,3.7773811616,3.2040484062,4.7782689956,7.7754480475,4.3326479359,2.5968889955,5.8983534864,4.2711250231,7.7481887377,3.0181995182,2.4047806659,5.1355864783,5.2912116621,9.337493644,5.0701602543,3.1117016349,7.5474392846,4.3495049878,3.9351263646,3.9974379777,3.9002280419,6.3681012936,7.4930577503,2.7035939591,7.025598423,8.5779750452,2.4725041717,5.6702543827,8.1494709083,1.9642586591,7.9077008822,5.135041501,2.0808934826,5.9264027463,7.1037105887,5.4858668929,4.9154297876,5.436564232,10.2559463088,4.4330555023,3.3581615488,9.1894777612,3.7329788034,3.6795250153,8.0472084034,4.3306100749,8.2891327788,4.9950430294,3.6006142371,5.965599107,9.6849727418,8.482697376,4.4972271085,1.8531596087,6.4440585415,3.3999750012,6.0629468632,6.7649832998,1.1806732548,5.4298160212,3.3077934442
10,1.1989889366,7.1137763126,6.465121917,7.2493491174,5.7674344178,1.0358048705,7.0692713932,2.127915673,3.6514475973,4.7049892461,5.1117558224,8.4310864882,7.0021305459,1.6621470476,7.7212879171,9.0519735528,6.8129457339,1.1354123849,6.1381965809,3.5722534879,1.9247786333,4.898886498,3.390804309,7.7228579594,7.4623236721,6.5147468777,5.69314726,3.077172037,4.4326660428,7.60651992,7.7193649101,9.603004111,4.6086031876,6.8542523936,4.0723626708,4.1596848026,9.3557897012,4.8007302863,7.0650245221,2.6513659156,3.0943724151,4.0337224157,3.8118767882,7.4470053064,4.4857907557,2.8997036571,6.0552746647,4.23844386,5.6967179866,2.7418939842,4.8288868505,6.0214679873,5.6556178159,10.1077897143,4.7329054431,3.7553541809,6.0408180593,4.2641521663,5.2220519467,3.4006792069,3.0745295234,6.2262728055,7.7936823135,0.5187406506,6.6050636992,6.5250827039,2.7318584515,5.0981975431,8.0074218311,2.1642950577,8.4470224911,5.9620231663,1.9526204868,4.774712,8.1527059793,4.9656137579,5.044020499,6.5016833033,9.7867117218,6.12207258,3.268395316,9.1515860418,3.1453399282,3.014409954,8.0397680251,3.997713404,7.7011896814,6.773418491,3.1351895428,4.2150574162,9.1970811766,8.020506113,2.9587603229,2.7404322981,5.2355397338,3.9076025391,6.8391281636,6.4323139131,1.3138084078,5.3910000494,4.7633231388
11,3.0280987746,5.3399631192,7.1973112934,6.294409481,6.4527780617,1.4819694274,8.3735246049,2.9942416635,3.3775974064,3.8395831449,4.6118632368,7.8616154516,7.2828432514,2.2751691993,8.8809074322,9.242980384,4.8420596725,3.5364456278,8.2906989399,3.9687302014,1.4194381424,5.0345706381,5.448175751,7.1049638135,8.885332463,7.7146628762,6.1913787397,3.6771882979,4.7035611151,9.0336247037,6.0979550469,8.9675309423,5.4250131478,6.7209120274,4.6458085072,3.7261725098,10.0152604031,6.6669188364,7.1781358687,4.5782840379,2.8846155786,5.1118115005,3.9914377398,6.7254837605,4.5956799451,3.4191439429,6.983373093,3.9988303237,5.6473550134,2.6808168607,5.0674318173,5.3597615427,4.9314207819,8.2941109369,5.4886558679,3.5366108267,6.8425712774,3.3432319495,4.3946724826,2.404838782,2.9774817801,6.3427557392,6.7404932231,1.0700987343,5.5723996984,7.0618765966,2.8184615619,5.2402662742,8.3049741959,3.8605481845,10.1396883296,5.0813262988,2.4917792717,5.3865749194,9.0229878513,4.2351869539,4.7564769599,6.8197013666,8.033406805,5.8100326592,5.3832652647,7.966909314,3.6736474381,2.6671741064,7.1235843632,5.1546016828,7.7852014859,6.6707112071,4.4328731049,4.1141708417,10.6685232864,7.9861462587,3.6739575522,4.2259148446,5.1218091336,5.5170661083,7.6330221217,6.3500205592,1.8731686875,4.9918978439,4.90213957
12,1.6829922341,4.9135116295,7.3538278602,6.3449241079,6.7957515955,2.2665348152,7.5601525571,3.0849930623,3.4046488964,3.9574364411,3.6927455932,6.5048840145,7.326965207,1.6459279791,9.1726039494,10.3046160122,5.6895428133,4.4829588471,8.8532294517,3.9753454162,2.729588086,6.0018263875,7.5829979204,6.5449142936,7.0013381789,6.2381089279,7.0341800409,3.1950913837,4.3144439438,9.9551790913,4.417016111,9.3716247298,3.5885470683,6.4252019934,6.5526813776,3.7437571745,11.5372659389,6.5565885077,6.2847639753,3.9351404047,4.2226963899,5.5980956263,2.5467355757,6.8253866724,4.0700302543,4.2538763211,7.5474790353,2.6826545235,4.3001382579,3.0613280435,5.2914126683,4.5302480842,5.2208932824,7.1971644287,3.8220126278,4.6899906238,5.044824947,5.1321864386,4.0776099709,1.2017132082,4.3607438364,7.773240427,6.1695992779,3.0978066704,6.9320475476,7.2053947636,4.0647226706,5.8352418587,7.1848354206,3.180886701,11.4767638375,5.2108692746,4.1042686744,4.0951854123,10.0040691555,6.0049917856,4.8078816645,6.8548919076,6.9155166377,5.4225323071,4.6840389139,8.5687310067,4.1641980047,3.3879708488,6.7453132231,4.9186379537,7.5274517759,7.3205303095,5.6659260654,5.2101528289,11.7266030803,7.0001956924,2.8589408256,3.8447905376,6.0621126414,5.7447980827,6.3862354469,4.9933965367,3.3341805152,5.4570481347,5.1218949509
13,3.4834879645,4.1888586588,7.5577064941,4.8658778036,6.9521090212,2.8591280138,9.0230555886,4.1149017748,5.4818351069,3.8721102373,2.3990102545,7.0266654064,6.6512986146,1.9045407112,8.4075000792,8.7934525381,7.0933443831,3.4682093882,8.2779740796,3.0817372996,1.6391808233,5.4776113341,6.1123196645,4.798701715,6.6185495208,5.5418438871,8.0175799892,2.8721060107,5.4257344823,10.4343065424,5.0274972918,9.1694515016,2.4135979607,5.8679129354,7.2812760701,3.8724412746,10.110606173,6.5712505446,7.5458380074,3.8129375969,4.4559930157,5.2673695713,2.8553040198,7.5649066094,4.6132360193,5.1068450463,6.6227901029,2.7178210034,6.3078776784,3.9244521784,6.5957673147,4.8742653415,5.495983837,6.6824849973,5.0054365262,6.2824105378,4.7033015111,5.8998855581,5.4295556872,1.6046321316,3.8171491936,7.6515267738,5.8771990461,3.5956641138,6.9992437736,4.6231652092,3.7789402006,5.5502906077,6.2501906321,4.9665479488,10.7942396651,6.0241363262,5.028788557,4.9869452058,9.5932090506,7.4527490261,5.5031339104,6.7526045625,7.8766388792,5.5459239897,5.9779434093,9.4338079481,4.1164142516,5.1822213461,7.0973317953,4.4654769944,8.0973309061,9.7405900744,6.0663488804,4.980588968,12.2620114474,5.2596963073,0.8985203536,3.3504917206,7.5887436942,5.9299930489,9.1335337176,4.0218846276,3.9536687854,6.5284609941,6.0054481132
14,5.529209887,4.3190395587,8.3228866875,4.3605748998,7.1928689428,3.8652925295,9.1261841655,4.5974834062,4.957950873,4.3332663868,4.2967892903,7.1035655306,8.670877168,2.2375148749,10.0583743397,8.474709924,8.6121896777,2.0180202315,10.0322096848,5.3072713673,1.5851120989,4.8438688087,4.5019528578,7.4859047814,7.678895749,6.2144995294,8.7007316181,2.9467465375,4.5761832237,9.390090541,5.4682799547,8.9983990005,2.1381707421,6.8335361305,7.3985123549,3.2549611622,11.4314004308,3.6186645033,6.1450128918,3.7769290408,4.7322851681,4.7892723635,3.0616381752,7.7469072759,4.2673018594,4.4179159816,5.1626440919,3.0872053232,7.4496600609,4.1533354153,6.8701380666,6.2366548322,5.5027077635,4.9151671852,5.0736350327,5.387537841,5.0371555453,5.6312817381,3.2330644659,2.1839945869,3.7940023205,7.5253518572,4.0104901363,2.9736696059,8.5664613926,4.0296338989,3.9976832641,6.444752561,8.3742034973,4.9364601932,11.0759511138,6.4272574425,6.6840905396,5.0701759684,6.4290003357,6.0460365095,8.0762058342,7.0124876067,7.4468114046,6.6881580773,5.869156655,9.9956119301,4.3012737277,5.1428684253,7.625651948,5.3181291349,9.0764100375,10.9919920241,6.0272997727,6.0500834521,10.893527945,6.6395111656,2.0145527985,4.7167974212,10.0978186695,6.754177835,8.0164579815,4.9390986964,2.7627182862,6.8492342544,4.9334394416
15,4.5025600016,5.5556574884,7.6239411609,6.6027005524,8.1389869454,4.3817896513,8.2715130694,3.7518328533,5.725932103,3.5694164237,5.3607497018,6.0841039611,8.7494338666,4.2063504361,10.7016782338,9.3074900482,7.7740269835,0.9521288511,10.1644889212,4.2408954351,0.814582703,5.2775637833,3.3575815278,7.5171597955,8.739497469,4.6708949494,8.7112667528,3.1027189797,4.4589826453,7.9319409388,5.7857403058,8.1848889866,2.7709014632,4.8339349028,6.7911539007,2.8005999618,9.6196253183,4.1674155128,4.9296405505,3.5126374125,5.3402396127,4.1268387569,1.889357883,7.3736823884,4.7818612839,4.814192313,7.0930549467,2.0752735145,7.9785033368,4.0531309497,6.9097283247,7.3924162184,5.9747315253,4.6821054003,4.4542097772,5.4030587689,5.523789718,5.2287628703,2.8693201999,1.4861769815,3.1448892937,7.5492727228,3.7470328824,3.2993792451,8.3409423165,3.8410816656,5.0153238848,7.1001285715,6.8281384867,4.8631588007,10.7808429939,4.1732092673,7.729875782,4.6374251288,6.9954050161,7.1678537764,6.6494732333,7.2588638706,7.4622081613,6.11742695,6.0070577385,9.3723259588,4.9019063502,6.8456138856,8.1177234234,5.5609085227,7.759189563,10.9757968821,5.3889601434,5.5267656068,9.4141563607,7.9295137646,1.4534860585,4.8562601163,11.1945436933,6.6774455695,8.0826584532,4.9284707875,1.1769122686,5.0049259998,3.7142543942
16,3.1221348068,5.158491317,9.1581202888,4.6809874765,8.6463341978,5.9028909887,7.7701450445,4.611625591,5.0464895091,4.205114556,4.6364039445,4.7934265754,7.1805668893,4.6811140656,9.6420350573,10.2935357917,7.2716215326,0.8315039017,10.0885972188,3.4761220039,2.204239563,5.5960807825,3.4130489184,6.6261496281,8.3293064979,5.6060567239,7.679582714,3.905977948,4.6813583498,7.0676613652,6.2573978716,8.0746239131,2.5271048539,2.4077507051,7.2038065042,2.6718673213,9.3305362558,3.3843897034,3.5418361754,2.3351311166,5.3308359054,3.3704337294,2.5512161874,7.5442847434,4.9213606196,4.7683877723,6.281326706,1.6193052651,7.8027829958,5.5967342004,7.7070362052,7.9187678825,5.9481627321,5.1217184939,3.5541685991,4.5164139903,4.794556729,5.9535541635,3.4279398277,1.8828630977,2.9816122413,7.7595583559,3.8504918735,3.2837485732,9.229418453,4.1717991247,5.0511831989,7.2689245147,5.118252463,4.5627369049,9.0592621161,3.1970947978,6.2534985926,3.0969887957,7.4779885894,5.8541933822,8.579808667,8.2950406279,8.6153837005,5.2039367817,6.0979958357,9.5881214249,3.6084414987,6.8344504716,7.5422192357,8.0972015449,7.7240049021,10.2659926975,5.2182230643,4.7716469743,9.3738466839,8.942068021,3.4646259167,5.4195065392,10.2691726608,8.0187459427,9.9811534018,3.1355742581,1.2929824255,5.4501741434,2.7254814593
17,4.5814154657,6.1653751347,9.5403231747,4.417994152,6.5851676386,5.0985761092,8.7039493082,3.8767691373,5.5104622153,4.1240098144,5.1326241075,5.60886168,7.5471085089,5.7911892702,9.1036346258,9.4525951244,8.1217938318,1.0852563852,8.5036240786,2.4652101892,2.8245161298,5.5622990939,4.7664387899,7.9623165526,8.4542547827,4.6808778257,7.7873222997,3.4631675876,4.3187073581,4.5280455602,7.4166875269,5.7583017064,3.4606487744,4.0163789622,8.7085839239,2.2593355677,9.8152454973,3.5743798654,4.8624913717,3.6389001444,4.7300927174,2.8165215954,1.446569076,9.0130974482,3.8869492368,4.8681465145,6.9202212119,0.0007548,7.337400142,6.9603546541,7.249226717,7.5074801372,5.1766841541,4.5241544729,4.5826602516,3.9950960605,4.6488333839,8.3479164615,1.4985013316,2.6087466017,4.672357442,6.7724952065,4.2526572416,3.5788953483,9.7342926109,4.2671322247,4.8455630931,6.3992175932,5.8785038374,4.8004236977,8.7792400305,3.732909135,5.4100808547,1.6301510055,8.6338094183,5.6766542716,8.3185677978,7.9927964405,8.5814515333,3.8209890085,4.3199767016,9.3443916951,1.2440164654,6.8654211294,8.3085562492,7.0500369576,7.3799752299,11.9805492915,5.497398169,3.5910978578,8.5086239288,9.586696208,2.2976325116,5.2129132688,10.2061800068,7.3510933406,10.3461944399,3.0609434414,2.7622250279,5.900312211,3.8738016759
18,5.1445432276,5.7153434802,8.8762024339,4.297888508,6.4950701717,5.5756868556,8.7121550032,4.7643890767,4.2551288348,5.4400397047,5.818509102,5.1286814891,9.260091703,6.2839179029,8.9102474271,8.2602984321,9.4968315689,2.5301931512,7.0253767197,3.4613616003,2.0784213461,4.2544091873,1.7876637264,8.1589338643,8.0152144866,3.1109834805,9.5646023649,5.2918742535,5.6037310027,5.5245734229,7.0853900849,5.6370928959,4.7183305429,4.3218893477,9.6127244399,3.723603868,9.1082083524,5.5075533717,4.5111483576,3.6053656384,4.3827535216,4.1611214689,2.0920922379,8.7113683714,4.5973963611,3.7699760413,6.9609659429,0.5661032681,5.4808257401,7.1837064361,8.4034467144,5.2205130166,4.8204911766,5.653902239,3.7799404925,4.3672676803,5.2568269388,7.6362485233,0.6815454297,2.4862198494,4.4426110401,6.0574256318,3.5192251139,2.4398531344,10.1668279727,4.7073688538,4.5814660058,7.39769913,5.9976613042,6.4403797119,8.3922691704,3.7231173962,6.4508984168,3.4197000336,8.2562832553,6.0213716777,9.6697486858,8.3038658239,8.7392440983,4.5777507425,4.3090340355,9.2118898506,3.1562166281,6.6538255951,8.6500417584,7.1214696391,6.5425857388,10.588845548,7.0131597582,2.7182290083,9.2515687958,9.188409432,3.2264380222,3.8755978881,10.9432765843,8.8914854102,11.5153354713,2.9287288584,3.9518776632,5.9061192496,4.704326349
19,4.9325968196,5.1065512992,9.6054386229,4.0769730945,5.6156859235,7.2342986782,7.5496736567,5.7610912985,5.4175873364,5.6553404564,5.4330804864,5.4531013124,8.6775395024,6.6588748414,7.9117300768,7.5987108868,9.5461077764,2.9589970496,4.9778161787,3.7589971781,2.0934852008,5.1859929048,3.132682839,8.3871653731,7.5394690335,3.8107187573,8.0915898986,4.7230616307,4.9219771024,5.406746805,5.525453616,6.3304905769,4.174089075,4.5128667541,9.8182411055,5.0659487363,9.4470403821,6.1044401637,4.0329322942,5.6557516811,5.368815369,3.92042816,1.1177511461,10.3493692551,4.6565753172,3.0556849953,8.0529776559,2.0012102821,4.781774101,7.9330842804,9.2956370811,4.3105154846,5.9021139861,5.0516012939,4.3447469437,4.5702349512,6.426560188,4.9773425545,0.6764448157,2.0791109014,3.9521086248,5.655629734,4.2134056586,4.2787177201,10.1096272906,4.9122206783,4.1958331642,6.1641748194,4.8080859835,4.0466674682,8.5233411039,4.3463078459,7.5488645721,2.5234016263,9.624241042,6.8334399938,8.4124598433,7.4603827897,10.3827451374,4.7515786556,4.1723360682,8.4575019187,3.1976014202,7.4437339071,7.3905010317,6.838281722,5.6301010994,9.78954595,6.9670857657,3.3379246446,8.7629967833,9.8020071926,4.2796039284,4.4841564166,12.8914660382,8.0397949128,11.8580838735,4.1439517585,3.2647196821,5.8757688481,6.6387293105
20,4.8356937628,5.4088616289,9.5951173007,6.0807719252,6.3263687922,5.6947046269,8.7551279714,6.7486994718,5.6085774294,5.2151746582,4.8428046654,5.6672966214,7.7080805442,7.220286897,8.9219983345,7.9447018586,10.1328425141,3.6217519198,4.6529067156,4.51655049,2.5549327181,4.1258468294,4.0521376477,8.7401647913,7.6350166378,3.1916666927,7.6188449975,5.9924216742,3.9310210878,5.620594561,4.9136485553,6.7265441943,5.2781002219,5.2490086877,7.379872211,6.8701738985,9.0981611767,3.6740558765,5.4653204991,4.7845704688,5.5105428279,3.6792140401,1.58502843,9.9469604041,4.6869588813,4.4275350356,8.0320062034,2.4631789606,5.3000321044,9.1371963529,8.4065874144,6.3588357802,5.5255929288,4.8341839488,4.2093088141,4.9057562143,6.5388425565,4.7825303813,1.526869499,3.5422859946,4.5912001704,5.2461943819,4.6968772701,4.2277098276,9.3408872924,5.691538534,3.5373371652,6.1448112259,5.0619717647,4.3708468754,8.1939989983,3.8075947421,6.6757141709,2.8329927886,9.6398138327,6.3531881184,7.4723014123,8.0828376579,10.2541482037,4.6757211792,4.0743292036,10.0818742306,1.5893505431,5.8926556219,7.349392676,7.6399147559,4.458828909,10.5088809918,4.950568087,4.5201407036,9.3932195426,10.487759782,4.2331023739,7.2221930379,10.8963084513,8.2279938832,12.5839644102,4.9227443744,2.8482370502,6.2717980497,6.1706612938
21,4.5243293016,6.7846283248,8.7315255228,8.25961118,6.0504167926,4.2983034581,7.731843456,6.0715155251,7.6856927908,6.257865406,6.1599801176,6.2413414701,8.4741687598,7.5997323893,8.9578507382,7.6211347744,9.5494500068,6.0307859755,4.062887951,5.7730945653,4.1879787728,5.2565013466,3.7934367749,9.8674002375,7.50943619,3.5007627123,8.6432781634,8.3305383746,4.7982782028,4.9324524977,6.4003282243,5.1410714354,3.4455834006,4.3510814695,7.1673740699,6.0473786827,9.0206677819,5.0928590032,6.122182975,5.8541395657,6.9852052395,6.1616479487,1.0599451364,8.4057597994,5.1342630647,6.3947481117,8.5786185552,2.2563011825,3.4963343502,9.510294088,7.174012093,6.4994009147,3.5699107886,3.3529541869,4.610678223,5.0332723217,7.2443401271,5.5524494666,2.0212013839,3.4500317967,6.3126087865,5.6405241264,5.176558689,3.4652780438,12.1656164155,5.2444202085,3.8002225132,6.3696002322,6.0016746657,4.578781207,6.778818311,5.0360597942,8.7509567389,3.9653585621,9.3654512026,5.5591319731,7.2227375668,9.6262190663,9.1635031307,5.4975759859,5.3581815017,10.7198543423,1.4225821284,3.400231395,7.6808326702,7.5540642917,4.1983291213,8.4753035414,6.3291417009,3.4873436253,7.9837796853,10.2870606335,4.9278898592,8.1002343025,11.0934501619,7.9165679192,10.8168247438,4.1284525726,1.6803702355,5.3360319449,7.4375026038
22,3.6673437874,8.0323654444,9.065290756,10.167061037,5.032512363,5.0800825561,6.4698391193,6.1096773439,6.474508483,6.8759117185,5.464206657,6.5447131235,7.654584242,6.8964786047,7.4885832942,8.782979957,9.66342938,8.8440565897,3.6946505499,6.7120905646,2.6824690567,5.9106906852,4.5186141282,8.7869774642,5.8884998866,3.172669605,9.7542108191,9.3350271968,4.1320072879,4.0840534029,5.3234899559,6.0747264599,5.6455979348,6.1672420793,7.3960544799,5.9220346373,9.985227539,4.5886757471,6.5485075022,5.3575329695,7.760993027,4.3787014181,1.2400214962,8.8272790076,4.8666604561,6.0972151002,9.7585531153,4.229841558,3.0091501769,8.9125489594,6.4999919783,6.9630675435,3.160334942,1.1445247158,4.8644422268,4.2182022698,7.2720579628,4.229130004,2.0402707698,5.6458502425,5.3784567484,4.6661399054,6.6226679442,2.8215500668,12.8574023965,5.1641231016,2.9305119735,5.4444960781,5.9250401887,4.7629638099,5.0615159076,4.2118162999,8.6643391544,2.9403296227,9.0246402384,5.7687981036,6.2872860987,9.5058776392,8.8635463557,5.3626389768,3.7178437495,10.0509514553,1.5193179682,2.3574419838,7.087400361,7.9436953479,4.3487829351,8.149811952,7.2473686878,4.2991279756,9.7669408158,10.1443719498,4.1879633321,7.8594395951,11.344670984,6.6895864165,10.7652441598,3.4460169925,2.1572610352,4.6684541796,7.9545375565
23,3.4711700581,9.9568503907,10.7400398767,11.548766171,5.0935933591,3.795521648,6.4536096407,6.2120691808,4.9584715239,4.7508704408,5.4768267937,7.7628036173,8.5788639695,5.5504817396,6.8550699255,9.2721550954,8.6388130052,7.1573504197,3.2442679503,7.8612560016,2.9770997754,7.741447363,4.2723579241,8.8589701288,6.6001850229,4.1082112694,9.7373392136,10.3657238569,3.2713383587,4.555437695,6.0759232921,6.5232230495,5.619051017,5.2513314343,6.5219744721,4.0870426346,11.4843779802,4.540138696,6.2692657125,5.6688432554,9.0878415897,5.121881492,0.5130038785,8.0951892273,3.5611968548,3.6375615754,9.7777052237,3.8105112918,2.5364594714,7.007533695,6.5631765147,8.3579310197,3.3424426914,1.0841295994,4.7965903119,3.287412898,5.790756872,4.5675410979,2.3396639191,6.3631349,4.5455449675,4.4932877473,7.511117671,3.6006537276,11.5935925223,5.5380243682,3.9869099709,5.6439790583,7.8081095118,4.3949443087,5.9645405125,5.0438740665,8.0294960614,3.0525016628,8.8582307332,4.6473248133,5.1437149269,8.7425253495,8.9815662818,6.119200166,4.4515193394,11.1483392066,1.7587365046,3.7311763505,7.4375157128,8.3434108371,5.5531160345,8.2008347971,9.4940553371,4.1259992369,9.7768092465,10.001351543,4.5795665164,8.8590037751,9.9567577315,7.3005665076,10.0583317702,3.6217528323,2.201925866,4.9132834351,6.6621481024
24,4.0770758353,8.8270876931,9.3983543094,12.8548104676,4.1381417328,3.8243182767,7.85613431,3.8250562388,4.7476241708,4.6944151571,5.6108123514,7.5762987039,7.6935304673,4.7845133012,8.6815378469,8.7025097696,9.9263648233,6.1867489112,4.0185072014,8.6430761201,1.7123230615,9.4191779389,5.8227897254,8.0861388985,5.9866345206,4.252163755,9.0817981502,9.8904049307,3.1827703975,5.180255517,7.6732913028,4.7967605418,5.5663007594,4.6530270298,6.1523017774,4.7990718509,12.0870649262,4.8907975009,5.1075555722,4.8393861435,8.1827649593,5.1006236539,0.2205402135,6.9465189096,2.5223688169,3.0001539714,9.4381891755,3.9386715007,3.2445630871,7.2223312772,6.4091117852,7.8470483438,3.5221745069,0.6067981467,4.2802875614,3.9314691795,4.0358052361,4.8976140268,2.3178664627,6.2617913,3.7440329333,4.3648975535,9.326955884,3.9720887367,12.4549050469,4.9632751677,5.2188920275,4.8959236532,6.2944572525,5.7074681109,4.2422508431,3.1492591916,8.9015669131,1.8459360635,8.1805512089,3.9730279649,4.7500719892,9.4259173309,7.4237077788,4.8136393994,2.924017237,13.4410635502,1.4947306959,4.471841729,10.1084485459,7.4106154747,6.7241096587,7.9079894949,9.8155043571,5.4699706187,10.6344541743,8.7357805906,4.4583907744,8.84955301,11.7427024449,6.8025377356,11.0558712174,3.7101209125,2.7305773982,4.8535611115,7.0665453116
25,3.4663877347,9.2850550229,9.5613117632,12.7387238832,4.8303728081,4.0838793125,9.1151957346,2.7887279123,4.7913668704,5.2044753494,5.3132058875,6.5047497646,7.1180004916,4.8371225328,9.0017937076,6.7686859713,10.032307468,7.0045831602,1.82827596,8.7630922583,4.1159901392,10.1091210476,6.8866019595,9.4311266444,6.1037140214,3.8667251848,8.1361938418,9.2760924405,4.0706115941,5.3361353949,7.1406983854,4.4064676634,5.3922050128,4.3730763627,6.4330678813,5.4361091129,11.4071275206,3.7673276692,6.7876190523,4.3480785655,6.8291213322,4.4713879682,0.9805608947,7.8957719099,1.6076314618,2.4495528928,9.8619562759,4.3592394108,3.9252160184,7.1156684704,7.0425642606,7.6124063223,3.4784816638,1.1828439056,3.8717837627,4.9836231983,4.4888329362,5.6487065454,3.1434372009,7.4160446901,5.0788237846,2.9739121036,9.1170476881,3.4375661373,11.1178518296,5.1973843502,6.3303443227,5.002020162,5.3453648065,5.8558647443,3.0369456396,2.3524413533,8.8466398167,2.6251773066,6.6756563779,2.3559156582,5.3604514196,8.5709910241,7.3520338446,4.7278392618,4.2847184523,13.7569689829,3.0054885887,4.4612656179,7.3632578131,7.8656602964,6.2496653599,8.2136712846,6.7605951554,3.2412079795,10.5581921632,10.2634027083,4.5718953926,6.9439364328,10.9204446377,7.7653547099,11.2813591312,5.1339411882,2.3827173148,3.7658194089,7.8987233146
26,2.8067042125,9.2208799668,10.3805207888,13.3065985474,6.8886509347,2.8858636588,8.6858051914,2.6751659205,3.9599679311,4.9073667276,5.8168701894,7.911521778,7.7369962376,2.7315992095,8.0509047407,7.2966660224,8.5343667945,5.6276693858,2.3991181083,8.058650591,4.5438574334,10.533505299,7.4757076716,8.7247999315,5.8221893229,2.9504112111,8.2868058853,10.1035613765,1.9485345263,3.6333138771,5.5684610579,5.1501444141,5.1715742359,4.6209234497,6.0157745558,3.7801645672,10.5214627999,3.9905633605,4.8800305892,4.6086146497,8.444441708,5.0432679444,0.9206381642,8.5024583964,1.6121878719,5.6860584696,7.6691188939,5.9211271142,4.0773802668,7.971714279,8.105946827,9.5770556669,4.2992707587,2.6751914628,2.0354052527,5.0015544776,5.375625068,4.7092329935,3.5022429229,6.9163366591,4.509530177,3.8718825297,9.1412156438,4.0391417119,12.1272215054,5.2815317383,7.0660337145,4.2081790043,5.4287408507,6.337165169,3.6677308941,4.0249001801,10.2082071029,3.5327774618,5.8350021127,3.3903265124,5.4766776176,8.8938011304,8.2739419572,4.4904614839,4.2222267252,13.8797627328,3.5882408765,4.2552620174,7.2386889649,5.8728117141,5.6202553868,8.7641480509,6.970928809,2.1539929775,9.8756040647,10.2127461461,3.9125424564,5.5989267021,10.4738424036,8.9436286241,10.8828407588,6.1643912043,2.501881239,4.2467541677,8.0759571582
27,3.2050072402,9.0918981481,11.0959027465,13.8324441152,5.2636227791,2.6990844477,9.1104404683,3.0349845096,3.6409786067,4.7791678518,5.94122426,7.722129509,9.00691989,2.1133751674,9.0543255968,6.7839892626,7.7178842314,5.9325761143,2.9293764158,9.2897361485,3.7885423446,10.3319712875,6.8563347487,8.425119537,5.8141573754,3.5535009883,9.8560034234,10.8785875428,1.8486674642,3.6591990701,6.2332722856,6.4276688002,5.7179812915,5.8708874517,5.3683480836,3.8116618697,11.0759202239,4.0715321788,3.9298630887,5.1780984344,8.2453111172,3.9665903743,2.6695097789,7.6038847733,1.8953928542,4.9886458194,8.5293745066,6.2053713707,6.1874259214,7.7347795361,8.0383618835,7.1172907657,5.5385091318,1.8088965726,2.4606288438,6.4417348243,5.8846224877,4.5326274594,4.0610964714,6.1970515057,6.6654449045,2.8546733973,8.8439279534,1.9965162599,10.3950626318,5.1001449458,7.5016046943,3.4302064236,6.5578489139,5.8444780778,4.4317948684,4.269482935,8.8358903987,3.0623754563,4.8490386864,3.5000196981,5.8832636852,10.1830151426,6.091955048,6.0554020189,4.2452615123,13.7691723108,2.3988820555,4.943202976,6.5023917987,7.3973296888,4.8630232045,7.8079419791,7.1524126317,1.858300234,9.7983683925,10.3180566329,3.0627319505,5.2214736501,9.4734292366,9.2365723357,11.9225114505,5.7487530743,2.6067920104,3.5073336401,8.7973597579
28,4.0315508758,9.5680477784,11.8107396993,13.210254365,6.9643004055,2.3213989348,9.3614764694,2.047167886,4.0971377619,5.8810134508,5.4357257238,6.2297037563,8.4386186879,2.9601133724,10.621695608,6.7222493807,7.4648191195,5.4139530783,3.4677390473,8.5461926727,3.4625491785,8.9748363194,4.9633846201,7.8113117237,5.1139249939,3.4564062029,9.666790103,10.5767137579,2.8067931687,2.6991259835,6.9116267228,5.0629951275,7.7637333913,5.3906424986,5.3490646859,3.177940103,12.3877978348,4.1969592905,3.7831519723,5.4039624877,8.8259153551,4.5203161991,3.1563621936,6.2114503524,2.7836163936,6.1753695877,7.0799310979,6.3740295207,4.6434214953,7.085552409,7.6569573537,7.2856407836,5.1296156711,1.6501908361,2.2263019365,6.5889952454,6.6849455872,5.6369226377,4.8591951308,6.2726272557,5.9602946009,3.0036767788,8.6094759387,1.4872225745,9.1903794153,4.997508496,7.0525847124,4.3578603761,7.6713569882,5.7141621535,5.5892913448,1.8670593114,8.8751123975,3.342536555,4.9394056789,4.7533847171,6.9974669106,10.6056398052,6.1798422771,6.7438229354,4.7743221562,13.1145350464,4.685520159,6.8838416141,8.364566615,10.2171480775,5.0474508439,8.6821208891,7.2157729484,1.0322894843,8.8713997905,9.6543178649,4.4313081149,5.2209775058,7.9667576712,8.7960577755,10.5204441861,6.5333677335,2.6132988481,4.1936727363,7.3269413887
29,4.6367413836,9.7069413967,11.9852645964,12.5154974935,6.1834213225,2.0388364167,9.1230545226,3.9439762039,5.6473077581,4.3103161406,3.216639014,6.8089600277,9.4052671776,3.0156170978,11.1968622455,6.3385384651,7.6044027638,6.5352272484,4.4467874254,9.9004408667,4.2083308478,8.807459648,5.4641073105,8.3226872713,3.9485814129,3.3905844549,10.2485990996,9.2445514761,2.5165610686,2.8893917024,7.7414830432,5.395987037,8.4277756224,5.5661669268,6.1825377497,3.1098608666,12.2764726732,3.7749901275,3.0096568967,5.5786874385,10.7031747442,5.4210832309,2.7312561689,7.9668336725,3.2742834509,6.2020911667,7.4459539983,7.3937407807,2.6397005303,8.1509214704,8.633571747,5.5055298765,6.9459346465,2.7375840449,0.7029256195,8.9436566325,7.025520068,4.6269607886,4.1547953079,5.7445192492,5.3789955785,4.5899420224,7.8215817201,1.2645827019,8.5048494504,4.2412192702,6.7266508774,3.265522417,7.0022160752,5.4711467583,6.5007572644,2.7411207039,7.1778577512,4.1229247689,5.8362343153,4.5274162942,8.3197484961,9.5532924295,5.745831596,7.3521673881,5.5462179575,14.0249850477,4.3651869083,7.5095403468,7.3042514717,7.6634483644,5.351484305,8.7542206152,9.4462676816,2.9360817371,8.9185676694,8.718864846,7.0166441473,5.1230795341,7.3390514756,9.1525581154,9.7623355489,6.1902291031,3.5070287857,4.0291268741,7.1240727103
30,4.542229108,8.9194981814,12.2038681007,11.6855500981,6.8033170551,2.3530968033,9.7464935689,4.7138949577,6.2925682822,3.8639311892,4.0898586827,5.6263528649,8.8737410955,2.1392823274,9.8176989357,7.6481533968,9.4250250828,6.544088221,4.7727812123,9.9473497337,4.6159776813,10.14793739,4.2081537889,8.3480114501,3.8187213741,3.3325992649,9.4512534134,8.7200971606,2.5260702973,1.784258732,8.4136773899,4.4945550745,8.4714747009,6.8779181228,5.9760087836,3.4918084042,11.9451417307,4.839390549,0.7012895865,6.1841799361,10.1458913657,5.3336690539,2.4247469663,9.1540818869,3.9239521443,6.8850885657,7.8308844245,9.4531275543,3.5079708022,8.9189177956,8.0931768311,5.6809912899,5.4605624421,3.4398704281,0.8375516485,8.9791379745,8.470802925,3.6768302556,5.7605109726,4.4145230862,5.5418830972,5.6661044951,6.8762293629,3.226467991,7.7240959039,3.6213975428,6.6416644165,3.5410713497,6.7829716849,4.681441829,6.627358697,3.6650509505,6.6268374746,3.7238163146,6.6185315294,4.1839074058,9.7017345061,9.3938746534,5.5730450245,6.7053273368,6.5148586916,13.4355277674,4.1955711619,8.7169645543,7.5804629335,7.4295631128,5.6962092932,8.4044282517,9.2846010342,4.3449704231,8.2390898006,5.7684811565,8.1995753362,5.6492893514,8.4509064938,9.2439303898,8.1774964906,7.318087695,4.074197987,4.7370229551,7.6656576598
31,4.3746412413,8.0701942053,11.2738162495,9.5950907375,7.8573288762,2.2629666128,10.7641586318,4.1891242328,7.4393730355,5.6239649304,4.3413081773,6.1280204741,6.3929743247,3.7419576265,9.77085404,6.2866107814,9.1106298589,6.3359974414,4.3290566398,10.2634039781,6.2567176958,10.5826363561,3.6943532781,8.0476964628,2.7330808907,2.6827491983,9.8794051483,8.7059670515,2.8489870015,2.5001199406,8.29686864,3.6929175851,8.6138608353,7.8111153356,5.4873510674,2.6521446178,12.1140063326,4.811882773,2.0600709221,6.4467218426,12.5912024628,4.2447827209,0.4401163088,9.0616883667,2.8795839639,7.5975993885,6.2454669616,8.1524789061,2.5005288343,9.0048549981,6.0472161258,4.8785598823,6.5480455131,3.1831260172,1.5998223429,8.8919126729,8.5725303713,3.9949237677,4.7531886779,2.7752665637,5.0942713701,6.5896016695,6.1166006629,4.4968797913,7.2780237204,4.4744052212,7.6483130941,1.4580472671,5.4138800083,5.9220697679,6.4331372682,2.88741248,7.988290942,5.0793108994,4.9980628234,5.9689200413,10.0216850601,10.7621450016,7.851009954,6.3583515773,6.9106346701,13.0809394764,3.4023848263,9.2065702475,5.9651090667,7.6104845777,4.3295584453,8.1332543916,10.1133449184,4.8338106301,9.0690599836,7.11589748,7.7625270921,5.7947204518,8.9262431792,9.8167439798,9.6648324349,8.2230091784,4.9629784362,3.4081707618,8.4171763357
32,4.628997313,5.9437434448,10.0813857953,9.5880519499,6.9458805866,3.5785473819,8.1359344858,3.4063188424,5.9173918086,6.2262178737,4.7955956901,6.1957051189,7.274414788,1.5221207445,9.5765718546,5.6438034625,9.7964872909,5.88577433,4.1058305942,10.611513403,5.8564589229,11.9955867736,4.0081155012,6.4379138373,3.2343361219,2.9237080808,8.6426859432,8.2671810462,1.0455713437,3.6298432078,7.738097743,4.544444144,7.8648094662,8.4648894384,6.57108084,1.9363070101,13.3127802283,4.8612284753,0.0507204663,6.681717437,11.7502929789,3.7538863748,1.0608742668,8.4387924386,3.6041105173,8.1263013976,6.9484426406,7.3509586094,4.0187225111,8.9288345811,6.9190023232,5.4432126317,5.7328664154,2.48638916,3.034354453,7.8925952019,8.2431111399,5.0474749246,5.0874973368,3.552448846,4.6999191285,6.5367887103,5.8038047584,4.706551653,7.025843805,3.3873551083,7.6638757579,1.4213012884,4.6889610123,5.9609462314,5.4951865257,4.2897052884,9.1253547286,7.4769753531,5.1596327121,5.3160368946,10.0479966232,11.1441423793,7.1874381576,6.5735033904,7.8330180988,14.4688064945,3.1748305285,9.3259023987,5.6832287923,7.4380200876,2.7596735736,7.3754557553,9.2183683441,4.8149725708,10.9176449864,8.7286605908,8.6040822857,4.6213355024,7.9703837582,8.6108661503,8.154626869,8.050549171,5.747171278,4.8036748562,7.8223116135
33,3.457125813,7.9422537109,12.2493661766,10.1207425227,6.0576310182,4.2288326985,6.0428586654,3.326626682,7.2844385808,5.4044829246,5.0437564832,6.8158229989,5.882530088,0.1589572507,10.1264009348,7.3014343172,8.6363749393,7.5902321984,4.2927217419,11.6845889137,6.7634764248,11.721819031,4.4787419812,7.8059915323,4.4530166405,2.0147886505,8.4556971023,8.3535683262,1.536013778,1.4730342866,7.0667664154,6.4549279959,8.9670435428,7.7311890909,4.2230255201,3.5922678719,11.3100218515,5.1001262736,0.6536249743,6.7225074376,10.4210805375,3.5193728056,1.4195654952,7.9577120009,3.2602729533,8.5250074427,7.2140970466,7.8561328666,4.4778073783,8.8763958317,6.6498868483,6.2034788195,6.4619794917,1.8732948463,2.1367897178,7.4087144791,6.9258788438,4.2134116929,5.3202722217,3.3151407268,4.3861064523,5.3255891744,5.195804696,5.5440360491,6.2892411046,2.6288375129,8.0925471149,0.8473185086,4.5812799424,6.7357570816,4.5138372312,4.0045961582,9.1056719514,6.9501231934,6.4170487276,5.365672061,10.0834706289,11.8469957505,7.5088370063,6.4112879144,9.3893085951,13.6046101679,1.9226491284,10.6832138067,6.6100411015,7.1248600404,1.5598346964,7.8803044943,9.2585627404,6.3832749511,11.0915659419,9.9454804607,7.6416661541,4.2096824303,6.8094371886,7.2663724375,9.8339534901,7.9974334318,8.368090868,4.4867272877,7.1330853882
34,3.4160605273,9.5342186615,13.0958040538,9.0417377741,6.188354335,3.7091730948,4.8134341257,1.9199947445,7.3502802805,4.7550126821,3.6492595764,6.2601068524,6.6769519028,1.2052799415,8.9673756741,5.8065945972,7.0662089337,6.4991856883,5.5133418767,12.6452355007,5.6463951971,10.6875468189,3.9116290726,7.8160472099,3.2344934466,1.4451230324,7.5441553927,8.2206834331,2.2154328028,2.1951603216,6.5477732333,6.1002798701,8.5309877769,7.6275252322,4.47322757,4.8818443684,11.4376694382,5.7299036643,0.1571014007,7.9379705172,9.4682609954,3.1659167407,3.1466118295,8.2256394001,3.9789137993,8.2391897273,6.583430776,8.9883880921,5.7070574646,8.7968180071,8.0518329614,4.6722935281,6.5950945053,4.3279110125,4.161738003,7.7316366709,5.9478173496,4.8502092349,4.3344801597,3.7284469922,5.6785652627,5.9885545716,6.4453542361,4.5778652951,7.4274128142,2.5923131622,8.5110456082,0.7721625392,3.6338941645,7.7842498776,5.4577436092,3.3689857135,8.1264438788,7.8713217427,7.7207427164,6.541042084,12.2933946621,12.0698629671,7.5601368101,7.4236490299,10.3365161121,14.3037075847,3.3079993071,10.7873092248,6.2668826899,6.3046450377,1.7066865246,6.7072903777,9.6536054252,4.7444975131,10.9696046625,9.3601552788,7.1537632851,5.7529156543,6.0451487567,7.4312742633,10.3044659077,7.4083106516,6.9991642517,2.0608927789,7.1962052047
35,5.5545178486,9.3406708458,10.460576306,8.9557983455,7.4204039678,4.278243898,3.6768764469,2.913791714,5.9480773358,4.722424104,3.4572782339,6.9735988428,8.8820000317,2.0776331682,10.5528265995,5.7196497595,6.0698130244,6.7474154814,6.2266263581,12.401294635,5.510253626,10.0789028512,2.3696453356,7.7060499427,4.2427984751,0.9421690623,7.6386611068,8.7179004969,2.3223791629,3.6300652285,6.8460680212,4.5167515915,8.6557779078,6.7016490232,3.0001625647,5.4242548959,10.1574082228,5.8329478839,1.7216293428,7.8868581265,9.0274388287,3.2210455703,3.7549576808,9.6044364072,4.9143238577,8.778086631,6.0892857545,9.5064688096,6.5978840608,8.1617904922,6.7024403529,7.2932461221,6.5551482557,4.1727315184,4.9532220375,7.3530243444,5.5543867455,3.0484718294,5.2231441413,4.0096913971,6.758548369,5.1040486412,7.1883859698,4.9435691708,9.1403248195,2.7715416321,10.0095997387,1.905417832,3.2699474573,7.7364984502,5.9043917774,4.6286869813,8.8367999263,8.2283237607,7.1377528953,4.7754191552,12.2287860927,11.2418280655,8.9963853142,8.6188026576,8.9746969792,13.8327904345,3.6290816192,10.9975848795,6.8167368888,5.4837569959,1.5968795665,4.0239340703,11.0131036748,5.3469303655,10.9440616962,8.1178608801,8.599098847,6.4142924359,6.8736434668,7.3726717762,11.522785059,6.6240061549,7.6372341549,5.2528422931,6.5368228913
36,5.7343057833,10.4443231046,9.9684192757,9.2580444045,8.8373861429,4.0451371613,5.0343292296,2.2836281614,5.6367528136,5.7379221856,4.7934749827,7.6977694135,8.9945404719,3.8629698344,10.4558526586,6.2976490755,3.988101604,7.6505626041,4.6826163983,12.343829574,6.2751252052,8.5491888176,2.1186505753,7.7709993,2.6301133892,1.4399125656,7.9676760953,8.2577527719,3.0033300727,3.2963861566,5.3461469536,3.7660953194,8.1579193671,8.9939676406,3.4118021373,4.9826176609,7.2911833461,4.8837163409,1.8738772889,7.7492641297,9.5458755864,3.5237293903,5.0885790522,8.6852018786,5.1132452823,8.7179080026,6.6729589701,11.9865776853,4.6060432674,6.3450606425,6.4624017571,8.2088927735,6.6387522042,4.4050374825,6.7153761219,6.9719588426,5.9027987069,3.6750933736,5.3661651538,3.3563381147,5.6731083659,4.011710548,5.3564587688,4.6784339487,9.5530066693,2.4956040061,11.0880527261,1.3385520509,3.8329709091,7.4147860562,6.2383869725,3.0135102209,9.6634491416,9.115463281,6.4962678582,5.9032658724,12.6480506483,10.4480525359,8.1346662034,6.8262539749,9.7164554089,13.8343081576,4.2900738146,11.8628056459,7.7675841696,5.6510210607,2.868679117,3.5740803988,10.6416164122,4.3218262028,10.5059178607,7.2185803283,7.6838062111,5.290981447,6.0177968958,5.4490328892,10.0269847823,5.0977229915,7.8892378459,5.2283070699,9.4371071247
37,6.5214038252,10.6926796974,9.95702464,10.5361839619,8.3162367874,4.0964994293,6.2446880588,1.9658116984,5.891393502,7.0347332096,4.925930265,8.359893418,11.1555787409,3.0970131173,12.2198879702,6.4583582506,3.8951647112,8.0054638087,4.9602636524,11.9803049429,7.1942534136,10.900421796,1.7759835942,7.4930673067,1.4171076129,2.9191231344,7.7546078695,9.1291359005,3.9747381617,3.5159582117,6.1623984651,4.4452428159,7.2814136447,7.9105838269,2.5584056572,5.7518828797,6.45928969,5.2940846133,0.8126733535,7.9677488005,9.8893991781,4.6168608044,4.913755088,9.0382613122,5.1201623742,6.5075935968,6.9691936751,11.5170949609,3.8146984275,5.7642079598,5.4655994661,8.2245817576,6.92701595,3.0529645597,6.9691819119,9.3416621833,4.092947323,2.6361067656,5.2616238672,2.8828763022,5.6144249134,4.847563187,6.5353609586,4.326666883,7.182822061,2.386640226,12.3424692443,1.9317185103,3.8661475013,7.2333890424,5.9883460922,2.8531499644,11.0719205501,7.8716037477,7.8995301791,8.3204314961,11.9147417072,11.2282569383,8.4082737557,8.8709496939,9.4585615362,12.2841472892,3.2305244132,12.148345874,6.785534169,5.6516156492,4.345269028,2.3691056016,11.7045141396,5.7223167951,12.312089688,8.4432249872,6.3489286436,4.686799039,7.0541253691,6.4582250424,10.2307432694,3.9413093741,8.5546826215,7.0718437227,10.0571663647
38,6.9129627998,11.6218408499,10.5444251998,10.7029861741,7.1251241759,5.2373183431,5.7671409366,4.0006126318,5.9712480013,7.2962516917,3.2681557265,8.7904400912,11.9267409493,5.2501502286,11.1533588682,8.2587591872,4.5095500581,6.8553072774,4.5898127296,11.9019070571,6.5034357864,10.0167267831,2.5646464485,8.5834412702,1.9381464138,2.3581064766,10.057566595,8.421859124,4.8171622626,3.4076788129,5.3791782103,1.9419410216,7.3989211736,8.1186661478,3.0808028754,4.274149145,6.2659201857,5.0771971667,1.6873212328,8.4821629874,9.960976227,4.2352490656,6.488538438,7.9576769894,3.6473077279,8.2054328172,5.472005074,11.0561633241,3.8849577136,5.849606005,6.3216170985,10.5571426678,6.2555119673,3.7195514031,5.6961310603,9.4808653147,4.0481416606,4.3841040232,6.2424080084,4.0739646944,7.2979242788,5.6375021174,7.1842795629,5.3780653749,7.8293662273,3.035277702,10.0172988993,2.7448387454,3.7291893568,9.0312337146,4.21866971,2.5478680542,9.2412895236,6.0211880807,6.7129701279,8.9704250807,12.78378077,11.5657172555,8.4067177633,8.8114890689,7.9842051559,12.4212273212,3.0797699745,10.712620882,7.0509818944,6.275639893,4.1824930113,1.850756957,12.9483912059,7.207266624,10.3649343109,7.8825642536,6.8492375022,5.954452524,7.0971411713,5.6047089593,10.5303195034,3.4152342623,9.9749971638,6.374948019,10.6861635333
39,7.3547341984,10.9834433753,11.001845607,10.762575084,5.8318703547,7.0404779286,6.4209687156,3.3484845166,6.5898711978,6.6796242672,4.4469224766,7.9872202934,11.721103036,7.6691248053,11.6738205841,8.5025602072,5.8690203479,6.873540256,5.020721233,12.1596626737,6.6836402581,10.0773435463,3.2521191528,9.3387215043,3.3600713284,2.2791703093,11.3919760967,9.2754808383,4.356767369,2.2325575471,6.2270251912,1.2302465549,7.2112478754,7.5099230723,3.7559659762,5.3703505757,6.1123736011,6.2041857078,1.8305157752,7.2943242854,7.3784849413,5.7266063623,6.6466295574,8.6845474601,3.8015031677,7.6144457299,5.3212364478,11.5335172454,4.1628931362,7.574255788,6.084587514,10.6005525365,6.3331796284,3.4921726515,7.2141499472,8.8860051114,5.1643431115,3.861369742,7.5320600196,3.7164703104,7.599478832,7.9770107031,6.6745137347,5.2497220642,7.4903039735,5.3572252865,10.2765397659,2.0549895745,4.6331249165,7.2964979764,6.5628677304,2.6262555413,7.3859436201,8.466658761,6.4321565968,7.5106773016,13.8008514466,11.2123127723,10.0268822546,9.3186044988,8.1126839231,13.4172936675,3.6918657518,9.3466451436,7.799669361,6.3759439278,3.6127733835,1.3432669582,11.7804317511,6.9987068479,9.4430890446,6.630313247,6.6207544985,5.9170425796,6.9246267557,3.8318971683,11.8641086219,3.3072703187,9.1338776462,6.7789792322,9.7456192757
40,6.9332980409,11.9269991651,10.2503926667,9.3393641482,7.9985567011,7.5019168345,5.6105523957,4.7197332424,7.9839661494,6.3462876468,4.7089098089,6.1552332246,11.5420749932,9.1536894944,11.3509566831,7.8287603616,3.5983960705,6.1896016823,5.2916536221,12.9351183522,6.1910629543,8.9365254024,3.2425431121,9.7710633248,2.8257676921,1.7265892234,10.4940789983,8.815591813,5.2323220608,3.2119547757,8.0259412612,0.9086009024,6.0342771412,7.96155064,3.2987227446,5.6181542807,3.9932535939,7.7417129295,1.2998016811,7.760999447,7.8825983594,5.2791041927,7.8891064187,9.4581049753,3.3290756454,8.2041126327,3.5946458496,11.8416718598,6.0977684933,5.7166497541,6.8979852146,10.9387377578,6.3587224698,4.4562466926,8.9169142039,9.4331648076,4.5202018484,5.3599905622,8.7897814503,3.5030522318,6.7219468168,8.7819786752,6.3416145488,5.575305252,6.4919112178,7.0407636659,10.1155457013,1.4706451769,4.8233499304,7.7000026278,6.8324159492,2.5249501654,7.0122075526,7.569011425,5.7014032282,6.238653029,12.9471928042,10.6787742618,10.8415165089,9.178876746,7.4735761659,14.5849043687,3.2680701166,9.2975507255,6.0166787192,6.5096896321,5.3449438448,2.4832109759,12.5096384762,7.2381028274,8.912535253,7.8290884389,5.6810592621,5.1513653374,7.991242477,5.1907353315,12.0477718391,4.512235307,8.1928135985,8.3563302682,10.2727448589
41,5.8472605911,13.7177240287,9.1002650522,9.532883898,8.0207609296,9.3919725892,4.4599477018,4.5317894015,6.177088173,5.884104895,4.3435585435,6.9460063538,13.1880231773,8.3725200215,11.4266756808,6.0493912434,3.1352380084,6.8676708371,6.5197808615,12.8648473239,6.1248270207,7.7660924374,1.8472783936,10.3376789311,3.2560603082,1.2309243246,10.6325682353,7.5246909553,4.6269450551,1.6844505191,6.5709071961,0.6863959,6.6003905381,8.6429219852,3.5000690219,5.0579537612,5.3100863833,6.4839498386,0.6192151556,9.0945739323,6.0031585199,4.5199162462,8.2111313578,10.0196405405,1.3655753903,10.618786224,5.4560923138,12.1384366919,6.0196990549,4.6794099291,9.4950990937,11.7154850929,6.6918582425,6.5945404882,9.0362470855,9.819217945,4.7777517502,5.0852090828,7.9002970965,2.9092005468,8.6243153542,8.2993869711,5.4103491845,4.6495715204,7.8312499257,5.8273926585,10.6873305108,3.6191610171,5.4844885453,9.3502887917,7.7654585447,3.4486811239,5.6782496941,5.8094043033,4.5191390744,6.6862101233,11.5149340241,9.1287891238,10.100515753,9.722110432,7.7185899943,13.6160935456,3.0102041181,8.5788760893,4.7532426297,6.2531958337,6.9503345877,1.9475067289,10.3433987877,8.3226156384,10.2577926684,8.9320591476,7.6756832405,5.7509810049,8.0700229117,4.937382617,11.0042829576,5.5875167928,8.1665618341,9.6490623915,11.2935896693
42,5.6163257294,10.296228906,9.4645849006,9.4175977946,6.6021113988,10.2441805931,3.865715396,6.3575421601,7.0477864549,4.2761295537,4.6037581148,6.6656407907,14.3286411223,8.5127551051,10.8284206989,4.8482348438,5.6241397272,7.3014649303,7.3152000392,12.5338842932,4.7606024822,5.7044573392,2.6531469228,10.4572606435,4.3158634237,1.999169695,8.7617704672,9.1282849944,4.3978876384,0.1536597555,7.1149495788,2.6058615418,7.3829964308,6.5399313069,5.1323175996,6.9009867805,4.9645930587,6.4556728826,0.6207807547,7.6049476787,4.2838571234,4.6249532073,5.9368011238,9.2506942693,2.3310686641,10.7665184511,4.5410698717,12.3945371666,5.7384449148,5.1041248216,9.0591745589,12.8497439222,6.5246786801,6.1300205245,8.8163507391,8.3488137427,6.2637271238,4.5754357398,7.6819499519,3.303619825,8.337845273,8.3025572216,5.7476478008,4.7287941215,8.3813150411,5.552700532,12.4847575007,5.4489016668,5.2282110952,9.5516658336,6.5692031541,2.7411292536,6.9740085012,4.4828908978,5.3661045527,6.2295300865,10.3663659415,7.2048609269,9.976692376,10.1727279616,8.4849986861,12.8063464637,3.3615056065,8.313306604,4.6642979681,5.9219122805,8.0436855389,2.1319621269,10.5605731267,8.2622346925,9.168828747,7.9427397089,8.9157893234,6.3124761432,9.0226542031,4.556747205,10.5519582694,5.537119731,7.6612959645,8.7963118244,10.757741108
43,5.9117095483,8.5032088617,8.881865175,7.6475008636,6.6897317456,8.8323894985,4.799022009,7.2072571833,6.8737006455,5.5219522489,4.3400110867,6.2204609506,14.6345202768,8.4830255505,11.1244597385,5.0075560046,4.9469701907,7.6209621383,5.5510708707,11.0766638127,7.4302325728,5.4661281386,2.4634065785,10.3503570894,5.2163269032,1.6977969742,8.2555996331,10.8867380034,4.4292346276,1.2331227895,4.5696469152,2.5836153003,7.0858866402,7.1390135202,5.8848399107,8.2719264983,6.8100768577,6.493853728,1.8663083401,7.2446051835,3.6409074574,4.1019065464,4.8727473254,9.1607452727,3.3392075017,9.8373115494,3.8791120971,12.8940459677,4.4691716983,5.5624727753,9.5016382695,11.0337475759,5.1510681089,6.6561338114,8.7047904926,6.9975429614,5.4142892768,3.4833965506,7.3492828757,2.0781054172,8.3069632222,8.4402228588,5.0546695272,4.5311886185,9.0933431521,5.3284790077,13.0799297837,6.3688619644,5.0952645832,9.279423055,6.2488063606,2.4446285572,3.9088679635,4.8409785727,4.2881418375,5.7314843756,10.5905355762,6.4019402769,10.7066919519,12.4228559844,8.7052930679,11.3165774272,3.9025251281,8.6139409914,4.455874255,5.1319794914,8.1740170975,1.1410038324,10.6872926208,10.3779148169,9.5130926661,7.6578583363,9.5343929716,6.5408460124,10.177915587,4.6384798439,10.2332596329,5.8811331204,8.8612610462,8.7746868469,10.2393869019
44,5.0214772519,8.7149399062,9.9085485701,7.9626379642,6.1125833109,8.9079325206,6.3614394974,7.7827055552,5.3067744327,4.4562939208,5.2624231099,6.8965824557,13.8800423823,7.6726167548,12.6407397437,6.6260421176,4.7040379791,6.3483316531,4.7309677584,11.253289244,7.2514187185,4.0886837182,4.1279164489,8.759090679,4.0145453435,2.2956542164,7.9017776689,9.9098083666,6.7264277371,2.4705378701,5.3656589141,3.6429349589,8.1067330448,5.0904872901,5.1679005451,7.5473625099,6.8778501478,7.193122353,3.0465738902,7.8621937038,4.7780016178,3.2008001459,5.4717246062,7.6817073229,3.651943171,10.1557620127,3.1223735813,13.4596155968,3.8870224696,5.3593816739,9.57316727,10.5229829492,7.6368260856,6.8056416875,9.0542505235,6.5689693785,4.76442828,2.4948154709,6.7315376403,2.4517640874,7.7744659744,6.8859020828,3.8849248844,4.8066615437,8.7739748108,6.1022094963,13.3714132307,6.5036007315,4.3092202912,9.1656292255,4.8990976466,3.4630700527,2.9601690505,5.6599268176,3.5334048888,6.5185867637,10.1611971593,6.6596725114,12.0821444586,12.549726965,9.4216032965,12.7979039796,4.7585027202,9.3100906341,3.39957406,4.9970718518,6.0001797005,2.2629569121,12.5862908095,8.3683685434,10.3181979088,9.9850917023,9.8074987308,6.7825228757,10.3717631465,5.0971990618,9.7758208139,6.5074497986,9.8932346498,9.8461454692,10.2089961525
45,4.6423800155,8.3808159309,9.0917581783,8.832697045,5.4594002867,9.9312516795,6.7071705167,8.7977841172,5.8383526432,4.9502003274,5.6033999912,5.5255034397,11.3718204261,7.5548304809,11.3478633481,5.869894888,4.3718632351,5.6446287281,3.2597340391,9.765108059,7.2473655926,3.6531474988,4.0227270294,10.5414364063,5.7300883728,2.2088514088,9.2898732312,9.2000560059,6.830040404,4.5748203677,5.0196522986,3.040860895,7.6917039611,3.9522731502,5.8073173205,7.5782829665,6.8572500099,6.4146567449,2.9532329322,7.3167985773,4.1387816814,3.7748777218,5.4246658238,7.7650444955,5.4317747221,9.6369832369,2.563494733,12.6394150976,3.2538058943,5.5708190122,7.0975413209,11.0150623808,7.7996253278,6.5759786552,9.8054395122,4.9733780487,5.655224885,4.3136083746,6.8264236333,1.3246166341,6.315446476,6.691592767,2.8947573594,5.492310337,9.0730564274,6.789672334,12.3413344415,4.7822604165,5.8859242423,9.3922532812,5.2576171392,3.1118221156,2.3250370892,5.4774449661,5.6244488449,6.8688471099,9.5972092482,6.5936838701,11.838581747,11.7545410544,10.7074175908,11.8152844246,3.2711510905,9.4320028012,3.9468871358,5.2956716221,4.2579661193,2.6025997182,12.7683758163,7.7817977024,10.0627553088,10.3854686812,9.8253605444,6.1409508977,7.3908561944,3.8360830335,9.8467385487,5.9579002359,8.9378018326,9.6151266042,10.0279451547
46,3.2867633381,7.4852713869,7.3858489106,10.6196362863,4.6681519958,10.6860065117,7.9365103937,9.1495439655,6.8693823996,5.4362562005,5.1763077145,6.0002616597,10.7440034069,8.1594327659,10.7124169323,4.3072594419,5.0351296215,5.3720685811,2.8324911637,10.502522572,7.7643647676,4.1839693411,3.0110363073,12.1477978511,6.1886790378,3.3184398817,9.1983565736,8.5160876786,7.9293455098,6.0554336713,5.8899894458,2.6267691491,8.2668536114,2.7475158676,4.8775279396,8.4049501404,8.1340168859,6.732254484,5.2134380532,7.2432882285,5.0194153653,4.5188495989,5.8410668717,6.8393567727,5.1190562759,8.6964340223,3.0344248923,12.3750593008,4.2315356575,5.0421710238,7.3351990788,9.8569672424,9.1383035841,4.6245222709,8.008513806,5.4058073431,3.8523372836,5.695134832,6.2546510509,0.7464894489,6.8055612965,7.8504411746,2.7039025922,4.0477812487,8.6684956536,6.7071185555,13.2247532065,5.7501809689,4.693005044,11.2665269029,6.2798604414,4.0351741742,3.949406305,4.863162503,6.7171311273,4.6927225225,9.130008391,7.4432125092,11.9376882376,10.8412537029,10.5077447657,11.3042558871,3.5795141543,7.2470141347,3.8504225064,6.0793196719,4.2050619996,3.9187557059,13.3657852654,6.4703211522,10.1852915817,9.6887987647,10.3083384624,6.3951423441,7.8429362535,3.1878902046,9.6571736806,6.5572819647,8.9160933769,10.6957272679,11.9019554671
47,2.6827902817,6.5580236954,7.1739918809,9.2678876428,5.762943303,12.4414841171,8.0238687486,8.0577156118,6.9098634927,4.6663110294,4.217614922,5.5394179163,11.6259698013,9.6016483586,10.2559568152,4.3942834121,4.3833008361,7.9884135184,4.0810645406,7.6557089866,9.1880461835,2.694986448,2.8001772668,11.9103717558,5.351277406,3.0480496457,8.407421868,8.2573017661,7.7307429644,6.6587424449,6.079032711,1.1570052766,6.7145422044,2.2727289378,4.3574025154,7.5074322819,8.079732667,5.9132476928,4.9139739337,8.0084726766,5.262596529,6.2155416872,7.2166253533,4.9043372246,3.1973319064,8.9177307678,3.4677523758,12.1001359772,4.2573692111,3.5692568997,7.7030139562,9.772412563,10.0089122315,3.2794217022,8.7597745427,4.9675524047,3.6873619375,6.6925726324,5.4608908287,1.4425074165,8.105120612,8.0977151918,3.0664706416,3.7799176198,8.9859225454,5.7865816276,12.1590156449,5.6484457581,5.366861669,10.6846066029,4.595869374,3.6132579842,4.8455992591,5.570155865,7.1342043272,4.8807844878,9.4596362586,8.4374658238,12.2303458637,9.4935498206,9.6791761627,10.5441071248,5.4329797858,8.3544440512,4.4299088475,6.3406809318,5.3347562003,3.9025158589,12.7516668298,5.9539003883,10.0290267829,8.0128935331,10.3186486101,6.2577099825,7.1122351624,4.8854381086,7.8650139928,5.3931226143,9.424383424,12.0862255366,12.0823856153
48,1.5084330917,5.7341410365,7.5053085405,8.3030868762,5.8693764739,12.4563723742,9.0400272506,9.1139406344,5.3704867753,4.0529201673,4.7298406049,6.0110007744,11.589624816,7.9079057558,12.0423256145,4.8978254031,6.4000010255,8.8916461873,3.7752027008,8.3761989298,10.5207663003,3.4872389595,1.3436440542,11.6549258205,6.0304331545,3.4898881076,8.3340796327,8.1645929395,8.0219206815,7.9742133147,5.0334902022,1.4766182707,6.0072687846,3.3397180344,3.6848098655,6.878735174,8.2048524139,4.697554321,5.1429760695,8.3913560943,5.0737701164,6.5420531019,5.6286427293,5.2125901619,4.1897929147,8.6459942414,4.2068675649,11.9990560349,4.5025263411,3.9898853832,7.2485381709,8.1411191494,10.2748544188,2.2729640028,9.2992821919,5.35870524,3.923142718,7.8102211076,4.5254488628,0.5589860415,6.1777932791,7.2730372217,3.3017183978,4.4729600876,7.4930921525,4.7382450573,14.2916587846473,3.9561811441,3.0822302112,15.0633109908473,3.8750027178,1.6844917206,4.9509713846,4.686676498,8.0753571779,5.690308565,9.6086494726,7.8346578946,14.8700240286473,11.0632822418,9.0774295871,9.0959227081,4.3455266701,6.3750409466,5.495765385,7.0438666351,6.0801794868,2.9466273683,13.9481902153473,6.592252013,9.8643007758,8.4220039674,10.6132443702,6.2626118086,6.4166498946,5.3154073979,6.9415549451,4.6479242035,8.3020650267,11.0867610239,14.2286985821473
49,1.4146507811,4.9524025379,7.3952080618,8.9577322543,5.7760813198,12.0467171886,8.8723978282,10.3892695794,6.8480507143,4.9634478423,5.8392624937,7.2148192644,10.4634165924,7.3776398437,11.1546655292,4.3625939541,6.2677480207,7.4088540259,1.665027456,7.4891731342,8.7161861241,2.5241334335,0.1530418537,11.5069846304,5.820982607,4.1970794098,8.7664228006,8.2376855338,7.4236528942,6.9439919654,5.5911069312,0.8220584784,5.98557576,3.9741990605,4.3689602434,8.5068809715,5.197446257,4.3112436077,6.0723311667,9.7483496222,4.867849301,5.7459919825,5.0815303028,4.8676975364,4.8490033723,7.3050868156,3.7068095974,12.5746138274,2.6756086339,4.6833274038,6.7025022917,8.7566929666,9.2871526353,3.664079094,11.0578965013,6.1409583571,4.4762871412,7.4027765903,4.4653254131,0.1051741186,5.8176551297,6.9696035163,5.1824088486,4.0374820649,5.814834941,3.9443193793,17.1994445507473,4.2739373435,2.0999117865,9.8474209274,3.5761071042,3.0658568457,4.1861730532,5.885551461,9.5943818927,6.5862350553,7.7290989195,7.5980550198,14.7905908421473,9.4559115455,7.7625205681,8.1963270255,4.18702448,7.5654852742,5.2009815172,7.0133960011,6.6551148853,3.7140873541,13.8149456485473,6.9462634796,10.0460298972,9.1004629258,10.6509492965,8.4831492581,5.7282023725,5.9385883461,6.321481633,5.7368424205,8.458179483,10.2892909143,14.4431268637473
50,2.0300577362,3.5934909887,7.6823935526,7.6333960468,5.6963420639,13.969217735,11.1206182611,10.4048456879,8.1477684331,5.8619177235,6.1539437626,7.4253294856,10.0893039493,6.223292783,11.7910570113,4.0593697329,6.1517395048,7.9524109803,1.1709126456,9.1657902531,8.3392476579,2.2405713564,1.9169131446,10.8505557687,7.3610077496,3.7023071869,7.986512007,6.3174360363,7.0054603908,5.7957411589,6.1304548357,0.8139230042,4.6278509228,3.416389275,5.0851197632,9.0771172928,5.8896945146,4.2004841762,5.2146365158,6.6526007607,3.8182424071,6.7923843758,6.7773433931,4.0012703511,3.337804101,7.1838389001,4.6157318937,11.9358854823,2.9509484752,4.6809263556,6.5925382191,8.7073041728,8.6962070643,4.3081502208,15.4470033604473,5.4291079386,4.7022361304,7.9230507498,4.0419263141,0.9676359259,5.5973135962,8.1312960057,5.8150014357,6.0647082337,6.3890963829,3.4318997113,16.3761308429473,5.1985671453,3.4497448164,8.1725588951,4.6435025055,3.831303004,4.2525496819,5.7032369901,9.6330610153,6.8193683705,8.2537590799,7.6646268918,9.4057078227,10.6867902416,8.9641088203,8.7348949971,5.5085338535,8.6590979303,6.329477599,8.7228939522,5.5042697388,3.8490017224,15.0588751125473,6.0242118556,10.6413725499,9.9567392239,14.5502021855473,7.9415817909,4.752682625,5.041796824,6.3465436364,6.0097910804,9.2370075736,14.3534082168473,10.8013225253
51,2.485058561,4.2184935825,8.5081555441,6.3268477363,6.2251363832,12.4608648276,11.6663753911,8.6035862626,6.7215225737,5.6247724038,6.1663758732,7.8931466812,9.9571688839,5.6737700658,12.148508316,2.8584695903,6.9029698609,9.9209637467,1.287873748,8.2929722815,7.569106441,1.7499745682,3.5623867973,9.7137060218,6.4347849951,4.570712152,8.8860493517,6.6020013044,6.6692421054,6.7539104955,5.245549377,0.6060463861,5.9821222195,4.2291363211,5.2342891486,9.3637779876,8.1361305712,5.5939123729,4.3163761629,6.8392219913,4.8017952263,6.5128815795,7.3539048411,5.6489861814,2.2852772437,7.9312591792,4.0236869381,10.5415624693,2.1114535208,2.3879818569,6.3034273395,10.0246340647,9.3179793832,4.5570940658,15.4038436367473,5.0616033766,4.099973275,8.3143133985,3.7946707841,1.8052886633,6.6621216224,7.6334581968,7.3244854416,7.1461062188,6.8465554987,2.7546921495,16.4429335017473,4.9087823718,2.303519192,9.3969932236,5.2941693659,1.7941551926,4.9856814826,4.3866141581,9.4696888333,8.4191950559,10.1209708195,8.0357746382,8.5593490986,10.0631742667,8.4097015132,8.7165598076,5.9042253636,7.4713382372,4.7778502434,8.2092784445,5.8289733786,4.546685814,10.9047090244,6.7460805541,14.2048246477473,14.1504571186473,14.5085412104473,9.0462834552,4.9722712906,5.3430380235,4.1362251558,6.1596874342,9.327854167,13.8436024851473,9.7267652708
52,2.6435986302,4.5868049124,9.2765164208,7.3904817642,5.5882338428,14.1301462227,11.2733144946,7.8742934298,7.9832734439,4.8539732012,6.1218240692,7.6051731219,10.0250294715,6.2229991973,12.399494333,2.5928566011,8.1691664577,9.5738504229,1.3598001845,8.9255950004,8.4623804601,0.072910396,4.6241575269,9.0750850762,6.7068433801,4.4433074345,8.4587961958,5.4098638804,7.4583079068,6.6213862292,6.3619324983,1.0864033507,5.6289751489,4.8179370655,5.128456315,7.7297761143,9.4860316899,4.664639368,4.4570612984,6.863965431,5.1240745133,6.1104437636,7.7810963651,3.8159841427,3.0234706163,6.8830530661,2.7618336028,9.4702857329,3.9552774508,3.057227729,7.7881305228,8.4305410177,9.5793390979,3.7797684173,10.9030701184,5.3482357053,4.3789075389,8.8149561217,3.2132823886,3.4831445938,5.2166212841,8.8745688645,7.425978034,7.1955632245,7.7888187804,1.4125886272,16.0355012004473,4.6876805326,1.8529463898,9.7856202913,4.8230434096,1.62571471,3.647694706,5.1926448163,8.7846792332,8.1701293195,9.5646397497,10.0752118385,8.0788817555,8.4754153589,7.910410677,6.9453423147,4.9656953196,9.3568640162,4.0835200291,7.2086517401,4.6532772999,4.958350087,10.8709750222,6.7869593144,9.6417700509,10.9794534115,14.2428814061473,8.110757762,4.9463719683,4.9582302027,4.1617370136,5.7519924574,9.1776074401,14.8003521303473,8.8568976959
53,2.2397049537,4.4434578131,10.8087782184,7.4109064204,4.8674486242,14.1485325981,9.4463114457,8.3958606705,7.8584893372,3.5719387305,4.9836967621,7.0912225092,9.125686801,6.0410364601,11.4867096525,1.4052997885,8.7168031032,9.8176003811,1.6556629027,6.6106099731,9.1764793539,0.5520575906,5.3986703366,8.8201591822,7.3295791148,4.14414627,7.8352206896,4.8231532457,6.876733,5.8917540505,6.9092221115,2.5734121628,6.0913148217,4.1616654694,6.4170660625,5.9461499379,9.413478959,2.8453935843,2.7427618971,5.8539308848,4.5227167632,6.3394487875,9.7794514295,4.4192110345,2.9575856389,8.9373982734,3.3435589095,9.3827813888,5.2641256454,2.683357896,7.0786076126,9.107025596,9.4497930155,4.3442951686,10.5688796407,6.0481051976,4.3580572529,9.7454814461,2.8258583897,5.1138353289,4.135327899,11.1026575123,8.2883242265,8.0487112714,9.5397771827,1.9003148812,16.0437451411473,6.8244136592,2.2669475246,10.3378293745,5.8731710456,1.6593518297,4.2812270683,4.4866395204,8.6709510749,8.3008342455,9.952903977,8.3160991158,8.8232157956,6.51394586,6.6076379632,6.9954377523,5.1323472892,8.1525062727,4.0657154243,6.1638231828,5.5461308513,6.4215273078,10.240026025,6.3918369256,10.2485360271,14.5732062383473,15.4525769618473,8.9536591703,5.2769110311,4.1134570879,4.0571707308,6.1020807895,9.2415662097,15.8021198222473,10.0358269933
54,2.74163429,3.8988210441,10.9803230246,5.4046343326,4.2733650756,13.2413276347,8.1126973072,7.9741680694,7.4237383293,2.2059894758,5.6217653807,6.74971216,9.0384379641,6.3674137157,11.3009542893,0.5403655105,8.0876262114,8.7602312305,2.7441424135,7.3899390943,8.1696207959,1.2391259853,4.1620664913,8.4440302717,5.9005055117,4.6320742046,6.9754094054,2.7390048853,6.0990259425,5.5664727892,6.2341660087,2.4488155916,6.4584736134,4.3980465993,6.4959149266,6.3243729755,9.184595524,2.0135798035,4.6658318764,5.104005036,5.000455226,4.3681314959,8.8733478898,4.1167982033,2.995356945,7.9352930315,4.7640462883,7.9110100521,5.7344645048,2.7181459623,6.5358966796,9.9930328814,8.3681685039,4.029372177,14.2869432340473,5.8033881854,4.2717536785,9.3319302588,1.9433699409,5.1476368987,5.5323017516,14.6165478132473,8.8149688205,7.7388408541,10.3503136298,1.3310220217,16.1790674946473,6.5525812972,4.0713231869,9.0540373446,6.5283135341,0.6599455866,4.2842592104,4.691971985,8.6599672382,9.7402558311,9.9026951666,9.6723914772,8.9800657331,5.4509616328,5.5353905704,7.4096602894,6.2351120392,9.6780040248,2.2041380328,4.6513707091,6.5309229451,7.5052164759,10.1591682112,5.5307796571,9.0774752278,15.2271412038473,13.8566633991473,8.631385573,5.7162619102,4.7915208909,2.9028204152,7.9829604684,10.9681898253,16.2403385672473,15.1556983924473
55,3.1816924442,2.7883316534,9.5940840273,4.5509431828,4.4311790471,12.8230904468,7.6688990535,8.2821683465,8.1994101869,1.8487185574,6.2414568443,7.0833099435,8.2025009208,7.4398167191,10.5971988727,0.813752598,8.5545408159,9.6961552189,1.7978102889,6.642810653,6.1103648916,0.6218766374,4.048718587,7.1824632027,5.0461231696,2.273329374,6.7877911193,1.4029390853,5.7433824925,7.3147149376,6.6765662858,2.8943027187,6.9729500229,5.4619980028,5.2008859778,6.0839795277,10.4896496797,1.6136771008,5.3577799052,6.6298860471,5.8913269471,4.0290822742,8.701299012,2.6371078511,2.9031583395,8.2700020823,4.7519528545,6.5020101552,4.5982505952,0.850921299,8.6806751736,10.5106222888,6.5614300013,3.7411084671,14.2902348787473,4.7968295385,4.2637586256,9.5343778849,3.3637352906,5.714537117,5.210615175,10.3242499752,8.8737513617,9.5315409048,9.9555110873,1.1005380446,16.7325872571473,6.2915304699,2.6656757666,8.9630117167,4.1546633558,0.1227521157,1.3319351785,4.0882782522,8.1871972897,9.5716470328,9.675280437,9.6999896759,7.9849680536,6.0214497529,4.9599646354,6.8460820225,5.8378818299,8.4423027682,3.8089628902,5.7905332685,9.9698807381,8.7582119187,10.8273007329,6.924454182,9.0624413765,15.5883806885473,15.6890463259473,8.5216345678,4.2138270547,6.6456403293,3.5846451868,6.7018535249,10.1430341154,15.2462777727473,14.4277493220473
56,4.2830666522,4.3735864257,8.4714230998,4.0933098717,4.0942587226,13.2455798755,5.9182778955,7.9254444464,10.020304249,2.363651791,6.2733443605,7.978337026,8.5735750147,6.6608348655,9.8734314775,1.1737017956,10.5750072035,8.6976395804,3.2976756337,7.2776379714,5.3047492294,1.5952863981,7.0150819408,5.9751110255,5.823669113,2.8648790289,7.4275819263,1.728218828,3.5377710558,6.1776942613,6.0383221768,1.5269447521,7.4263520344,4.5190910226,5.1109673099,5.8055832551,10.8323938079,3.6885182813,6.3019608166,7.8826211084,6.0877693982,3.4621495619,9.6106267873,3.8332315067,2.8249677761,8.7545516235,2.8770401762,7.1846818477,3.8632547142,1.0538138414,8.7809931574,10.2423750505,6.9426738124,2.2743284145,13.8853099937473,6.5391038015,2.9468394627,9.2973149393,3.6552731327,5.4984047797,7.1769885156,10.7860412841,6.8155367009,6.6440671201,9.9230357577,2.2815634093,16.5324560273473,6.9765175474,4.1868661318,9.3905490288,3.8018259464,1.0364030277,2.5876469157,2.7857234024,8.2952370475,9.5091240262,8.9512256928,9.0591846744,9.4539458628,5.4181998278,8.003388189,7.1392892882,6.7447529792,8.7495924423,3.3838932883,8.1889369258,10.2654011963,9.4627026437,10.049499243,6.1517623334,9.0011946418,15.8701674961473,15.5324237925473,6.2849510179,3.388221698,8.8227683795,4.6710329298,6.5321935838,9.4564092137,15.1041904335473,14.0109205017473
57,6.2592818908,5.1850944093,8.6826878497,3.4272725679,4.5171238933,13.9244528464,6.0373103272,6.8249687759,9.5466362304,3.9307259642,5.7068116798,8.8249726229,7.0560784575,6.1122272017,11.108745626,0.8046835841,11.1735865884,8.9548827809,4.2427968525,8.1102099536,4.4475366887,2.122303983,7.9626161463,4.19367232,6.9264396661,2.7457336772,5.7108875796,1.2590075052,3.8819502829,7.040706448,7.0881573259,1.9669962343,7.7331684231,4.8987117613,6.8106741143,5.9869678282,10.895667333,4.5676729579,6.3795715568,7.1752728994,8.5014626478,4.1258474045,10.6709093903,5.3781121782,1.8120689028,11.2504088141,1.402545476,7.6527321667,3.9229801821,1.0650819024,8.6289809009,11.0356610266,6.0768388248,1.109244053,14.2900653201473,6.9398902047,4.8836799339,7.8420997998,3.3398223818,4.9798294131,8.0079702755,10.2707223905,7.2936056884,6.1796310273,8.7979939815,1.6677362109,15.9478986999473,5.9496710633,4.7339358221,10.022065876,3.9836555605,1.7007611029,1.0515001288,3.6725541052,8.331446258,10.7580185022,7.8606193269,10.1292711589,8.4217741971,7.4602653193,7.0885773213,6.1419111653,5.979046923,8.7489417305,4.0625079088,7.2434016176,9.9881462268,13.7115187890473,10.8906806312,5.8134825216,9.5186472021,15.8353721456473,14.2951752395473,5.6213281537,2.1527069269,9.8554738171,5.5496388934,4.7322545423,10.0668998169,10.4319023202,10.9786496768
58,5.2094404318,4.5058241696,8.6949765872,2.7556560776,3.964652494,12.1207517484,4.6920141538,8.1649729587,9.7328938988,3.349695667,6.5359001093,7.4366162851,6.9572312383,6.0289253008,10.3310793639,0.4740062861,11.5992245705,9.3032274793,2.8466429102,8.1695112587,4.0029842049,1.0153852177,9.2341991793,5.0834188143,6.4690999288,3.4712497832,4.7635744115,1.0209779374,3.7532495801,5.7367329845,7.6860040305,1.2728294167,7.8881912883,3.9498193054,6.9424277479,4.713736365,9.5219548639,4.288117357,6.8002352632,8.5481362383,8.5178120689,4.4250168331,9.3859276559,6.1120422758,2.7547760425,10.5408364386,1.5908587092,8.3322805282,3.2162385039,0.0296394782,9.1048869316,10.2198893996,7.3222512212,1.1987901544,10.2084392705,8.4800871517,5.4253517464,7.4167673552,3.2148136401,5.6003991102,8.9964321149,10.0406006958,7.488101999,7.5037580524,7.9120661189,3.9403785996,16.4912225710473,6.9882613134,3.6103205685,10.2040438321,5.1814439752,1.5309693596,1.4639555217,3.8323914539,8.0231868173,14.2103752905473,9.1841202503,9.7708320247,8.874938073,7.8950830635,6.5114378343,7.0521578415,4.2387507564,7.9171793244,6.6464568753,8.9025080568,10.0910580695,13.9505507235473,9.79686787,5.2351019129,9.16693257,16.0146869554473,10.6106032628,4.1115432689,1.7171679126,9.9664289489,5.9760062603,4.0194677768,9.6117470494,14.3538037191473,10.4415173021
59,5.2787305425,6.0837446222,8.4388105322,3.5510936834,3.8663619633,12.7425232656,3.9893268734,8.7314968788,7.8497796904,3.4551540988,7.5997468281,5.7863222415,7.8435583288,5.8028824837,8.6357168557,0.2434944655,10.347930875,8.0324688724,2.9839527489,7.5415242929,3.1771469804,0.7166335311,7.9157134582,5.4944865757,3.8764864886,3.6900246102,4.1092283432,0.5592756148,3.5961437549,6.9670327038,6.5814460612,1.6520750942,9.593686626,4.2034326282,6.9278183185,5.1164943921,7.9099784211,4.3524970495,6.7377307085,10.2852970732,9.7606536508,5.4430411262,8.8786428024,5.2250203302,1.7967806861,9.5618904211,4.9239765649,8.5998254196,3.0257124506,1.3376648678,7.8499427858,9.2016378216,9.0289901095,1.5352976371,10.1305890317,7.7293790018,4.9599163824,7.7659132425,1.9955133111,5.6314385294,8.8574661469,10.0117929942,7.9672607886,7.7835394884,7.8591207667,4.7544364411,15.6425008019473,8.7248248765,3.6414660396,10.140806027,4.9509295348,2.0318925501,2.9487677161,4.3623040762,7.4077092955,15.5229571186473,10.2226328509,9.2488552818,9.7161939581,8.8554613038,6.7194153697,6.5579987932,5.3302111335,8.3419684034,6.3529517131,9.2181587843,8.8983131893,10.8895087349,14.3999492771473,4.549829459,9.7134912763,16.6826590943473,14.3140430206473,4.2674506189,3.8842994588,10.3041379663,5.6261911776,3.7815423766,9.4864620927,10.9007984265,14.0413447007473
