0.8183117,4.2737293,4.353005,3.229233,1.3918271,1.1988313,4.352721,7.519856,3.5055778,3.4115887,3.7784216,5.578486
13.079244,6.0043316,4.88647,9.088733,7.736536,17.29101,1.5095365,0.27270246,2.3691404,-3.4940617,5.868676,1.8022864
7.259955,3.9459648,8.727184,3.4321556,2.8478034,8.858247,3.4557712,7.5807166,3.9403195,1.8774573,3.4044049,7.460153
-11.652455,3.353943,7.873718,2.0971668,-0.5564187,-14.604316,6.8130126,15.696281,8.926239,13.593838,4.6167316,7.5519967
22.010246,-2.890198,3.42225,5.331305,11.106019,21.881641,0.30865493,-6.357226,-3.1981375,-15.867578,3.1706774,-2.0095809
7.0190234,2.3162014,-0.40453535,3.2979608,4.0891824,7.8262863,2.6057055,-2.2690082,0.737699,-0.4419549,3.646561,1.0717726
1.111822,5.887776,2.4597397,5.94991,8.2989235,-6.914009,9.552924,2.523203,6.7627335,14.602373,4.4158607,3.5541296
-3.6414084,2.967635,4.2772794,2.7038822,1.8694632,-6.6030197,6.2941937,7.772716,4.9641285,10.181289,4.092351,4.2539806
-0.9259509,3.2708905,6.8664794,1.7687424,-0.42887583,3.1845655,1.794386,13.532708,3.8661296,1.0608867,2.8365133,5.316106
22.681042,10.363032,5.518068,13.518026,14.741962,28.496119,5.3835545,1.0931298,7.979527,-7.873654,6.3295546,2.2861938
-6.305153,4.35072,5.6778817,-0.113761865,-0.1367869,-12.693617,10.797641,14.474816,2.2623718,17.446287,4.970409,8.05029
2.6772633,5.246872,8.402141,4.450784,5.9604197,2.7772841,6.456986,8.675531,4.677932,8.119882,7.8610606,3.8759413
11.856,6.4848113,1.575628,6.897791,7.4159865,11.899093,3.0571425,-8.614305,1.4389932,0.8001504,4.927199,2.2758365
-7.627666,2.7248857,7.5763474,-1.9287648,-1.8715801,-11.623063,8.729846,17.768192,5.986812,17.144743,5.841996,11.854107
3.8013804,-0.7583867,3.3967826,-0.7108353,2.548545,4.5839443,3.1360116,0.95100826,4.0613847,1.7207273,4.1909294,6.239555
-4.8780684,4.286842,2.703221,2.8149319,5.0027885,-13.45386,10.881995,8.647258,6.7091403,17.453318,5.3326163,5.873885
12.694361,6.1556435,1.3676391,7.1567526,8.519472,13.52113,3.6628973,-1.1067166,4.301573,-2.3057055,2.7538059,2.0898426
-1.38129,2.1060865,6.731209,1.760838,2.485331,-4.185027,6.4918375,9.69843,4.282528,10.174271,5.8548474,6.270468
-1.9929268,4.8350677,4.845371,1.1888463,1.9558213,-7.6378,10.250539,7.2951,4.615686,16.695164,6.568529,10.412763
5.2880096,4.439903,3.545093,6.5495205,5.898812,6.0307965,4.242021,2.208881,5.487445,2.9009602,5.28144,2.4837096
13.708048,1.8211743,2.1673353,5.2677693,6.042536,16.323242,1.7338635,-1.8248292,1.4461263,-9.582854,0.550969,2.0368185
4.5590825,1.7291546,7.7816153,3.5853033,4.1419163,5.154876,3.721566,5.165286,2.0909913,1.9038992,4.906316,2.749492
13.946982,0.5134183,7.61043,2.7973948,5.3531938,16.198532,4.7164826,2.9862833,0.93343794,-0.92941463,9.582546,8.785428
6.642811,3.3191702,3.6684327,2.0708323,2.2820818,7.9223614,2.8383634,4.064899,3.7731369,3.5240733e-05,1.5144908,5.820936
18.524542,7.081161,6.146301,8.880644,5.1279817,27.873724,-0.9077003,-0.22868133,-0.76685596,-13.764528,5.3839436,3.5107837
7.231987,2.9774687,6.448184,4.747456,5.216275,9.07855,0.61717063,5.0739217,2.3683348,-0.0057985,5.8956256,2.6640596
3.6781273,3.3213587,5.619694,3.2760527,1.21816,7.649443,3.1112816,8.026447,3.3601408,1.6886874,5.2810144,5.879614
9.3637085,8.005283,7.5952787,9.709163,8.580024,9.346202,1.6135734,4.1555357,3.1558826,3.6849213,4.3629246,0.17952621
-1.649123,4.0468903,6.6230373,3.4975078,1.3760908,-4.8563037,10.07478,14.295582,6.421806,14.311351,7.773401,11.831367
-4.514582,3.4871984,4.9616885,1.3906217,-1.7562902,-5.7563653,4.3950367,8.969911,2.075324,11.002841,5.239689,6.435559
4.9117527,4.8445544,4.731188,4.932563,3.5349846,6.175239,1.6963166,5.101326,3.1484337,0.6147832,1.8995311,3.0255427
11.368318,3.629779,3.8812952,6.0589333,6.8776016,15.098217,-0.9335049,-3.111138,1.7679832,-5.937468,2.886717,-1.9966776
9.874323,6.825393,3.5968916,8.945441,9.067617,8.049436,4.417889,1.1973096,5.1044774,4.275441,4.196282,2.4156976
17.986034,5.6479316,2.2385304,8.305364,6.9084835,22.989162,0.7269063,-6.7956295,-0.43186644,-11.028128,3.8912158,0.5261049
16.462234,3.833985,3.192937,9.119202,6.173124,27.444832,-3.6778073,-4.4207554,-0.15467109,-17.321968,3.0380073,-1.3344864
0.11713083,2.2058911,0.91277474,0.61214894,1.7727646,-2.5932603,4.1268687,-0.037026092,2.5778122,7.554916,2.451757,3.5891626
-2.1953886,5.450194,7.195083,4.1757917,5.443524,-4.311089,9.755633,11.747994,10.512151,14.8105755,7.875883,9.655215
21.514572,10.561249,4.8425293,16.086203,13.951176,21.7858,5.529017,-5.017257,7.7854295,-2.4775145,4.9973435,5.28107
0.7097135,5.1773825,5.398234,2.6834197,2.6063926,0.6346515,5.5324454,6.132174,2.81546,9.15873,6.114858,4.076762
-0.25536558,-0.11063359,3.8719523,0.40828088,-1.396348,2.7753146,-0.092654444,7.907451,-0.73898935,-0.61622643,4.038851,3.2175841
4.1080537,4.421033,3.6063576,4.5264196,3.626898,4.3587775,3.8909535,3.5441296,2.895,2.4023736,3.281826,3.21819
6.8649354,3.8360658,5.033034,5.924617,9.248671,4.4873004,8.393884,6.2204785,10.423505,8.26251,7.1861353,6.944341
9.318475,6.8218927,5.4026117,6.6056714,6.727177,10.309237,4.883216,3.442052,5.4922614,5.699117,5.934566,5.8541985
5.5543284,9.196885,9.536884,13.431128,7.6373653,4.0561204,11.86235,18.79471,14.800207,10.935458,9.21258,13.272062
3.7585726,8.492357,0.97744226,5.1926856,3.2990022,1.4895561,2.9642558,-0.44613433,2.1094475,9.993322,4.2595353,4.7540154
5.2997613,3.7819064,4.305624,7.0523796,1.2869682,12.449881,-4.3041873,3.1156797,0.5591842,-7.495557,1.449986,-1.8319855
11.599906,0.9073794,2.731454,5.2015605,6.3788133,13.177489,-0.16613795,-0.70870996,2.041505,-7.797384,1.4948254,0.8340795
3.2782872,2.0244706,4.7203503,1.786574,5.148673,-0.49487907,4.613102,3.268957,3.2798178,7.204516,4.0294924,5.23937
11.1401205,8.7832365,6.7239556,11.033963,13.683047,2.0452914,14.254429,3.0712943,10.417726,21.305275,11.801441,10.485251
6.317918,5.178489,6.2555833,6.765281,8.216814,4.138787,9.1744995,8.511838,9.011946,8.039529,6.356003,6.738465
6.6302166,3.781712,2.9284089,5.415266,3.197643,9.567737,0.883956,-0.2746305,1.3266438,0.03057153,3.9680922,0.39604646
7.211177,7.19779,4.862603,6.082517,5.2516556,7.951899,6.026378,3.4320974,5.058228,5.206174,5.702434,6.3427906
8.843077,5.5744767,0.3147684,7.2036,6.084335,8.993988,1.142141,-1.0839418,2.7722616,0.7774027,2.778396,0.17772348
6.8788905,5.6206994,2.3651876,4.8616486,5.778181,4.0695553,6.2969112,1.7186946,5.0703106,6.790623,4.783492,6.4327116
4.251334,5.3969707,7.467161,3.6205158,4.3912864,5.1340613,4.901442,4.5940504,4.1953654,3.9037683,4.2277355,3.2392216
2.680421,2.5348675,4.276361,4.2484617,5.6361485,0.42649364,5.572364,4.489486,5.149787,6.533203,5.5198827,4.1034913
12.02127,2.5131776,1.5764197,4.035748,5.245131,16.195692,0.75649184,-1.4071711,1.4445714,-6.0852084,4.1812086,2.4231513
8.46405,3.5380054,1.3353347,5.009046,5.687607,6.8974767,2.3872743,-2.04642,1.0196291,-0.06547781,2.2803955,1.4960499
6.780602,8.303563,-0.7861818,8.991098,14.58645,-3.0009062,13.059776,-4.27413,10.525203,15.229682,6.1075244,2.3391528
1.5135276,0.16279271,4.79277,0.7307108,1.9470835,1.005301,4.2616773,7.263696,3.0178869,4.2899246,5.3335137,5.990122
6.338239,1.0337858,3.4189866,1.6403427,2.1919188,9.15146,1.2077613,5.482882,0.8984435,-4.0608463,3.890144,4.384621
-3.239055,0.4692437,3.676375,-0.65995365,0.01311583,-5.387137,4.851212,6.12137,4.1413918,8.664766,3.765658,6.041606
-0.6494965,10.447944,0.9286104,8.76398,11.332659,-13.229756,17.377642,2.806511,16.386106,31.44483,10.967981,13.839416
11.407157,3.7541225,7.4304004,7.1557584,6.998172,18.407318,-1.1904287,4.7717557,1.7822495,-8.534936,5.447857,0.8065448
11.636253,2.8816106,3.6133778,7.8890533,9.182782,13.252603,1.6119245,1.0308515,3.9169595,-5.709867,3.5214255,-0.2349748
2.0265713,5.425685,6.985281,5.628363,2.248307,3.2663088,4.2762055,10.162887,5.3091674,6.675853,6.941802,7.314384
10.341993,0.078380734,6.19703,4.927385,6.0925756,8.733974,4.309152,1.8741895,6.0506067,4.832079,6.8946147,8.043403
-5.6719756,5.1180377,6.9013033,3.788444,2.630009,-12.571473,15.826404,13.442599,14.3474455,23.212141,8.727417,13.161683
4.90739,3.6111476,3.6342478,5.5244,5.3587866,4.023895,5.261674,4.789329,6.329138,5.5602655,5.0923843,5.666715
8.052657,0.37648275,2.6109054,3.9110358,6.2567363,6.5898,0.13581756,-1.1718023,1.2794427,-1.4710395,2.5135686,-2.5470712
-5.261994,3.389667,-0.37927708,-2.139832,0.53502,-16.669498,12.323749,3.7610903,3.4840953,20.64793,4.057207,9.732121
8.108486,6.825806,4.1621585,8.573112,8.40784,9.425104,2.282301,-1.8329867,4.884138,0.21732672,3.5541258,-0.83090585
3.4614367,6.2996845,5.102532,7.249838,5.148986,3.3646984,2.3330796,5.559546,4.0877686,6.086084,5.411749,2.1536202
7.608711,3.649104,5.205075,5.604306,5.3581805,11.083436,2.4832065,4.4705462,4.000406,-2.8621652,3.9986992,3.3893323
18.310366,6.022392,4.8955016,12.86059,11.892817,25.423971,-2.3326778,-5.9256,1.7164397,-14.439359,3.233159,-5.035226
10.990815,4.4971237,2.131979,6.0843883,5.843605,14.617228,1.879852,-2.6816373,0.45512456,-5.504569,4.021161,-0.7703224
-4.9374948,4.157405,4.323682,-0.0007095978,4.684538,-17.894817,18.46399,9.358061,8.119114,27.448551,8.307887,13.598983
0.3640464,4.4654775,9.104191,7.0896997,2.5629618,-0.7191126,3.8844638,11.86927,2.7752006,10.488803,8.471828,4.12019
21.97093,2.8400605,4.8464203,10.660464,8.098517,28.411863,-0.5154199,-1.7127517,3.135643,-12.982646,4.968834,5.4456234
6.9436502,3.0560744,5.412452,4.0016823,4.274822,10.869598,3.0792031,5.028337,2.7977889,-0.793251,6.139576,4.114413
4.264198,8.115063,4.34958,6.932252,7.8358865,1.9356501,8.253607,2.5844338,7.321529,9.004029,4.5503902,4.6635704
5.5185575,0.6058134,2.0639815,-0.10290539,0.8835639,5.460599,3.031106,2.319819,1.8690155,1.5949787,1.6198795,5.848342
5.1817393,6.469347,3.6620815,7.0991316,8.000809,1.628792,9.457511,4.4034014,8.047271,11.140813,6.763145,6.8064046
8.3905,4.9124417,3.1517062,5.6479397,3.9118216,10.828596,-0.41233307,-0.40451556,1.0835738,-3.1039379,1.9428653,1.3044665
-8.110676,2.995135,6.118511,-1.9555851,0.44268027,-15.600895,14.955881,12.568352,7.892132,26.270987,9.752868,14.925328
-0.0754934,7.8192587,10.704379,4.964234,4.0478683,-2.0739927,8.67507,13.667268,8.375009,15.195436,6.863209,9.409476
2.8838923,1.6693177,6.796462,3.104866,6.0469136,1.8193445,6.62716,5.5339947,5.5351467,8.050795,10.380439,4.81571
6.1250243,10.742432,6.8897233,12.591154,6.9210763,10.427347,1.7942231,3.5556738,4.2514496,-2.3456163,3.3890877,-1.8015656
2.3174045,3.1429033,4.6892567,3.4869554,4.2133036,3.8283794,3.4010823,6.5034633,5.092503,0.13875197,2.485262,1.760894
8.437008,5.1677036,4.458994,6.5393615,6.3441257,8.590241,4.827854,1.838056,5.1241803,2.3239741,4.507269,4.4524493
5.287318,6.233658,4.209375,6.418961,3.9000046,6.947938,2.1771448,5.662021,3.8122258,-0.6852798,1.7538757,2.8666248
-1.4126686,-0.6007842,3.4571216,-1.2294205,0.37190044,-4.2238884,4.8720417,4.6580424,3.1329296,8.343274,3.4765313,5.411008
13.761437,4.409741,1.9781927,7.7404957,8.798383,13.833722,0.034857668,-1.5813624,0.6511499,-4.850279,2.5365252,-1.0411674
-5.9294167,1.0901536,3.4841864,-1.6086087,-0.57381755,-8.000004,3.5984495,5.951971,2.3997786,11.357532,3.833414,3.9130232
16.972818,6.468206,3.4412441,9.667747,10.215272,20.11363,3.167081,-2.5594213,5.3869615,-4.6278925,5.713403,3.705949
3.1403356,3.9010434,3.6547415,4.974238,6.14279,1.1084564,2.2041712,2.0145402,3.7086747,5.4936037,3.5214863,0.6493912
15.956878,4.813851,2.4982395,7.018358,7.925408,16.932127,2.9998188,-3.6536958,1.7176461,-4.259453,4.0194464,3.272598
-1.8575869,0.31094983,5.70498,2.0142405,1.9309092,-2.7188673,3.6939945,7.901735,6.2898684,6.1391177,4.184128,4.832587
-2.4781523,1.6367693,5.5664043,-0.5747819,-0.761642,-3.9704666,6.8819103,8.304923,3.483159,10.898922,5.2296634,7.103813
-5.7805953,1.0537223,3.1448376,-1.1569413,-4.4331107,-5.933695,0.98165977,9.02005,1.1173911,6.2822666,0.7381886,4.9877357
-6.996908,9.912814,7.5391383,4.021928,5.891123,-17.351702,17.466831,15.619565,11.297897,27.855364,9.934205,16.597385
18.462587,2.9819858,0.45050415,7.1798196,8.380749,23.095152,1.8579488,-6.061445,0.69089544,-11.827421,3.3001692,1.1488384
11.843746,4.5958743,3.518091,8.155338,11.319245,7.458,7.3272214,1.2937865,5.9095163,4.3696704,5.263642,3.041465
12.738302,16.828663,7.508404,19.76958,14.9637575,14.946684,7.519033,1.8665024,11.242713,6.227516,7.9583993,2.9984198
-6.933194,4.6625423,4.634128,0.32079974,2.9689476,-15.97977,12.23298,12.674454,7.8142014,24.732656,6.6625314,11.269057
5.831371,4.055026,3.9973762,5.1703563,6.5311704,3.817083,7.786137,4.0061464,5.422384,4.8820324,4.394276,3.972937
2.0046544,0.21478063,3.1611228,0.46194237,0.1810574,2.6191373,1.6907531,2.9882088,0.89505607,1.2459302,2.629243,4.280713
24.465374,4.8477755,4.1838627,11.38363,14.434644,30.08359,2.379817,-6.151343,3.9631448,-13.62306,5.6076818,0.10847057
7.1395335,6.2633595,5.813279,6.587766,6.8909917,12.442079,-0.74865055,2.7103937,3.733923,-1.8440919,4.525403,-0.79924774
6.017933,1.6082714,2.2275534,2.8836038,4.4895525,3.9692612,3.8998353,-0.4102259,2.5358453,5.400702,4.629636,3.5239253
10.5467825,7.5488815,5.437011,9.074132,7.950115,15.58292,1.2478337,1.955873,5.092694,-6.1419306,1.6519489,-0.27164823
6.0796146,7.521233,6.374226,7.36626,7.9251804,10.912081,2.5075276,4.0466776,5.857826,-0.056810867,4.6539783,1.1543958
-0.8915244,4.5705233,4.6860466,5.4147015,2.9959013,-1.223547,4.4940615,5.0234575,4.100476,7.4821486,4.9342837,2.221151
-4.050679,0.48679054,7.428531,-0.8009206,-1.56031,-7.8662043,9.439021,9.908289,4.9692492,16.189096,7.1612988,11.786416
5.948631,0.82979524,3.5510375,4.8167086,3.9559538,6.8732934,4.1548653,2.9888716,2.820282,0.21699108,3.6590037,2.953528
1.6622372,4.8344555,3.376961,3.514146,3.449642,-0.86101556,5.4211836,4.392988,4.4423585,9.746023,5.0005126,4.9662366
12.540292,7.109547,7.9226174,12.970504,11.936037,17.26476,6.1338363,7.085217,7.2260923,-3.999354,9.275501,4.6195683
9.834888,3.0296552,0.7941504,6.1718526,9.273769,5.6871004,4.0265183,-1.4742345,3.4959881,1.1235713,2.5536907,0.4551416
13.99114,5.8095794,5.300414,8.080738,8.15343,18.44258,3.9752462,2.484246,5.049879,-6.2541842,5.2780323,5.358426
14.681134,9.600921,4.0332446,9.394173,10.043446,15.120528,5.3088655,-0.6171932,4.5309143,0.76143694,5.04214,4.9642963
1.4564803,7.9185915,10.414138,6.313686,3.9482477,-1.6621559,11.423248,16.45631,4.4286532,12.866063,8.497615,9.928913
8.473213,3.1481178,2.5774791,4.73518,4.9190087,8.351103,4.0160604,2.1940932,4.23762,0.11106594,2.8030174,4.9557347
8.22114,14.780919,7.583835,11.717282,12.966221,6.2962914,13.312196,6.215756,16.13073,16.579159,10.357888,11.746912
12.912863,4.072528,4.777288,7.7043,8.370415,15.089192,2.1263192,-0.31168333,2.9510121,-1.6350394,6.615979,1.7943715
1.9540725,4.1777225,5.9618535,3.7375667,2.4319236,2.0128667,5.7415013,9.788531,4.058321,7.3598676,6.379342,7.7010093
33.248287,8.668466,4.354422,19.51206,21.729153,35.26549,7.6941752,-9.550082,8.263777,-10.771789,9.602212,0.72133404
-0.21690407,4.018642,7.108919,2.7490866,1.1203061,0.9873215,4.0857873,9.687663,2.6666005,7.470422,5.9739676,5.841749
-10.748081,0.27130187,4.7380157,-1.4819688,-1.9350289,-23.289011,14.3020735,13.768236,6.831813,27.256695,7.188741,14.901935
-0.5755224,5.5277996,0.29474974,4.3270345,3.100866,-2.5914783,3.0726438,3.7923505,3.3388553,7.329711,2.9058983,0.09027171
0.64798146,-2.1254332,3.1792214,-0.120301925,4.689645,-9.905409,9.732944,6.054148,6.5202937,14.116366,3.8024142,9.329413
20.707418,5.677883,3.981727,12.257353,13.491708,19.85561,4.7094812,-2.3747199,6.3123727,-3.818147,3.5963814,2.3729107
5.413484,4.98962,4.549558,6.8467836,6.3797894,5.8361964,3.845031,3.751758,3.782743,1.9469776,4.9332476,1.5462241
5.427209,7.9543347,3.8937933,5.141732,7.390818,0.81202066,11.002188,5.6538706,6.000105,14.511818,6.5218253,8.910925
-13.745235,1.6653522,7.469176,-0.82753575,-2.3231797,-20.022558,10.383296,18.615154,6.8373404,22.077967,6.0492554,9.193043
4.45458,5.6182184,4.4184556,5.2986593,6.2438354,1.4333054,7.6794233,7.013892,6.4913583,8.878749,4.7442183,6.487581
15.606246,10.365261,0.99226326,10.91649,12.856161,16.127499,2.5794184,-7.362247,7.136188,-1.7530559,2.3255768,0.2796306
9.200204,4.382903,3.3332515,5.834805,5.614087,13.230096,1.4932368,1.396594,2.9234517,-2.7507465,3.7938168,1.1840999
-2.787726,5.486504,7.433388,3.1255884,2.052092,-4.559301,8.882387,13.936875,6.682367,13.0160475,7.112012,9.348126
1.917163,6.75622,5.8733716,6.1853037,5.8099027,1.4759282,5.826733,5.9377494,7.337805,8.741069,6.5631757,4.794148
0.9332073,3.8954809,5.178407,3.459623,3.3009605,-1.5235486,5.0216136,7.15234,4.3563843,9.073323,4.1435575,4.883968
6.142071,6.1018424,2.9445794,6.455059,7.954216,3.6094918,6.3787546,0.12959431,4.2162323,6.8606024,5.998276,1.58164
-16.248745,0.105264455,5.572511,-5.768549,-6.089059,-28.721214,15.657625,19.139996,6.381752,35.93527,10.1568575,19.605505
-2.5505583,5.121153,5.588968,2.3332913,4.7359266,-11.597624,16.199343,12.08028,9.202193,20.368301,8.177187,13.070644
-0.52250063,4.217216,1.6563164,1.4782221,2.2055473,-7.647107,6.130821,3.166138,5.312493,13.281311,-0.14048234,6.215255
13.554347,2.0917003,7.342739,6.014706,6.5733294,19.580706,0.7975787,1.6381618,1.8204921,-9.0105505,5.1173005,4.1704545
-1.6539186,0.14806192,4.5669775,1.3473414,0.36301652,-3.805516,6.2035995,6.775278,0.1545407,9.92465,7.4800606,5.009191
6.324717,12.506451,6.5426354,11.091897,5.3207808,8.952926,3.4360352,6.615311,3.737358,3.2144675,3.8602931,2.9119134
10.447763,8.005456,5.677915,7.079544,10.62155,10.265915,8.836527,1.0111406,5.176111,5.421798,7.569401,4.7828264
11.997605,1.3346378,2.8293374,5.3143196,4.776457,20.889896,-3.6444535,0.9344123,3.0751398,-15.674755,1.2132344,1.2019241
5.6929107,4.0471582,6.2248187,5.0794363,6.3554487,4.4621086,5.4940004,7.3635902,4.16875,4.9550333,6.0997176,3.4962862
-18.16918,-0.7397452,4.784805,-6.1449385,-6.1948586,-30.45088,13.27972,10.682342,3.5003245,30.724085,5.94683,12.483254
3.3566651,2.1526604,4.4746227,1.1287571,1.8509959,4.539488,2.516013,5.060887,1.7904892,2.0666964,3.1388266,2.912327
7.069405,4.5157604,3.7023191,4.6303024,4.661288,2.7834888,6.936964,3.0771194,4.8231177,9.93961,5.259593,9.01414
0.9856385,3.4695594,8.258999,4.3518167,0.33095253,4.316591,1.1070732,9.002222,2.831035,1.385363,3.8487546,3.6225095
-1.3865732,2.7211812,3.85052,2.1253204,5.0814404,-7.9542875,9.20063,7.021777,6.9910903,17.201841,6.052125,7.090758
21.172363,8.131499,4.744095,11.021999,9.1704035,29.018978,1.214513,-3.713568,2.7403083,-11.492389,5.13803,2.6596506
-2.3678365,2.2358325,3.3598263,0.31317216,0.24268012,-4.156024,4.9520683,4.2050443,3.2089658,9.799404,4.05149,6.0277414
7.010176,2.2162268,3.3739169,4.1153345,2.3347197,14.254194,-0.6982471,0.025342813,1.607582,-7.1717944,3.7278862,1.1764474
-2.0154788,-1.9153988,5.932061,-2.915871,-5.358361,2.758987,1.3044547,10.96991,0.3313722,-1.9290898,3.83204,7.7633595
7.85944,5.624224,5.984471,3.4704967,3.2934892,16.000029,0.8007798,4.458565,0.29002285,-4.4641623,5.790195,-0.26445723
1.7312708,3.717751,5.6304584,3.4970987,2.1422095,2.3724864,3.774309,5.709048,1.4982524,4.2247305,4.629363,2.7790966
15.555002,3.4610012,-0.3574606,4.788617,6.982457,20.194029,0.8647958,-5.4017496,0.21737924,-11.155054,3.7216287,0.023768092
4.7840624,0.012502512,5.40425,1.2100595,0.5003155,6.7210226,3.815054,6.3562016,0.01183494,0.42473063,6.154239,6.1682887
10.211255,8.576154,5.7539268,8.648155,7.5042405,9.112866,9.214756,5.475807,9.28415,8.357338,8.3892,9.678801
11.185982,1.7948942,9.563022,6.593339,0.7179761,16.882113,2.0358768,10.996842,2.0602674,-5.795415,5.5502887,9.765541
4.3033304,7.4127116,5.1135497,6.7984247,6.9680333,2.7709465,6.7034097,5.906672,5.653939,8.59331,6.07948,5.220555
2.5468829,4.1470604,8.646895,3.5978503,1.8734981,6.8209414,2.4688103,12.945507,3.9563124,0.7114591,5.1010647,6.7482033
0.5140318,4.8060913,8.024355,4.6269245,4.2750435,-0.49898395,7.861038,11.642499,7.622673,11.388645,8.3871765,8.530335
-2.855492,4.7652493,5.5480843,4.5938525,3.7250645,-7.436001,7.5507817,8.559255,5.0076537,13.711878,5.472437,4.5210443
-2.672706,1.4527427,5.7215624,2.0925014,-0.74390477,-3.5336678,5.1116705,10.208304,3.3092237,6.347936,5.3999906,6.40361
7.3682494,9.732107,4.358314,10.636765,10.396048,4.0174885,9.1378355,3.156607,9.791758,10.640352,5.991004,5.421376
3.0922236,6.9580393,8.035482,6.6966677,5.9016857,3.3871355,8.406228,10.302551,7.7633147,6.999302,7.5535393,7.34815
14.132939,6.904361,7.500752,9.711869,8.144996,22.930975,2.3255877,1.0174284,2.9340281,-3.2791924,11.636208,2.3744955
0.58842033,7.859479,6.4656305,6.5807724,4.429461,2.002143,4.700885,10.328745,4.4413576,3.4133074,4.1847577,2.9659364
-11.124388,6.347172,6.562095,-2.2372599,0.58358324,-24.387054,17.200893,12.185451,5.6627088,33.97082,8.882779,13.054463
3.1144364,2.7814217,3.277521,3.110609,3.2627666,-0.19691363,6.0535913,7.4004993,5.054044,10.251025,6.0930614,8.31299
-3.9594593,3.5836878,7.9460554,3.8008363,3.9837022,-10.632217,11.149748,12.306202,8.2537365,19.46541,7.906368,9.489986
3.168722,7.7394123,5.1192875,7.4857335,8.433688,-3.6371715,12.629224,11.266713,7.5935082,15.9635935,9.436295,9.645291
-5.7556643,5.5856185,6.301636,5.0976,5.273375,-7.183951,11.548116,16.290167,12.1429405,14.465251,7.531066,9.107241
3.5648859,6.8553514,12.304661,5.4603233,3.117891,17.781815,-6.644949,4.8905334,4.891472,-2.6947982,8.679017,2.541892
7.01137,2.4511008,6.7082105,5.6793113,6.502242,8.137888,2.7612994,6.077521,4.8157086,1.8482331,6.4490194,3.5347345
1.5336308,7.3261094,3.4019952,7.217199,5.408116,-2.6257553,8.692423,7.7609634,6.3089685,8.741818,3.9458313,6.21104
9.669776,6.319108,2.555977,6.4790845,3.8014617,15.2603855,-1.0290343,-2.8183286,1.4829996,-6.6909633,1.2625415,0.31402737
-7.8899302,2.1225054,5.4019337,-3.4826734,-0.4458649,-13.90937,9.840659,9.049779,5.857915,21.950197,7.4820557,10.953223
13.583582,1.3264323,3.7177055,3.4939473,4.5527673,17.449938,1.5168666,-3.3257992,-0.2599031,-5.9262047,4.071093,2.2110057
-2.7369523,1.2317368,2.056957,-0.6196885,1.6506993,-6.5185566,2.7469676,1.8577981,2.3155918,11.465169,4.35435,2.8746517
-5.346061,5.147126,7.581035,2.7181845,1.9065858,-6.0547833,7.0035086,14.631658,7.132221,12.052742,6.5818715,7.309694
-6.973051,3.9915986,6.289774,1.7675139,0.5883242,-12.861053,9.75064,14.242424,6.6924305,19.145864,5.7994704,9.898849
-4.3231945,5.4222646,5.409458,2.9496403,1.6213129,-6.953745,6.796814,10.753018,4.963588,10.458448,3.251855,5.527671
4.1003885,6.7005634,4.696308,4.835371,4.175671,0.8687565,6.24251,5.448876,4.164685,10.998299,4.3033037,6.837299
1.9819493,4.640784,8.981627,5.2972603,6.62239,0.6496787,5.140326,9.830948,6.5563173,9.67807,7.8450003,4.8204
14.8850565,6.8984346,0.42252856,6.820857,7.584256,19.546482,0.65993255,-8.495492,-1.0196555,-7.1496325,2.9003286,-3.5091774
6.2302785,7.2104836,2.2755804,6.297052,4.387721,10.647982,0.33385086,-0.6922734,2.0930042,-1.9905808,3.5027914,1.6294866
11.04488,6.236267,4.5861163,8.766385,8.655738,14.321839,0.18484966,1.1256775,2.669431,-5.523528,3.641921,-2.4016423
0.20601332,4.8599753,9.700347,4.1521034,1.1418458,5.045969,4.629544,11.044653,4.0324965,1.9983257,6.072023,6.644156
-5.7505245,7.842625,10.547074,3.417352,0.970448,-4.8474255,6.6242,17.04186,6.863678,13.813528,7.0539207,9.055489
-0.8933474,3.5454516,4.450476,2.1472003,3.1507971,-5.4734282,9.299888,9.255289,8.052226,13.044691,4.659979,9.354821
10.611515,6.213,3.8136113,8.290076,9.418152,11.953917,0.72559345,-0.04714048,3.7365596,-1.8471822,3.3164809,0.078014016
-6.3535714,8.89716,7.84187,2.2791371,0.18906078,-14.273493,17.47005,17.438038,6.0204296,24.70573,8.075949,13.866077
8.75669,4.086735,0.29202533,5.4432006,5.7130322,9.80581,0.44928956,-4.0996513,2.1665697,-2.3961906,1.4999676,-1.0811868
7.457674,-0.076173484,0.3911305,2.0795014,3.7047808,6.4776716,4.1103992,-1.9598194,0.049234215,0.3692065,3.4742596,1.8346454
15.704571,4.7076516,1.8616655,8.089689,8.3107,20.673628,-1.4898398,-4.274028,2.9748883,-11.258328,0.15257908,-1.5714772
13.257967,3.5749786,7.184162,3.9105759,8.190172,13.310448,7.856016,2.0918846,3.8967118,1.5822148,7.425889,7.361908
5.7955494,6.4799714,1.3781693,6.806668,7.505756,3.4318466,4.6690826,-1.290417,5.1453347,5.970556,2.6517308,1.2740815
-3.4515595,-1.071322,5.9044447,1.5901983,-1.3264108,-3.4214482,3.9818988,11.459312,5.3957305,4.9301715,2.8688653,6.2974873
21.663134,4.702756,5.8987317,12.60654,9.58234,32.1692,-0.6320571,0.5452877,3.9861033,-19.379244,1.947518,-0.42648396
13.127547,10.757643,3.4280767,11.975178,7.9378557,11.611152,7.6617804,2.297681,4.4145765,4.4484234,5.802609,6.067327
2.8674588,3.572172,2.9814904,1.4072444,3.820331,3.0951161,2.4127877,1.1675017,1.6783762,3.0106544,2.9679096,0.8399005
-2.4996052,3.7908752,9.111372,1.1855292,0.058832683,1.9917774,-0.18105075,10.095488,0.28689244,5.9247656,7.0150905,2.8377323
3.419609,6.563936,8.105228,2.4867995,0.5313193,6.1607585,5.706375,9.178814,1.545954,7.5113645,6.9685707,10.141293
3.8959253,5.78463,7.720055,5.2227974,4.7348886,5.048333,6.4241624,8.172881,3.9114301,6.0743036,7.7205405,5.5826745
-3.5029323,4.0120683,5.8932734,1.5838016,-0.5830811,-6.7545667,9.0577545,11.999622,3.3112917,11.054045,4.391468,8.266274
-0.3122062,1.9264902,7.180365,2.4021494,-0.57281893,3.0978045,0.03652436,8.120745,-0.9661967,0.9299298,4.1373043,0.5670467
5.4813566,5.6965528,4.3727293,6.3912277,6.525682,4.297912,5.611072,5.507335,5.9664025,5.390833,4.7162814,4.2370696
14.97253,9.006119,4.2853956,10.300708,12.909657,15.046053,6.256917,1.568152,6.192749,0.27846295,6.352342,5.0315585
8.162606,4.0357814,0.6786931,3.7221196,4.728885,10.378338,0.22232947,-4.573025,1.1884278,-2.32059,0.78683347,-0.81153774
1.039702,2.286924,3.2520466,0.89746827,0.7869734,0.98175734,3.4592855,3.3035188,3.0611482,5.533061,3.446623,5.146065
7.950683,1.4637442,2.5720859,2.847442,4.7701383,9.881749,1.1796474,-0.572512,3.0392241,-2.2422123,1.8463135,2.0129495
22.035233,5.935667,2.251954,12.064871,9.016767,32.66439,-2.8771214,-7.254891,1.9409515,-20.280485,0.6661718,-3.498106
1.5065112,5.686379,4.7073827,2.7496164,2.4212854,-1.3465304,7.7647886,8.078625,2.02695,10.990152,4.692557,6.8425136
3.0098932,4.8918447,4.164827,5.465205,5.875101,0.8817057,5.9042864,5.024699,7.3551745,6.7421107,3.5399663,5.3334517
4.6741867,5.1440697,9.742601,4.246681,2.461873,7.108374,2.6731997,10.5785055,4.136265,5.7570724,6.3618813,7.432359
3.0715785,5.0324244,5.3997273,5.490053,4.8129816,5.4737844,2.1054583,4.237956,5.2738023,2.7177,5.005115,4.7062607
-3.9401333,2.2329319,5.544545,1.2586875,-0.0883117,-2.3377745,3.4208946,6.928154,3.2036014,8.8507395,6.2464375,3.4400003
7.448345,10.311316,5.5204606,10.746845,7.6507587,11.073707,3.7623408,4.0216846,8.080106,2.712067,3.6833026,2.3125494
7.2161174,6.41699,5.7809997,7.476361,5.471145,9.239251,2.6794791,5.6150312,7.196149,0.4329674,3.367525,5.2164683
-3.6758847,1.2833779,1.9351294,1.0853521,2.0822647,-9.9828005,8.738925,4.1927986,3.3314705,12.818109,4.03398,4.0089827
1.6821914,6.9544187,4.950554,8.198595,6.5242248,0.66093,5.442299,4.830781,7.358257,7.7755485,4.706357,4.1562505
5.7508283,4.744927,6.7117023,5.1897087,3.4286323,10.044241,1.0326391,6.398251,3.3799348,-0.49737516,4.767786,2.7300508
5.0856113,10.991496,2.8943255,7.8953056,11.5136595,0.72561526,8.9586525,3.7083416,6.9677563,8.241914,4.399061,2.0623949
5.549754,4.7391973,4.9496503,5.4066453,7.219497,-2.2578971,10.076062,6.8095536,6.3234434,13.72729,5.8113074,7.953878
6.8557405,3.020644,6.5780215,5.105516,3.9639094,8.262809,4.828439,4.775099,4.5778546,2.084339,6.150054,6.4687033
18.161486,1.0331984,3.7366612,6.4776764,11.528772,16.200342,8.422361,-3.8290014,3.4131782,-1.7410612,6.9495144,5.0312243
22.459131,3.9812536,2.3213584,10.381505,11.669396,28.49611,-0.525926,-7.611071,3.1188142,-13.5657425,3.8923767,-0.44956958
1.7480584,4.5348864,0.87331045,2.0423336,3.4807906,0.44166258,1.6408794,1.5382575,2.183012,6.40715,4.1946545,3.124728
21.678835,14.091503,5.6420426,18.668821,16.916164,25.404945,5.767712,-0.0015816732,9.574924,-5.319419,5.9562783,2.7202
13.195852,14.167808,8.051682,14.973199,12.090597,19.655516,2.6322742,4.163067,9.160409,-2.4034534,6.645486,2.6011024
6.26028,7.3640423,6.6832895,5.4529657,2.2076666,8.25527,0.23535575,6.408605,-1.2894546,3.4229436,4.423215,3.2836292
6.4612703,9.480153,7.9083095,9.267208,13.008928,1.323418,6.876711,3.2287164,7.096684,13.793448,7.8092833,4.3463864
4.625057,13.028455,3.7586026,8.825914,9.983057,-0.91863453,9.847155,3.7250965,7.471159,13.125884,4.8062663,5.460234
10.885328,2.0461488,4.8717136,3.547562,2.234036,15.890074,-1.0722514,1.5498229,-1.6877142,-6.187478,3.7071383,2.0622594
-4.447544,3.8351774,8.6256075,3.4102612,5.7526426,-10.432456,9.996794,11.448616,7.130246,16.524433,8.209354,6.527629
1.7503202,4.388397,8.392495,4.426537,4.3859334,1.1818793,9.122185,9.229398,7.1733317,11.020874,9.471077,9.273849
4.907243,3.7298224,1.7665715,3.0823023,3.025607,2.6409395,5.085294,3.4857066,5.878336,5.144009,0.11524393,7.4087796
9.757617,4.33183,2.2306037,6.6702347,6.45259,10.962791,3.423373,1.783922,2.5759392,-0.7093699,5.5932875,2.0636036
15.003814,4.9884443,3.4100242,8.645622,8.538154,15.75361,6.8930197,0.76560545,5.201201,4.7242246,10.558012,6.11807
4.675952,4.0901947,10.734818,7.7035146,8.599088,2.116087,12.63623,13.888017,9.922338,10.2731495,9.647881,9.833853
29.616781,12.593341,5.549172,18.246428,16.03208,40.398506,1.5108168,-5.1984134,5.1345873,-16.99746,5.248023,-0.5909879
5.926899,7.3693695,8.673347,12.554754,11.991704,3.9933844,5.199985,11.422971,14.624141,6.8772526,4.16392,6.5391107
5.630882,4.3110943,6.5926805,6.168946,5.3180366,6.6357007,3.783384,7.165014,5.9139423,3.9372864,5.9551725,4.512628
22.22078,9.783911,6.6400137,11.416149,18.09382,23.968922,11.878469,1.3139875,10.713306,-0.5240691,10.472086,9.694482
15.395353,8.187533,2.7896926,9.341091,8.64643,18.466606,2.001061,-3.2499232,2.1498756,-5.8554387,3.1982028,-1.5390762
1.7993404,2.1086028,6.196324,1.3848056,1.5065356,0.93903106,6.240321,7.9607563,4.3548193,8.779782,6.1258144,8.58188
11.611136,3.6959004,4.1164827,6.050038,6.39165,16.316437,0.6366236,-1.4098961,1.4038224,-6.283123,3.8278182,-0.9047582
11.537336,8.303027,5.046182,9.915071,7.565771,12.861711,3.4600053,4.3618298,2.010831,-2.73458,3.279626,0.93323094
8.865325,6.052695,1.6740683,8.133737,9.617795,7.8163247,2.705163,-2.085085,4.74311,0.47521672,2.6330953,-0.99498355
-5.614306,4.4624047,8.253785,2.722364,3.1081014,-2.7152638,6.196547,10.709969,9.494316,10.030731,7.5975537,4.262134
7.566488,7.2816334,9.036064,7.091359,7.3593144,10.163824,5.4846478,6.287975,4.9513726,6.588024,10.239747,6.605908
8.6928425,6.302445,4.5130596,5.914605,6.001565,9.633185,4.3991227,-0.16047472,4.6521945,4.088373,5.577744,4.2289715
7.350145,1.142599,4.2080765,6.146725,5.116262,9.581642,3.2882562,4.1778173,2.2387016,-5.19693,5.082328,2.1277876
-1.1340779,2.5037487,2.9461236,0.8162714,3.2637153,-6.724861,10.806193,9.363311,8.594734,15.811222,5.429889,10.465961
11.759262,3.5043766,3.767727,6.868005,5.4981585,18.688417,0.22496907,-0.09725698,4.3410115,-4.6108623,6.9911346,2.565214
14.345942,0.6439125,4.697577,6.3705926,9.385851,16.83451,1.173784,-2.8370397,4.113514,-6.626714,4.3219047,1.0993638
-6.634522,4.2149873,8.918043,3.727819,1.4680858,-11.68996,11.516946,12.679294,8.339354,18.07471,7.0008116,9.511424
-5.928838,2.5270505,6.0965695,2.100652,-0.033898246,-10.179172,9.626538,15.2694435,7.446791,14.809151,5.9983735,10.702879
-2.5494676,8.683766,7.4066124,6.005185,6.77477,-9.189564,13.012992,12.985479,13.493296,21.67276,5.898311,9.887293
6.5971313,8.1303835,6.9586177,10.681432,7.394653,5.0117025,7.115249,7.5153403,8.958886,7.082619,5.5957956,7.337931
19.571148,11.382151,6.0543766,13.384142,8.659606,31.996984,-2.9493175,-1.8974581,2.953115,-15.549711,4.0116725,-0.51027155
5.149845,5.647688,3.1886265,5.453347,4.418952,5.090124,3.2285306,3.2078695,3.5563025,3.0488198,3.338332,3.2377067
4.403064,-0.6301466,3.1784904,2.1085398,1.5328681,5.12074,0.8593662,0.9949597,0.26870427,-1.023044,3.5918968,3.080721
2.8623078,10.232823,8.967209,8.831532,8.9842415,3.4669952,7.0659337,6.1052265,9.550682,11.035639,8.37343,4.4113455
6.5933385,0.77161336,1.1430581,1.1323245,3.6000361,5.3726,4.8672476,-1.6696012,0.9274521,2.7284083,5.3652134,4.167681
-4.629629,0.43262276,5.9650855,-1.4176723,-2.189789,-4.474455,3.6985307,9.807335,0.96082,10.015729,5.415487,6.678637
12.188754,4.2109,3.8741286,7.9915934,5.8194313,21.64023,-2.8908596,-1.2901636,0.45164242,-12.695425,4.862777,-1.4116532
-3.83582,2.9256446,8.204535,1.1079895,-0.7080539,-2.357321,3.8904653,15.246942,2.7274196,8.312523,5.7645516,5.610913
15.423244,6.5604944,8.403851,9.7162895,5.650928,19.864468,-0.2660055,1.6576314,-0.04541204,-5.0721946,3.0122955,-0.6645274
1.689611,5.824628,6.820568,5.240107,5.113134,3.3139145,4.271364,6.8217754,6.146959,3.6892807,4.0022917,3.07283
11.671071,2.1291754,2.800721,3.7416656,6.6499877,11.7065325,4.012499,-1.7803686,1.7702045,-2.6126807,3.4362621,0.8233547
2.4476593,3.0626276,1.2761766,5.3253307,4.321247,-1.9537752,5.768856,1.7735838,4.5989594,7.009788,3.2797134,3.1842773
14.535996,3.6856506,4.597105,8.235556,10.248245,15.701788,3.239208,0.3241062,3.241041,-5.3387074,4.615427,0.9885497
8.338958,8.88593,5.2201533,9.074671,11.274677,6.7868004,5.413559,2.2288504,6.4079056,6.388949,6.1705213,2.0724459
7.3613863,3.6410875,5.194315,5.3200264,4.043313,14.460421,-1.8789911,1.3739711,-0.40927666,-7.044859,3.8041759,-2.4317288
-1.231227,3.8008924,9.553271,5.808383,2.4279106,1.6129578,1.6678342,13.219604,2.8361638,2.5832746,6.088843,3.14089
6.457069,4.29939,4.801464,4.1771812,2.2919154,8.617283,2.5026925,3.5640867,1.5525391,1.054805,4.809876,4.310599
-6.06877,-0.64861953,3.1205912,-1.0796386,0.02829419,-12.182764,7.9537444,7.074189,4.9202433,11.70311,3.3761756,7.464704
10.267225,11.598161,12.35099,13.54364,5.6858506,20.578346,-2.0527115,7.7915044,5.680258,-6.8044252,3.699029,2.7370422
-0.44276902,3.6338,6.067013,3.3635297,5.592999,-2.6333218,5.930923,9.988212,4.715163,9.932287,7.1316347,2.6742234
12.375071,9.74682,6.2034273,8.131722,7.5551248,17.383383,4.5373144,3.8677855,5.1792274,-0.067332454,6.2267556,5.660324
-4.581993,5.9241576,8.856744,3.0562837,3.953128,-9.190531,11.074709,14.323053,8.448538,20.144596,10.152114,11.266889
14.737692,3.8957329,1.4123216,8.495114,9.361049,17.185133,-0.25265324,-7.7470727,0.34179604,-7.6350703,3.3683982,-1.9591731
-6.1046085,7.777758,7.17383,4.4908185,6.013852,-13.98961,10.993519,13.887297,9.37509,22.981783,7.48821,8.76263
-0.9821239,5.7086167,4.5168514,4.1709895,2.7835984,0.32451335,1.9542878,4.793154,4.9554377,6.4037833,2.8999064,2.2523437
5.6971607,0.50792485,1.8982747,3.4872618,1.8248533,7.165384,2.7668352,4.124527,2.0619965,-3.044032,3.2325857,4.968227
6.189043,5.5444446,0.21757758,4.6286764,7.2898936,2.136483,4.0360937,-3.2001126,3.1149607,3.6004627,0.5081552,1.1399386
4.5366945,0.9604704,3.4905546,1.2258816,2.6176639,2.439364,4.497957,3.148944,2.7352962,4.352849,3.8138604,6.1319757
0.01956335,10.885752,8.53904,9.928395,3.9506664,3.7124224,2.7875516,15.694731,5.6735783,2.2651527,3.740035,1.4228433
-2.2346077,3.093629,5.09612,3.1098828,4.7213664,-6.222266,6.363539,7.0151706,5.1662836,11.529449,5.553871,3.196311
-1.9336952,1.9913452,1.9611086,0.1534164,0.25992978,-3.7368476,4.590885,4.1499906,1.9665434,6.9264216,2.536675,4.7516327
3.3937664,11.736563,0.48535046,8.603161,8.022272,2.8455238,9.36883,-1.6014739,8.588976,10.170745,6.591962,3.4849133
11.639681,14.332223,6.5908127,15.896093,10.931675,13.840768,11.398149,5.0368667,11.117306,7.0220957,9.023039,8.792226
10.292409,7.0384364,2.9420285,10.680025,7.2503996,15.333505,-0.16899341,-1.6812586,2.0545146,-7.565535,3.4966676,-2.6255903
4.125059,8.97686,5.199855,9.449835,8.815507,7.6365156,3.0243938,3.6664813,6.828289,4.811762,7.506788,-0.5864775
-1.403742,3.9466386,4.8250146,2.881148,1.0738665,-3.9694104,6.633966,9.445009,5.768952,10.998436,4.731746,8.030832
13.674554,9.217837,3.8960404,12.674107,12.2807455,11.926372,6.422651,-0.7780531,7.362618,2.5510235,4.6868553,1.753783
5.3481374,7.1265225,3.7853992,6.572945,7.447609,0.79118544,8.673931,2.0568366,6.3648353,12.660763,5.987724,5.8156505
7.431465,8.840872,5.642924,8.411319,6.1816363,8.280681,4.94025,6.173443,5.516538,3.4453092,4.061579,6.1096253
16.05396,4.014665,2.8727424,8.450122,9.116449,22.496166,-0.8076131,-3.6723769,3.866284,-12.270926,1.8459629,-0.70878285
-0.5717331,4.4534783,-0.30291593,2.2600236,4.085349,-8.022468,8.425921,0.26607502,3.8055732,14.924968,3.5265796,5.2417154
11.568751,5.039263,4.2877665,7.168289,6.9359446,15.411305,1.8117267,0.8320259,2.7813277,-4.4109516,4.567496,1.8525003
-0.026356725,6.350805,11.075641,3.5928056,3.7389007,1.1918364,6.004377,13.131562,7.9714212,9.093383,6.181192,8.897796
18.4527,4.220152,7.7221384,8.679119,8.307145,27.947327,-2.8413153,-0.8296107,1.8280083,-14.006033,4.5775228,0.77166283
-1.3216208,6.3735614,6.9241667,3.8427458,2.029704,-0.5391615,5.9624305,11.663928,6.492268,9.641851,7.095261,9.069825
7.342684,6.5419784,2.974002,5.2643857,6.12897,4.289819,5.70247,-1.5499448,5.630843,9.428552,4.9823413,5.366761
15.190405,6.0270395,3.9402366,8.16384,8.262268,18.085447,3.0077195,1.7879117,3.7618277,-3.8502405,4.953303,3.5603704
3.265845,4.576679,1.8576615,3.1012888,4.177806,-0.12093348,7.3849998,1.1837974,5.3189993,12.090586,5.4068813,7.1741624
3.7380536,3.560624,6.95367,4.398818,3.7164474,0.99601394,8.237227,9.586574,8.746401,10.531015,6.773264,10.888242
9.216129,4.3296537,1.061121,5.330023,7.5902967,9.893383,5.9887385,0.24073264,5.204039,2.7757227,5.3521295,4.211782
-0.64412624,4.899847,4.997902,2.281605,3.9089105,-4.4129686,6.5378766,7.417879,3.715327,12.444822,4.5821185,5.3303156
1.6915804,2.9264085,-0.68011904,2.2669375,4.644281,-3.7593474,5.6157866,0.11480618,3.376311,7.216944,1.0454283,2.9903321
-6.0319705,3.9608676,7.817916,0.66174674,0.9200561,-10.635902,12.623786,15.67925,12.1196995,22.942944,8.705508,16.359278
8.400189,5.7012362,5.966824,5.966395,5.697708,8.668591,7.0276804,4.5063314,4.4596586,5.6119843,6.589832,7.915041
10.549532,2.7760565,4.370121,2.98098,2.3242404,14.83464,1.8240502,2.989621,-0.09412999,-4.156411,4.7832727,5.7453523
9.725228,6.6527166,4.8005123,7.551876,4.6772084,16.41946,1.5598843,4.9619803,3.068542,-5.0480294,4.633529,2.5824704
-9.318146,3.2676487,3.4331357,1.8188452,2.606645,-17.534431,11.269945,9.828472,9.096284,21.47298,4.611879,8.626467
-5.1415434,3.5586731,8.627599,-1.9164068,-2.2012675,-7.486061,9.1270485,13.787037,1.800332,17.030632,8.154858,10.5063715
12.694397,3.9023936,1.7269163,4.003522,4.7843657,13.128868,0.8781305,-4.3112507,-1.0867784,-0.7875659,3.2409801,2.8458536
14.837813,6.231091,0.9602838,10.07189,10.343072,18.921194,-0.4713525,-4.3121414,3.1832578,-8.496699,1.7955033,-3.4514809
-2.8785422,1.001452,3.8438172,0.3280001,-1.5608337,-4.804296,3.2177658,6.0815487,0.42003706,9.195406,4.382138,5.366475
0.8981337,10.763081,6.4707556,5.894367,2.1092744,-2.7639427,9.074316,11.827829,9.714682,14.518705,3.2745821,12.404057
6.1119637,7.6523,8.711972,4.759678,4.285447,9.054325,4.958326,5.773795,3.5765882,7.088698,7.9250803,7.329326
5.153012,0.5263181,0.792217,2.18791,2.7677257,5.899514,-1.698034,0.549577,0.6657906,-3.8331063,0.05260371,0.19370483
0.8696412,4.5087624,3.6926699,2.7241757,2.2837238,-1.5450062,6.569878,6.6608934,4.65244,9.131803,4.2931824,7.018885
16.11328,5.439285,1.9475943,9.284368,10.451899,20.80449,0.32242173,-7.8726363,1.8416463,-6.9883533,6.5648737,-1.3169447
-0.956189,6.99031,3.3115046,3.5304062,4.9191318,-1.6022203,9.160368,6.495075,6.620493,7.4669647,6.166973,5.657259
19.772087,9.108889,4.201992,12.681686,10.692613,29.30366,-3.5718222,-1.068889,1.3155724,-13.863423,4.2876,-4.3120584
6.945295,1.0382032,3.3860712,3.6519237,4.87475,6.4442515,3.6216404,3.1008956,2.9361153,-1.1564343,2.809021,3.7993276
7.215508,6.253365,6.161404,9.006235,10.337066,5.9942193,6.502678,5.1911077,8.16958,5.8900485,6.0879054,3.788484
2.7593102,0.3712039,3.5839572,1.6283183,1.0542191,4.474236,2.0113788,4.685068,3.488209,-1.1593628,2.0225484,4.5582504
-0.11415783,11.1468525,0.10483464,8.522368,11.650104,-8.908611,7.4561224,2.8418593,6.7646937,14.886335,2.7660737,0.66863614
10.254205,3.7421238,6.451244,6.051514,7.588488,10.1360855,5.0701036,1.6696821,5.4617996,1.4730917,5.910595,6.7593336
0.089003175,5.180291,6.5174694,5.187782,5.4733477,-3.60012,9.611161,9.8901415,8.841697,12.580869,8.587582,9.742684
26.706799,14.954823,13.614311,20.170237,15.282115,39.819183,-1.0282834,5.392639,5.2481713,-16.290829,7.688056,0.39811298
-0.6122911,3.1155617,9.534238,5.8371315,6.8044815,-4.888031,7.836261,17.695774,7.9464293,10.210287,5.8254504,5.9859347
0.3610789,9.518523,5.738419,4.5311246,4.221622,-1.3810257,8.880562,12.536051,5.150204,8.352773,3.1798441,6.2611375
17.5095,11.879425,6.1319914,15.314715,12.449857,24.786728,1.9478749,-0.12218627,6.4643407,-7.752784,5.8769913,0.12982646
9.122875,2.3717046,0.15733461,4.6642632,6.717121,7.3329453,2.1657867,-2.6894865,1.5386133,-1.4284356,1.4510856,-0.5123381
0.038994484,3.0147138,5.2137475,3.0116327,1.26623,0.6806206,7.814055,9.146902,3.604659,5.084051,4.7896986,7.0376844
5.9897985,4.0692806,4.210767,6.894316,9.039542,2.6586175,7.6635766,1.494805,5.148923,7.824842,8.140571,3.306274
8.233438,7.1088367,2.2976637,7.0139303,9.346364,5.012302,6.703156,1.3230932,5.5177503,6.609077,4.661298,3.4461024
33.826035,14.369024,14.961724,22.116135,18.13921,52.934288,-3.818847,0.96863735,3.9298027,-26.983618,7.864765,-2.9948885
6.038521,0.34065098,3.8104367,5.0957117,4.9279623,5.249157,1.8540606,5.6481037,5.029712,0.73863643,3.7169237,3.8778613
9.768659,7.02994,0.5752471,8.866003,10.876592,6.8789706,3.6271796,-3.0927682,4.5738635,2.6287005,2.1799212,-1.8562999
12.96561,8.381746,7.2421236,10.900378,12.573259,13.61204,9.560237,5.0893536,8.608184,3.079316,8.241676,6.6076922
6.9207764,4.9544783,6.015283,7.5236096,6.0196514,5.845554,5.2770553,4.0548253,5.4991927,4.440623,4.4321465,5.406304
0.30006972,5.762678,3.5463479,6.674497,3.5175343,5.0720735,1.718057,3.746461,2.8104966,1.7467124,6.589903,0.57272804
0.48649946,2.5045965,2.8677466,1.4694782,3.7894943,-4.5507565,6.0567274,4.1719804,3.6415105,11.739974,4.869498,4.453596
7.073716,2.6502197,5.209142,3.8048263,3.8969395,11.74659,1.9705975,4.89587,3.0602627,-4.702098,4.7607193,3.4439812
13.741608,10.02782,5.3237567,11.819459,11.250514,15.390037,3.9047637,0.6263434,6.200583,0.57668895,6.7384844,4.3333616
13.484522,9.930868,6.9211297,14.2356825,10.192535,19.425013,1.6029114,2.5261986,5.7929144,-5.750316,4.8769636,0.45637688
2.977571,4.4812727,4.1592684,2.5624306,3.7528927,4.437607,2.9085987,4.6885023,2.4400847,2.4389515,3.7650738,2.6975033
7.05401,1.5685484,4.8940506,2.4734538,3.0435886,9.544428,1.6586072,1.739388,1.5205522,-1.8988898,3.9179714,2.6462724
16.467102,13.538171,8.034814,14.190206,12.736548,20.022627,8.438024,4.852929,4.175094,-4.418777,6.5421777,0.456763
4.882276,4.7265,3.9604113,6.637863,6.534269,4.3143764,3.4818857,1.6949277,2.4264336,2.0133452,4.1242785,-0.39461952
5.6410875,2.6772645,3.3759224,5.2333045,4.5913343,7.120668,2.9730551,1.7293411,2.141505,-0.73019075,5.073567,1.734563
1.0531898,10.400738,4.1617994,7.0256767,6.463047,-0.5526412,6.1154284,5.5887647,6.494864,9.573643,4.3178997,5.1959214
3.7305605,4.9018188,4.3803573,5.589206,3.945573,6.328161,1.6215407,2.9911013,2.9750936,1.6047609,4.1815805,1.800196
2.0356247,7.0871167,7.122296,7.6954684,2.3598483,3.478572,3.394046,10.059155,6.041608,7.4667883,5.8990264,6.6705
-0.49040377,4.4900985,6.5939994,4.4306626,2.2383814,-0.38274205,5.8946233,10.764928,3.3768563,10.205002,7.5268435,5.7383623
8.521275,5.0971127,3.5601082,4.0885873,5.8039646,9.616128,6.5796494,3.9827232,5.1549845,3.9847949,7.4000487,6.749482
-1.9366139,0.022361407,3.1795087,-0.39447296,0.1836647,-7.5921235,7.496993,6.333653,3.6784291,10.042677,3.556138,8.689836
11.90626,8.419443,-0.02298928,12.078946,12.869511,9.827744,6.6846147,-4.371125,2.165714,2.4925241,8.547795,-3.1547847
-1.5010008,5.65385,6.9282317,3.2824333,2.4235227,-4.0675235,6.7266173,12.149076,4.6109085,13.145601,5.297442,7.748707
15.038127,4.2330356,-1.0695769,7.3912935,7.9760294,16.135704,-0.1558327,-6.265106,-0.46931735,-6.9807444,1.600155,-2.5285764
10.830559,1.3871089,3.736798,3.7611973,7.731273,10.433318,4.7326326,0.52358305,4.352595,1.5743438,7.2669973,5.1276402
2.0137043,7.295992,6.869176,4.542495,5.2723246,6.8429956,2.0425298,7.379209,4.108028,0.35231367,4.7894597,1.1695756
-0.99141586,-1.1348842,6.4573946,-1.8785361,-1.896304,-0.64598644,3.3447793,11.70989,-1.2205967,3.5474164,5.1200705,6.152064
-12.546964,2.5997288,8.76497,-1.6156272,-4.8747888,-16.863628,10.370317,21.416927,3.8180642,19.751822,7.7452855,13.134548
7.5401773,0.27178514,1.7047893,3.6211848,3.7090244,9.498445,2.666638,1.2659035,1.9012221,-5.2450724,1.7027375,1.1816136
5.2789283,7.164719,9.307414,7.5777206,4.0049324,11.918606,-1.424857,8.143732,2.1001928,-2.2192652,6.166123,2.0855076
5.906482,5.054755,1.7704519,5.039439,6.617967,7.4494357,2.0118008,0.79191256,2.025944,-0.10166334,4.163235,0.558898
7.531512,9.749494,4.769876,13.314757,8.573775,9.960952,1.2364876,2.5487561,8.124855,-4.44639,0.32391286,0.33474493
2.8332572,10.15129,11.052484,2.8834414,2.5063176,4.142913,11.942974,13.875892,8.689513,16.108366,9.138721,14.2759075
-3.5966396,2.6668882,10.539339,-1.9445448,0.42989823,-4.200778,9.707523,15.139229,4.699318,20.264603,13.6532955,14.621457
6.7119517,2.8942637,0.46981183,5.4216986,9.264421,5.7905855,3.7821448,-2.1389606,3.3248904,3.0550156,6.541575,-0.2315956
8.3706045,9.010244,10.067582,11.710242,10.091328,13.991868,0.49270034,7.945508,6.2549353,2.1595228,10.710448,1.4790571
18.153439,7.020985,5.239375,9.806266,9.454631,24.350538,3.3869812,-3.252315,6.237123,-8.793186,5.2007937,3.528978
14.146548,-1.0814661,1.7725335,2.7872078,6.064915,15.14319,-0.51975214,-3.5858016,-0.31643143,-10.0531435,1.4517485,0.9688064
1.7213244,0.7317457,8.358724,0.324533,3.7953038,1.08809,7.8510165,10.819341,7.663575,12.02126,9.147862,11.373252
19.748987,12.401851,6.8291183,15.80025,13.373139,27.72307,1.3648694,-2.0624754,5.351712,-7.490842,7.008638,-0.3039734
7.606071,5.2271395,5.7707663,5.052901,4.2624497,13.079699,1.3017213,1.7950914,3.78852,-2.2168705,4.6966004,3.506473
-1.2605209,6.543352,6.016034,2.9119718,1.7316444,-2.1072044,6.575609,11.283234,5.3145,11.433489,6.1124997,8.799634
-4.396719,2.345752,4.5164537,1.5123988,1.2913007,-8.766982,8.123531,10.635685,7.7884936,13.839055,4.3835406,9.396198
5.379975,3.411508,6.6115446,4.897435,6.693268,4.450174,7.1790457,5.334648,7.793282,6.1180243,5.413224,7.9719777
24.584635,8.734022,5.4838786,12.983712,10.9495535,32.21456,3.1217995,-2.2838073,2.0400963,-13.770254,6.3224463,3.1351347
1.1276822,0.122730225,5.569529,0.48056886,0.39162275,4.9508324,0.5596547,8.537635,-1.7232001,-2.0938656,4.3092937,0.23581621
2.190112,3.7706707,7.890936,4.7524,3.0079973,2.9822402,6.1836658,9.045283,6.1785784,6.372405,7.3802543,6.727223
-8.397083,0.9725293,6.115969,-1.7492849,-1.0944763,-13.317754,7.186677,11.11256,5.1024957,17.385305,5.6207914,8.427285
10.142934,-2.3239205,0.07657524,3.05365,4.8548584,10.816701,2.7162035,-4.4630694,-0.164341,-5.9453,2.0161173,-1.0595732
15.74555,8.243284,5.379255,10.391987,11.900769,18.686323,4.3038335,2.2023323,5.3668013,-3.8465807,5.633486,2.5393689
-4.4110694,6.865782,4.4290357,4.364124,3.8211737,-10.15008,9.562119,8.408037,6.408156,16.139402,4.816255,4.3480115
2.7193384,2.4552138,2.547034,0.77683294,0.6076375,-0.32364476,6.68404,3.5414412,1.8004329,6.021668,2.8541007,7.466514
17.6866,5.3350973,5.6893544,8.940841,7.3835015,27.154215,-1.3353145,0.008183182,0.7171909,-14.903617,4.3449593,0.038341224
5.159728,3.6086965,5.4890466,5.659189,6.255216,5.6578984,2.9587798,5.043521,4.158316,3.0677338,5.390461,2.4444866
12.69035,2.9735548,4.0238476,6.655749,6.454176,18.884512,-0.5750498,0.75884825,3.1677847,-8.962871,3.87241,1.5929183
7.334029,4.868676,4.0143847,6.2418847,9.196471,6.508555,7.6567364,4.6863685,8.291618,4.5751696,5.951383,5.5438986
6.538208,5.3365636,3.8416421,6.6001544,6.1571608,4.98021,9.075017,6.2711635,7.5666056,6.5544477,5.850808,7.771336
10.255834,6.578289,13.61761,8.082662,4.337687,19.030582,-0.1408998,13.588077,2.8142664,-3.7155373,8.29715,5.3316417
13.362833,3.9362352,4.7534986,6.621227,7.422228,15.023703,5.248048,3.6207325,2.0709627,-2.29236,6.128713,4.060701
-12.521841,0.73250115,5.3929014,-3.735606,-1.2829016,-20.703453,13.075771,17.993504,10.367106,24.414225,6.7448983,15.190618
5.9681773,4.1395173,5.1078796,5.2618895,4.2236605,6.5823355,5.7871614,4.177454,3.4385562,1.797536,5.720552,4.618023
6.6895556,4.487779,7.9187083,6.5433354,5.3402357,15.439251,1.6540143,4.556181,5.354499,-4.6137066,7.174171,1.6702359
4.6512294,0.9686954,1.9535975,4.483193,7.6330132,0.29789665,5.6459265,1.325774,4.416175,5.852274,4.491538,1.7848041
17.833185,4.577173,2.4972703,10.546104,10.355601,21.336946,-0.5414108,-4.3968153,2.224911,-11.4631195,1.5457057,-1.8631548
13.169458,7.61159,3.3098214,10.097574,10.698786,14.730995,1.3336177,-3.8047876,4.28561,-1.9399214,4.561616,-0.54386616
-13.723115,1.2914299,5.8458433,-3.7480261,-2.355695,-24.166586,12.643924,11.7083435,3.0995877,28.639805,7.101025,9.542528
3.0514424,0.88284516,3.9391177,2.1250556,5.3855557,0.3415763,5.628579,3.1436741,4.477176,7.652046,6.3679795,4.4045115
15.935305,6.1514096,5.0318503,9.766303,9.6319475,21.379263,0.5702157,-0.24854825,4.13642,-10.532376,1.9048545,-0.015384903
-1.244167,5.8385015,5.835844,2.5124514,7.3384175,-7.2743545,12.001266,11.476518,8.189234,17.666811,8.560236,8.662872
22.120592,7.082224,3.0210803,10.916702,10.30758,29.853935,0.49647936,-7.297574,1.4984239,-12.540353,4.87273,-1.187132
1.5218196,4.1800957,3.5768297,3.5951328,4.6551995,3.0949488,4.2349005,5.0942235,4.29206,3.3818636,4.3785243,1.8022392
8.960907,6.3676386,8.121339,7.5069737,5.6107497,14.410788,0.98917174,7.448728,4.952898,-1.2593539,4.9275866,4.0593653
15.3334,6.7338247,6.6399374,11.2058,10.943288,19.606413,-1.4102741,-1.9312683,4.359405,-5.057623,5.0285406,-1.1316196
7.528211,8.260609,4.375659,8.592495,5.3267775,14.789867,-0.63231844,0.47104296,2.637268,-2.6133983,4.7550135,-0.5014898
-10.783954,-0.63528854,5.0813227,-2.9612124,-2.0328658,-15.028644,7.7243967,9.140793,4.5831633,19.806892,8.510261,6.7468104
1.4457388,7.3995414,5.3338385,4.6196237,5.702301,0.45906523,5.611335,8.716976,5.5686526,7.26798,4.7989173,4.7203035
2.355231,0.8678304,2.9803724,1.7906557,3.4061518,-0.09344587,4.109454,-1.4561614,3.344488,6.7893057,3.829456,3.1543596
5.111585,6.1519666,7.200999,6.2389584,6.863948,6.428731,3.726141,8.597128,3.3694975,3.9877431,6.30532,2.6015866
-4.2988796,3.710554,4.8638916,0.5404455,0.72444886,-6.873119,6.4277616,8.093333,3.3139968,12.941474,4.465263,5.462025
5.780971,1.2528118,5.0067577,1.5520099,1.5267769,8.853221,2.7922637,2.8353739,-0.2924687,1.0200313,6.0884695,2.9690583
7.7892303,3.0833235,9.62368,5.806577,6.8897696,12.684924,2.7989225,7.7641993,4.9836645,-2.6612985,8.320281,4.799325
1.0610139,3.7782671,4.5598736,1.4414523,2.896728,-1.4952633,6.9618773,5.4722543,4.330144,11.107388,5.3662624,6.7393327
2.704337,5.8574243,7.0972743,2.9435248,3.1219003,2.972822,3.4676385,7.949878,3.5009072,7.122626,4.943351,5.936713
19.161482,6.3074455,2.5627735,12.049067,14.512721,22.494333,-0.34231743,-6.1325035,4.3979473,-13.176244,-0.64682376,-4.4522843
5.9684196,0.68331987,6.073364,3.301862,3.143068,8.493896,0.8735896,6.204699,0.9641159,-2.40418,4.8093214,3.365064
8.5758095,2.9598186,4.0914965,5.2869606,7.8236628,9.189454,4.2498026,-0.021204296,4.1340976,-0.25017434,4.7733884,3.1486442
9.555017,3.480427,5.1437707,6.403688,5.639633,12.942088,2.859646,5.235114,4.147468,-1.6251206,5.878545,5.0893455
-4.8385515,1.8913882,3.5506089,1.7393954,1.9503173,-12.077384,6.872406,8.37886,3.0895023,14.9354315,4.6059856,5.8666496
10.469456,5.3147483,1.4123263,5.3849096,7.613359,7.198204,5.461829,-2.4179547,4.744325,4.0326834,2.652122,4.4461913
9.509688,0.41738388,1.376503,1.4581137,1.3134732,6.9790735,5.6950727,-0.045384675,-1.8384745,2.306514,4.099668,6.37343
5.2584805,4.08181,2.5268602,3.347828,2.4097672,5.1537504,4.9775786,2.4242806,2.919223,4.676093,3.5586357,5.523753
1.6038754,1.6557177,2.2683845,3.6025093,6.631053,-3.1302853,4.445073,2.8728426,5.482611,7.9044447,2.73783,1.4456348
-6.0812182,2.2804673,5.4058633,-0.6644351,-1.3999168,-9.481744,6.638689,9.179528,2.327401,15.450316,6.036766,8.268382
5.148612,2.5309207,4.8450046,4.9231663,4.818637,7.640036,2.845559,2.1140964,2.705282,0.7142772,5.543812,1.4285525
3.7598946,4.1923695,3.975043,1.3730757,1.9758639,2.28862,2.9601524,3.7360113,1.7116306,6.320934,2.5722823,5.262475
-2.8774235,5.7264967,5.0738173,3.1119878,5.216012,-11.554867,13.159048,7.8435736,9.078517,23.874226,7.685566,11.03653
7.665787,14.950506,13.543277,12.019255,9.364151,15.225806,6.2097454,10.137729,10.775098,7.9608154,12.123914,6.1927805
6.4818625,5.933804,4.1444106,6.468571,6.393042,6.6163135,5.735413,2.9844031,5.4088893,5.3759155,6.4474945,2.3437784
-3.9994593,9.834333,8.123712,4.9612927,4.0974617,-5.0868406,6.279741,10.469287,8.453729,16.502165,8.100964,6.238053
-3.0507216,2.5718193,1.0423394,-0.017741663,0.05503048,-8.829395,6.238261,2.7424593,2.392589,12.656728,2.1027546,5.033682
-5.0947523,7.5473137,4.8942313,4.8118024,6.3926454,-14.838247,10.730945,9.648418,6.5804224,21.698814,5.9697094,5.4436502
13.248687,5.5064797,5.092579,8.82344,10.535888,14.053746,2.5524988,0.86288667,5.694008,-1.9725406,3.6731794,1.7792423
17.623108,8.206244,9.940922,12.011132,11.366537,23.56503,2.0178986,3.5433693,5.9746304,-6.7070208,6.640684,3.656128
6.134225,5.0078907,3.1124961,3.989735,4.0805936,9.581752,1.9207971,1.2812235,2.5262241,-2.3304362,3.4575298,1.6580821
7.347946,2.2900913,4.725569,5.2750897,4.7433844,5.1803646,4.9170394,3.70795,5.2242436,1.9715731,2.4517875,7.613923
-0.9877303,2.5986335,3.1962264,-0.17692408,-1.4731301,-5.056841,10.452542,6.39087,2.3351722,15.6228695,6.771927,10.868117
11.755165,2.4814353,3.2992337,4.790791,7.613608,13.72568,4.1399994,1.1536864,3.8930855,-3.66623,4.2721963,4.3440604
0.9097945,0.833924,8.214433,2.4509482,3.2282443,3.0291255,3.8034122,9.610081,3.59865,4.1552014,7.325375,6.0404167
8.80001,7.3461814,10.254368,5.220044,4.098609,15.282381,0.9721838,8.841531,3.0705314,-0.97471654,5.114848,5.1054797
-7.6063957,5.9850373,10.944919,2.269057,-0.63726205,-9.578828,6.7687936,18.51012,5.4686866,16.638739,7.52846,9.905309
-1.9926729,5.7025523,3.6597817,3.651059,2.0225215,-5.3488455,6.9108834,11.796279,5.7418046,8.951054,1.5767083,5.072954
5.5788207,4.7485256,2.3701828,4.6251297,3.6449325,6.0703015,1.3100129,0.13720657,1.55654,3.2677915,3.6642582,3.1744702
6.7836027,4.9204383,2.776256,5.3165135,5.7114415,8.119299,3.0413208,-1.7814914,4.0393977,2.0975037,4.0832415,1.8115101
12.237394,6.8170624,4.968851,8.502952,8.57352,14.215134,2.3857596,-0.221255,2.9432414,-1.3114812,4.34371,1.0726368
4.957383,3.724183,4.8734775,2.9386249,1.850814,4.873867,8.046213,2.8845403,2.0460198,6.702615,4.6909986,6.127808
5.2835007,4.679314,7.5315933,6.614082,5.618645,6.6496916,6.046123,7.3878016,7.278154,4.354534,7.4666886,8.465561
-1.2132086,6.626395,5.3086586,5.5764084,3.3428073,-4.5327234,5.7569833,8.889244,5.09398,12.385757,5.1359587,5.5476227
-1.0957623,3.9228508,7.1476407,1.8337576,2.3197541,-2.0735831,5.7432604,9.553418,5.1790733,10.335598,5.682197,6.937555
18.718779,8.576646,6.2473526,12.091292,8.49791,28.816975,-1.7713594,-0.8744383,2.3637679,-14.571633,2.6411088,-1.1013923
11.240289,5.688001,6.8717246,9.145861,8.06486,17.51219,0.87200356,3.0753996,2.3894856,-6.2530293,5.541543,-1.2240081
2.8874242,4.658475,3.9436445,2.4039638,1.9634308,4.3982787,3.0258806,2.618876,3.1174881,4.64492,4.147613,5.5119367
-6.1841807,6.0411916,8.21601,3.4509676,1.4396164,-11.806095,10.435506,15.3636675,7.567019,19.25863,7.1023664,8.397468
3.7330258,3.2138672,3.0898654,3.7878134,2.491635,6.2376957,-0.17787227,3.060634,1.7321284,-1.9137577,1.5767543,1.3393692
-3.3013923,0.47905043,6.9176164,-2.159272,-2.5069993,-4.206981,7.1033454,7.8836994,3.9218192,14.422499,7.3228874,10.222929
16.343454,12.893767,7.317325,13.535136,9.14488,26.595488,-3.4156938,0.9444061,2.7281437,-14.781113,0.7617162,-1.9429078
15.613666,5.265316,6.3917837,8.230015,8.559793,18.749628,3.5365305,2.6626797,3.4273722,-5.723794,4.497951,4.231978
2.377256,4.084305,7.560548,3.2659047,3.8270066,5.319986,4.7106843,7.861197,3.4979882,4.9456086,8.552265,4.1625094
3.202944,4.1725373,3.8545728,1.0613698,-0.18897238,6.0920777,2.3628402,2.7296681,2.6759894,2.122913,2.5819,4.5630455
1.4077264,3.7513149,5.8041253,2.6347547,1.8658932,4.242765,3.4929752,5.8922124,2.642139,5.5827703,6.3340535,4.799342
2.6046796,3.4592004,4.975152,2.6949258,5.2386074,-3.27663,9.229393,3.6061468,6.0708785,13.399309,5.7992945,8.330622
12.533319,4.5516214,2.4985018,7.5421987,7.3309255,16.973661,1.658406,0.6978182,0.74919647,-9.873762,2.3610096,-0.5480676
14.884669,5.9344673,7.464943,10.475421,9.475081,19.3934,-0.6334947,3.2838233,5.1895566,-4.7364078,4.1527934,2.4988775
0.7003024,4.230399,4.8303514,3.970052,4.056628,-1.6979138,6.820532,7.7446,6.5780354,11.00846,6.9696617,7.2097397
15.652356,11.816589,6.934971,13.516166,9.482229,26.51266,-0.758457,0.89956826,3.9108377,-11.561988,4.061877,-2.1678455
2.241116,2.250199,5.6533117,2.3712714,2.2598765,3.1208615,3.7612236,6.444807,2.3160357,3.896578,5.801131,5.388125
11.088445,15.26292,5.637035,17.99742,10.947215,8.278101,9.367746,2.6751046,11.029172,8.578716,3.6226203,7.3012443
-6.497469,4.9653106,2.855586,2.233721,3.1142159,-18.402431,11.547886,6.3664494,4.263529,23.672886,3.6321676,6.7311664
0.3829054,3.06173,7.5816236,1.6374949,5.7464905,-4.857026,11.079772,10.567427,9.19771,13.036046,6.3646154,9.658397
18.54927,10.647645,6.3660946,17.722013,14.730295,26.49724,3.3927748,-1.506359,8.286356,-9.217164,8.19352,2.137993
1.5834014,-2.1332943,1.7220966,-0.16012874,-0.2165865,-1.346974,3.4789126,2.104747,3.2125125,5.866109,1.599223,7.260455
-2.0264366,0.80064875,6.3582563,1.2072191,-0.4574868,-2.0727608,4.4602275,8.420696,2.356014,7.858649,5.7864857,6.1665387
-4.325838,4.7279897,6.2125773,1.0727762,-1.3308939,-4.502737,5.381987,10.138382,4.74062,11.715778,6.203033,8.428942
-2.5878367,2.662984,3.7328038,-0.047586847,0.87652236,-6.5053835,7.0102305,8.082619,4.2677298,13.23962,5.4273624,8.877283
11.281951,0.9931178,6.0828257,3.393847,4.089604,19.65643,-0.9238224,2.4207432,0.2137542,-8.57975,6.913829,2.5218327
6.8610735,3.7643325,0.7755129,3.859184,2.8550203,6.5991426,3.5935106,-1.4493811,1.4965248,2.084993,2.6185086,3.7505612
5.509308,2.7487984,5.646988,3.3760345,0.9415445,10.376234,0.36813802,5.1651793,0.03764863,-2.4278772,4.8896537,3.0309365
8.655538,5.464469,4.0523386,4.0820637,9.00207,3.8136146,7.5841193,1.4385369,4.8579974,8.368389,3.5261636,4.4052496
17.30312,5.889479,2.2787707,8.9018135,7.0105286,19.225075,2.546979,-3.1488485,3.6291747,-6.635139,1.6335384,3.4137695
4.8531237,8.74458,10.488058,8.783143,7.0982866,10.571404,3.6042907,9.998815,2.9605532,1.2465978,9.365483,0.68460464
-4.5000134,2.2522986,7.552321,1.7856674,1.7302635,-6.7796774,8.575443,10.901529,6.1046944,15.556106,9.221469,7.5859404
-0.8051069,3.8979115,6.1360073,1.5835321,5.318333,-10.803382,14.046348,4.1228423,6.8921633,25.522797,10.262911,12.097562
