-11.720366,30.907015,4.747088,16.422016,4.731421,29.978096,-2.9926488,12.26282,-19.388552,8.947462,8.423439,20.559862
-4.2089067,12.341892,7.760875,10.401102,6.2537766,14.710516,-0.18090889,2.036874,7.858955,4.4420495,12.213934,6.8209476
17.467361,-12.601518,9.34374,-4.8454766,16.53409,-6.264687,7.3349223,2.9611516,21.296171,7.36602,11.546071,-5.621837
23.25208,-17.6293,2.1200373,-10.488059,7.035872,-15.252708,13.307856,9.119362,15.290454,10.886429,-0.06763351,-6.98801
21.97088,-22.52542,5.2384706,-6.3602796,4.7938147,-26.379656,11.115483,3.3188355,15.252683,5.0356927,3.8819609,-1.5944449
5.974078,13.356478,12.678349,13.042273,10.669679,13.9208765,6.6783977,9.114102,9.839458,9.711193,13.945459,9.64128
-24.945818,32.471096,1.5152756,27.052467,-10.739283,33.487885,-15.489642,8.189824,-3.748779,2.2233586,6.580374,16.362318
3.899597,13.5822,6.209818,8.548277,3.949232,11.720562,7.0831504,8.440166,-1.5249026,4.4798017,2.0552957,13.206178
-30.690804,49.208183,0.9079991,32.235893,-6.300198,68.54677,-18.558535,22.922878,-8.881114,7.841303,8.094111,14.457796
23.624619,-16.822805,6.3285127,-14.120911,9.603356,-23.053831,18.345621,2.5504165,8.802597,7.459846,2.2292714,1.4673404
-8.925856,26.430653,6.1296306,17.499454,4.7307897,28.31043,1.4298613,6.1019697,-1.1804254,2.7945068,7.214716,14.000596
0.74378395,5.037123,2.1712878,4.8280683,4.349821,4.8916173,2.3995159,0.31821653,6.115321,0.51231575,2.3450043,2.8527372
-15.243664,35.18876,14.510563,25.1713,4.1385775,28.624464,-0.599606,-2.8847313,-2.0156946,-2.731821,12.746344,19.442305
25.65876,-24.336466,2.1495504,-13.808813,9.375051,-18.732502,9.41222,8.066249,12.190565,6.546386,0.6949557,-7.19683
-40.853313,55.690536,11.459447,42.021564,-14.446581,58.012432,-18.250837,5.0946107,-15.393436,-2.3435545,12.491483,30.11122
10.749751,-7.7128363,6.1565533,1.4432995,1.4415021,-14.252903,7.3120875,0.6132319,15.140462,7.200756,7.359317,0.8391857
-33.95099,62.94241,3.4135342,41.736523,-4.4672494,63.354046,-13.321635,8.096194,-18.246195,-3.0397213,6.3079114,26.432913
29.93429,-8.942829,10.534954,-9.877136,23.881405,-11.799633,25.707993,-2.5784473,10.572309,-1.7469378,3.510218,2.0935888
7.3056054,2.9999976,8.55916,8.165951,2.6100445,5.7380614,5.961771,11.322584,13.231721,14.030706,12.467206,7.004269
0.19651195,12.3593645,10.128482,9.372674,1.1963351,-5.064485,10.623651,2.5072882,-12.677795,1.3179142,5.870501,26.64571
7.3265514,11.574421,6.401639,12.313395,3.2737675,-7.1274657,13.694834,0.7916433,-2.2524617,2.8179274,5.3888516,17.619226
17.977293,-7.0316057,5.746354,-3.4026344,7.741636,-13.21853,10.024524,10.18951,9.216078,10.505476,6.0032673,3.0718756
31.349327,-26.64984,8.717149,-12.593328,12.227473,-21.052656,16.512533,2.2257795,20.663729,5.690901,1.9596485,-7.070386
-20.870329,42.102474,-1.5934789,28.96007,-4.263305,39.366066,-10.021164,13.52296,-13.708029,4.608444,3.7437284,24.318508
31.399347,-28.08338,4.707113,-13.592066,8.452414,-27.533842,13.972899,7.630664,19.876205,9.895622,1.2881335,-8.771227
-15.448447,46.64755,10.454723,30.43857,4.621992,38.89868,-0.32325074,7.159143,-23.661547,-1.2908592,9.877359,29.65065
-23.19773,50.650097,11.054318,32.495796,1.1931187,50.861076,-3.9275901,13.382222,-19.443441,4.7735248,13.053212,31.926054
25.116755,-16.799622,9.117661,-9.705677,12.514941,-16.648426,15.883729,7.560177,18.684807,15.511496,10.586187,-4.8592896
-4.1228213,28.992123,9.945496,17.674828,15.7664,26.813675,4.9639926,4.0412316,2.894553,7.649053,17.588846,15.398076
12.030391,2.595021,5.61245,5.005379,1.7149365,-6.667053,12.577538,12.063605,5.760083,9.501567,4.8952904,14.429346
25.249063,-18.152628,10.951845,-6.3316345,12.091702,-25.502787,18.263996,0.21929324,21.059168,10.936936,9.863428,-2.8362684
27.473106,-8.470302,7.9751205,-0.9903999,17.167807,-14.137006,15.168645,11.439673,22.243958,14.341016,7.467467,2.930202
-4.620819,30.426954,3.4604845,11.527121,13.872692,34.834152,3.8222613,3.8738816,-16.458126,-4.681017,-0.9930075,15.122337
11.277857,-8.331994,9.561325,-1.8391427,10.037221,-14.005522,8.357625,-5.4039655,5.664673,2.899483,8.08615,5.9583635
33.056667,-35.207127,0.66675365,-17.69157,8.176189,-30.741472,12.328795,10.636419,23.66567,14.939499,0.82005036,-14.55301
0.17039436,19.160505,5.9294496,14.381858,3.3426666,19.860872,3.6051488,14.53959,-5.993683,8.390588,5.5061316,13.446319
33.182762,-36.063286,5.5434194,-15.775212,3.7051065,-41.47509,17.379356,5.7673106,29.334805,10.438749,3.5017555,-9.770395
19.524273,-8.842502,9.712555,0.48926377,9.71982,-10.889934,15.217623,11.2838745,22.015858,8.8368225,7.1399345,1.7281644
-11.232509,14.148714,7.716366,15.1650305,0.60455877,19.823526,-6.687725,-3.1605256,12.030222,1.4875519,10.46784,5.6186175
-3.1606348,8.029994,6.658678,14.948744,1.5480938,13.337207,-2.7315214,4.518841,5.7567587,2.6729739,8.966718,4.388963
-10.390548,25.529186,1.8011138,15.651986,-2.7150695,26.961185,-1.3943603,12.541921,-2.4399498,10.979036,6.295953,11.945083
14.577874,-1.5410608,5.6247983,-3.2966065,12.363122,-0.30932847,13.477329,3.8474295,8.810846,3.109849,4.057001,0.6754642
-4.3221273,19.675705,-1.2946618,10.757778,0.67014265,24.03354,-3.3497055,15.790257,-12.931462,4.4923234,-1.9998734,13.937617
-1.3734238,14.4466505,6.8735585,12.805793,5.9630375,13.594877,-0.5832823,4.882834,0.971193,3.7190785,9.241292,9.227178
19.52606,-18.840908,0.5949241,-8.63153,8.272987,-18.792717,4.7664,10.893829,10.5692835,13.008779,4.8063135,-3.05117
25.557518,-32.083183,7.595426,-10.860181,2.6423545,-39.341866,12.279471,-0.043525644,29.459465,13.2259655,9.20082,-8.85956
-6.799073,10.530023,3.9661057,13.3140335,-4.0939493,3.9249897,-0.9282915,2.252714,2.6609867,4.660581,8.331358,10.195539
0.6973841,12.281029,12.431817,6.7664413,6.3632445,3.980011,11.783658,-0.44834256,-0.049777757,3.5786595,10.121339,13.387212
-3.8721051,12.81616,6.7290907,9.442503,8.525337,24.501375,-5.6642222,9.265009,3.8547118,10.0214405,9.812552,2.9910219
-10.6493435,27.489199,9.136891,18.996994,-0.73847425,17.474304,0.5153228,3.8874679,-17.785854,4.8217793,7.200995,26.687576
17.471432,-8.970914,9.022524,4.254699,-4.6623397,-17.606663,10.825882,3.7657409,21.361753,8.926514,4.859153,2.8287838
23.086987,-20.201979,7.7906394,-11.512115,10.93975,-19.974182,14.757523,3.2108352,23.032875,10.426105,7.9260364,-6.8491035
11.949748,4.233453,11.111549,9.630603,9.2098875,-5.78283,6.902041,3.539455,9.375019,9.590438,14.833395,10.379147
30.672186,-22.733702,4.871319,-14.697449,10.629766,-30.963537,20.597395,7.963627,17.03791,16.286142,5.0866833,-1.3217593
15.880893,-0.48564625,2.5937064,0.37961912,7.3882756,-0.9074702,8.716737,11.278486,2.5798492,5.6326013,-1.4091277,4.576673
-1.6991102,12.703779,4.4128222,9.311567,0.19010676,11.173201,2.6885262,1.6443783,0.003385195,0.43859756,2.724495,7.598298
-22.245668,31.360157,2.2716303,20.567076,-5.8467073,36.042786,-10.906296,7.812077,-10.27243,1.7275391,5.089682,13.211998
-5.6858425,20.707344,-6.386647,11.216608,-2.8196383,28.388952,-5.9412336,15.738279,-3.8387346,6.1040416,-2.51433,6.814778
26.675924,-19.683424,17.149963,-5.3226166,17.3979,-20.975136,21.191631,-5.5786133,30.811758,9.956206,16.42384,-7.3311005
23.262749,-24.243944,9.903574,-12.38662,12.345791,-34.939606,18.232674,-10.243065,26.273907,3.4538844,8.440904,-6.6357994
27.349524,-10.877201,11.206672,-2.9585445,14.047081,-9.950098,15.995498,11.07061,16.688776,7.01762,6.79495,2.3252852
21.639294,-18.28795,10.715345,-10.670362,15.944998,-17.136122,18.07962,-8.547985,19.792013,3.337359,8.317866,-6.2737956
-2.6879494,32.837532,14.207385,19.785965,12.083455,36.20933,9.28471,9.606043,-6.026822,-0.07528223,8.270467,13.860305
-7.457112,16.732569,2.828731,14.325938,1.1378531,22.729454,-6.30773,8.339444,0.096456,4.5510607,6.845297,8.014241
20.316532,-10.852817,1.0938269,-3.0330253,8.119775,-14.371388,10.368725,10.503647,6.7969036,11.71878,0.9484526,7.934727
12.912855,3.3217347,6.7600746,7.6191835,6.3881297,-1.0982383,9.011967,3.1819904,3.2308285,1.4994336,1.834303,7.6851683
26.168251,-17.180384,10.247408,-5.2792134,14.860252,-17.279066,17.160429,4.5064974,25.109451,12.123086,12.437824,-5.4419894
0.15768132,8.067774,7.215977,14.951692,-3.2515385,9.914336,-0.7083122,8.743894,8.631984,7.1922846,7.724702,9.848385
4.1286964,0.60589516,8.8971195,6.7370367,-2.0940716,0.76677334,3.068384,5.8312964,12.826997,5.139592,7.604314,6.1628766
-0.1661161,8.01776,1.9760824,7.735701,2.773463,12.037358,-2.6826513,6.3494973,10.254411,5.52411,6.344908,4.0976734
22.903303,-17.869366,8.935815,-6.5069017,12.29592,-15.2998295,12.494386,-1.499057,25.652315,5.1469765,7.192562,-10.2612705
16.578085,-8.307477,3.7125955,-2.0327723,5.172559,-5.0761538,7.6141005,13.7846985,14.315322,8.003905,3.4724157,-1.1176355
2.7365527,-2.6607609,7.9964237,6.2642846,-0.6855507,-5.728192,3.3055265,-0.20983744,15.619756,8.330359,12.057041,1.6958852
11.772509,-8.057579,6.280017,-7.51586,7.870246,-2.6972744,8.910625,5.576981,13.62338,10.044863,4.4779983,-5.248401
-30.07668,46.917755,17.031492,38.173428,-2.9323645,50.932983,-7.885956,-5.179141,7.0811768,-4.24209,18.44667,20.222319
11.2520275,13.128125,22.63852,8.641736,21.1959,-0.92187476,24.03432,-11.263148,13.789765,5.7145557,20.363451,13.356032
-19.723928,25.415369,-0.81219614,18.777578,-3.8600461,33.027943,-16.220245,8.572164,-7.0565953,2.6961286,4.084639,9.153292
-36.193703,54.937336,1.9079129,31.354124,-3.7716055,68.098656,-15.473163,5.380805,-22.907515,-9.097465,-0.5573629,18.071482
6.577305,6.045959,-3.308202,5.7151203,-8.077484,4.231448,1.1580982,23.21381,-4.0120926,15.563144,-3.3517501,8.924779
-23.18605,41.297924,3.293154,26.535734,-3.4610898,51.47242,-13.107267,16.035593,-8.904839,10.671876,11.2396965,14.599943
-24.49973,48.48286,3.536362,29.65859,1.1531713,62.241814,-10.258466,14.552327,-11.040801,-1.9476717,5.392256,16.373991
25.979425,-20.771954,3.8084512,-8.962486,10.475127,-12.970911,11.661505,9.730536,20.17209,8.736917,1.9229704,-6.530656
10.265705,6.1256056,10.0034685,5.622095,10.566438,-2.835149,15.084709,-4.977858,11.143921,3.8683355,9.222514,6.219622
9.988159,-9.413405,5.9087515,-1.8116468,8.877621,-6.914194,9.021464,-6.863653,13.866526,0.13234483,3.4883697,-3.8712797
-12.461959,34.493774,8.434169,28.052155,1.0465435,39.010983,-4.8410506,6.319735,-4.4464993,-3.2146487,4.754902,19.226969
-20.59545,32.960884,0.10360623,27.575924,-7.110115,29.506319,-13.107335,14.156237,-6.824054,11.377589,11.380275,20.919765
-4.4987555,25.763517,4.905504,15.731627,5.9714646,32.411945,-1.7864513,17.319288,-10.099459,6.724649,5.111234,15.466814
28.833652,-18.540531,10.430502,-5.300258,19.567614,-16.024845,13.535715,9.126362,35.161194,15.564479,12.989638,-12.0990715
-1.3495481,4.160527,-1.0404389,0.11202648,0.6369532,16.86702,-6.0987926,14.54355,-10.785085,8.332041,2.1561732,4.050266
-3.5225356,25.713476,8.414106,13.292323,11.922356,31.3379,6.0928183,0.2914688,-8.429959,-5.4356475,2.1678164,14.299863
14.951832,-11.663834,8.131643,-5.7774963,12.530329,-7.692754,11.38838,-6.135169,11.616927,0.38575467,5.058628,-4.8851385
17.104364,-2.7576344,9.285236,-2.7433255,13.495231,-4.0330677,16.622559,4.555765,13.50928,1.2753093,3.6464956,3.1626987
23.360054,-16.78451,3.4521775,-10.310523,9.754013,-16.165472,10.8461075,4.6999516,7.7839074,5.1969986,-1.6629542,-1.8002552
-11.1013775,26.4147,9.827319,15.764785,-3.1012833,3.950479,9.657662,8.573275,-11.862053,9.294355,13.533967,29.44886
-29.461102,41.7031,7.841817,36.48409,-15.747707,45.128757,-17.624552,15.1931925,-3.4200838,10.2310295,15.031929,23.706459
11.824473,7.620916,6.540958,6.9098125,4.371792,9.653455,10.979555,11.412438,4.504713,7.41977,0.90030706,7.2025757
-5.2230153,19.63521,6.808655,10.610725,1.6907325,25.481838,0.6473155,11.574932,0.059714332,7.7532763,7.241593,7.48484
-6.7392826,17.97944,2.6335046,9.38165,-0.1739152,25.71121,-2.3531034,13.917746,-10.710629,0.9331772,0.50268954,16.545729
-32.575275,47.577972,5.124915,29.340235,-2.6878095,58.681286,-15.473786,-2.3415246,-15.943603,-9.545945,3.576594,16.82739
-2.3134212,6.4250345,3.768868,12.489213,0.03065963,8.323331,-5.938108,6.9573727,10.095454,8.517482,9.32996,3.957038
-13.44372,14.324861,0.37545717,12.13871,-4.643164,22.044838,-11.4963255,8.649091,-0.22663464,6.5991125,4.989184,6.650405
-1.8936555,24.719358,5.9015656,15.742442,10.453347,26.661724,5.117976,5.8655763,0.5387284,3.890401,8.394238,7.3704224
10.230282,7.3943553,13.289087,9.152688,13.490106,-1.4971911,15.980233,-6.4521766,17.559021,5.092872,13.119173,8.617012
0.9320887,11.730945,8.980436,9.713773,8.347062,18.054405,3.8156488,3.6843998,9.543594,5.522088,10.460755,3.9105508
6.480294,4.918119,2.920692,5.38424,3.3215902,-0.18222618,8.491774,12.218292,12.290877,14.39814,8.116544,7.437257
-0.28255904,9.935749,7.677109,6.3419347,7.0405617,14.594965,4.1655464,3.326987,3.1399589,3.688213,5.9373083,6.076139
18.204813,-5.125288,5.1051664,-0.34391332,11.977924,-4.1491337,13.528131,3.691498,11.829293,5.1133604,2.145109,2.2796605
-13.466457,27.355913,1.4883105,17.071724,-3.280991,32.212124,-7.0556655,11.55062,-15.1501465,1.208687,0.025506878,15.7915
32.6112,-46.21735,-4.160824,-19.573534,2.098685,-37.12712,2.8487484,11.427828,24.918741,11.204671,-2.739096,-11.087567
-32.6326,51.64861,2.402235,32.69756,-15.868964,45.178856,-11.930303,20.0594,-21.7877,10.562617,7.4761925,30.187794
0.27071622,7.0405884,6.7470303,7.93077,4.0480766,7.4112797,3.2938507,2.9962215,7.414628,4.906007,10.121334,3.256573
17.951857,-3.3415618,13.243226,-5.2369514,18.298788,-5.9925523,21.306997,-6.260885,16.019169,4.5061526,8.815272,2.0278444
-15.314592,26.221851,16.532146,15.627111,11.67781,30.233957,5.9704175,-8.482233,13.162151,2.94353,23.388783,4.1896377
-2.005365,8.150255,3.9360266,9.979809,0.13096376,9.449372,-3.1089888,2.7737682,6.444216,5.7118235,5.859094,5.2151127
0.061646335,16.43554,2.2759583,10.6098,6.3103952,24.520681,-1.764239,17.126274,-4.0002084,11.985728,5.468656,8.498525
15.001551,3.993736,12.782171,2.8574317,19.509464,3.8908226,15.55974,-2.7899697,15.006297,3.5366228,11.09134,4.079771
-23.186977,42.274426,4.8727207,28.916077,-4.1126103,42.09214,-7.673984,3.8474712,-8.918926,-0.85166556,7.194555,21.043177
32.07955,-26.708931,7.570682,-13.607336,12.085769,-27.622066,18.249025,3.5539854,19.37263,5.6168046,2.9068592,-3.583099
7.6432266,5.1478944,5.857486,4.432043,10.20883,5.7676077,8.035055,1.3568361,11.567467,3.2479172,6.7232366,2.1127274
1.9532276,-6.2530656,2.0859687,3.6671457,4.163842,2.0426133,-4.4583154,6.5991673,9.156894,9.1350765,9.222832,0.758794
-3.8918617,24.821009,8.939112,17.431555,6.616612,28.047222,-0.4997165,13.219411,-6.904659,6.725914,9.702286,14.923599
3.8044524,-4.5151353,11.972856,1.4622264,6.3060946,2.9796562,8.180509,-9.195155,19.45796,1.4172764,9.868127,-1.5482774
23.08198,-21.578259,3.056747,-12.049172,7.12715,-21.932556,12.005433,6.500331,20.737246,14.847945,4.198938,-8.588543
13.157485,-8.983074,2.2507815,-3.6006303,2.3570287,-11.977857,5.260217,7.8875213,2.006665,10.801088,2.3074934,3.8867664
24.915407,-16.061272,6.195131,-3.0309281,5.68688,-25.76247,15.076852,11.213675,20.935469,14.324909,8.270749,3.2421105
2.6512408,8.323518,4.172278,7.648396,5.992037,16.433123,3.386178,2.4604175,3.4492357,-0.39826363,0.5088914,4.282592
-19.374216,41.78779,15.258242,26.13327,7.3438725,50.569973,0.2579486,-3.7804086,-1.8408191,-6.451866,11.078972,15.929131
25.823833,-16.360132,7.002699,-7.701767,19.251604,-10.216906,14.628219,5.379509,16.939198,2.180244,2.7656593,-5.6079407
2.1689854,10.610547,13.139949,7.692175,7.21169,7.7890086,6.941831,3.5327024,9.476648,8.348111,15.42727,8.970835
24.921207,-16.884792,2.0461652,-8.483371,7.5687175,-21.7355,12.931629,9.310264,10.40727,10.37275,-0.118469045,-1.57371
-13.128357,26.350594,11.7021675,25.211426,-2.5230198,24.509611,-1.1066238,6.024147,3.041315,9.131135,16.644062,17.682253
-15.908371,35.20224,5.995902,23.72502,0.362339,27.330809,0.42421147,3.0488188,-11.356346,2.5225968,7.0098305,20.61266
-6.471274,34.113503,13.566421,24.228882,11.386237,28.596933,6.144919,5.4871097,-2.0037951,3.0085235,14.632717,22.909754
-8.533648,18.302063,4.517191,12.472137,3.147253,24.903717,-1.9012902,-0.116923146,-0.32614118,-0.12444764,4.492486,5.4410977
-1.7029225,8.153598,13.924083,11.858902,3.5127063,4.132754,5.3228016,-3.678458,4.262131,2.9795072,13.9737425,10.654866
4.995399,9.956506,1.961559,5.6438837,9.0162735,14.237635,3.3819695,7.570789,-1.1808279,5.031484,2.3268135,5.1049747
13.646741,-3.9843206,2.7665665,0.51843256,6.7299433,-8.019544,7.1983843,5.8368506,6.47268,7.0442233,4.68001,4.859652
4.916901,8.302452,19.320684,7.577727,13.7718935,2.5959413,18.61247,-4.4187174,18.918585,5.2066426,19.536491,10.020919
19.051058,1.013721,2.6450949,-1.9322453,4.890474,-5.1789827,11.293281,20.367416,-0.2606463,18.802309,3.6431851,10.070524
19.331318,-11.089064,5.5658684,-5.183961,6.7776246,-12.493315,9.47639,8.673943,11.751255,10.31124,5.3007817,-0.89922065
-0.42856747,10.4284725,1.451862,5.35376,3.1687584,5.1528034,4.064112,5.889564,-0.9557343,7.7949867,5.783267,7.681166
3.1631558,12.792558,2.8173943,6.61896,6.603754,20.393106,1.1418601,10.147168,4.1526747,3.718988,4.0115952,4.728945
-3.79127,16.876616,-1.6088775,7.431663,3.8493154,23.267067,-5.5585046,14.180981,-7.961246,6.3786297,1.2219113,6.93807
24.459774,-21.406456,21.252604,-10.08091,23.384377,-25.359438,26.853764,-24.243475,42.469666,3.8784564,18.869236,-9.424135
15.383441,-9.083224,8.160416,2.1727417,4.0482,-17.539698,12.293061,9.447867,13.001294,12.854588,9.492892,9.2299
0.4099441,3.4789186,3.8493202,3.7254434,3.9541304,11.634678,-3.212189,9.326041,6.45542,6.410703,6.638378,-1.7410634
4.2660866,-1.6284304,17.606674,0.09607265,-0.3107405,-20.682268,20.673388,-4.593112,12.542057,19.057709,21.270235,11.375288
28.943768,-23.801634,3.462013,-10.545774,11.708352,-16.456722,8.694274,6.448783,20.048132,10.72124,1.9549172,-9.1683445
46.796795,-51.460526,3.5830708,-26.903755,14.363674,-57.609356,25.683788,4.0991874,35.823162,13.4488125,1.8053503,-14.431898
7.7759185,-1.7948425,8.841,-1.4147689,13.160068,-0.87199384,8.148517,-5.370448,12.143089,2.456378,9.9706135,-2.7161438
-18.058914,39.22247,12.3617935,24.108217,1.8573167,33.926773,-2.188533,1.2656629,-17.84212,2.234143,11.676744,25.816063
11.2717905,-8.047582,4.687974,-4.9961915,4.272588,-15.826813,10.626559,-0.028011808,12.24629,8.089309,5.015657,0.46042705
7.2285705,6.5212307,3.2249212,5.4196973,5.728972,11.445846,2.9443538,12.744024,8.053056,9.179463,6.0033474,3.739782
5.414266,0.925485,2.8765604,4.562324,1.2882963,-0.9363471,1.3299054,7.788387,5.154113,8.514823,3.8784552,4.9731374
0.11509346,12.485807,7.0446863,5.877175,3.6601145,2.944562,8.262908,1.6123836,-8.749861,4.283142,5.5401764,13.798185
11.150802,8.109823,5.863747,8.224621,12.569971,15.622298,4.765253,10.319599,7.2671604,3.9148319,3.68666,2.257513
-7.7489014,24.541416,3.3919144,16.298286,6.729585,29.2783,-2.1371505,5.3584476,6.029168,4.3261743,7.673306,6.2865953
4.82015,10.643821,1.9275438,9.965452,1.6113297,12.974211,0.22670323,19.850227,2.5795202,9.960063,4.013369,8.48165
41.559937,-43.657326,9.664678,-18.504442,8.061436,-58.447887,26.27035,4.5427504,32.33087,14.369953,9.530483,-5.338687
-4.81925,31.85122,9.698868,23.319227,2.792645,21.871922,6.376362,11.547943,-14.501578,5.938031,8.414938,26.105083
17.675034,-7.069258,0.5390531,-1.3927392,4.1930175,-14.886254,13.095616,6.429723,9.698619,6.2986784,-1.2924389,5.604659
-0.6462853,8.974812,7.979644,10.021984,0.07548214,8.617987,-1.1116345,6.1813765,9.879528,7.881487,11.844948,7.196171
-2.9374053,23.328316,8.090787,14.631213,9.717734,26.177603,2.9310074,5.4959283,-5.08375,2.1203253,6.7939286,13.338216
-38.16846,53.02561,8.706846,41.203354,-9.855048,39.569954,-14.537348,-2.0506005,-6.559344,4.9912696,18.412258,30.850786
-18.059902,49.397144,14.402976,29.757708,7.790221,49.78308,4.828064,11.217227,-13.590724,3.4543068,14.905576,27.311655
15.408057,2.9770994,19.620142,5.4460697,12.759561,-22.422165,25.746958,-10.346068,4.4877853,0.0977582,12.40107,18.139181
47.566666,-42.002804,5.47865,-23.499622,9.952519,-53.55144,27.813112,10.345997,18.39474,10.986619,-1.2765878,-1.5771803
38.535187,-30.519987,6.526488,-17.383205,15.236887,-17.646437,21.743143,9.181159,30.437485,12.442289,1.1255771,-14.361879
-12.283606,27.219635,10.329149,20.62165,2.19792,23.748537,-0.091457486,1.1362432,-4.419529,2.7389584,10.549687,17.652601
-5.9199977,16.168455,9.875016,10.134985,1.4369057,15.269978,6.9164605,2.3290997,0.6166667,5.633831,9.002749,11.834181
9.220412,1.7598337,1.404972,3.7488432,-1.8890435,-4.998232,6.8530283,17.68915,1.2484642,14.119702,4.5539713,9.00366
21.18907,-18.880102,11.265572,-6.859448,5.2466545,-34.14508,17.74746,-0.80410385,14.196886,5.135406,8.526968,3.069834
6.94952,-2.895195,5.120181,4.32857,-0.9249382,1.5371323,0.81374407,8.3092375,9.730338,6.2965503,1.9444284,3.7260647
15.040824,-9.111922,5.636023,-1.7437043,7.305292,-7.531897,8.265035,2.6730573,3.6779573,2.464176,1.642232,3.5389488
32.46033,-30.850239,5.6090107,-17.363276,12.340009,-43.328403,23.101494,-4.5933094,21.152945,6.118999,2.8287184,-3.5759344
-3.474326,18.824924,7.01506,19.80101,-0.8456992,25.466476,-1.9030207,16.525236,2.2270658,5.234171,6.0431886,15.337694
-55.190315,82.55153,12.591594,60.256126,-6.9867744,89.765366,-26.275124,6.9062953,-17.76817,-4.1856117,18.57334,36.807644
21.566603,-9.617235,9.644381,-2.1462955,6.575795,-21.398432,18.310865,5.063222,13.150184,12.944894,7.084765,8.557114
-14.655885,37.002354,15.205966,33.31228,4.619749,31.724754,-2.5604744,5.766673,1.8954988,7.64557,19.649061,24.235826
10.107283,-4.4108663,2.03052,1.5661721,0.85245466,-4.566484,3.9000945,9.412553,10.994131,10.119157,2.166637,2.8563564
-22.063997,31.11146,10.854554,25.856739,-8.20867,21.995396,-4.3626304,2.3527896,-6.026653,3.7074287,15.453858,21.60607
13.2141075,-0.8842161,7.326023,-1.0112188,4.5961614,-4.5378513,7.856657,14.614534,8.247629,17.586184,7.4176164,5.70936
-24.74345,43.13227,-2.7427092,27.892208,-5.8214874,49.931026,-10.805489,16.797592,-6.730109,4.875252,3.7559464,19.10579
-35.20402,44.366787,1.1884992,30.31095,-4.1435733,55.956844,-20.861677,8.057738,-8.606357,3.2143502,12.158351,14.760563
13.703961,-13.931666,8.41079,-0.25564376,2.956837,-11.565356,10.803167,1.566147,23.428514,6.6614127,8.499816,-3.7076106
-31.592289,45.500294,10.050696,34.557205,-6.2307057,57.576424,-16.356623,8.803204,-1.5293776,1.8128294,13.646905,17.009068
-22.885702,42.614487,2.1790307,34.232494,-9.515226,41.150604,-10.374422,17.14919,-19.610365,6.3356795,6.9202685,25.813927
15.790487,-17.449,4.208811,-3.1091754,-0.48785558,-17.423683,2.1083076,16.30445,19.309175,20.550695,9.900953,-4.16781
0.020531436,16.425419,3.0196464,18.070827,2.6773028,19.715622,-3.8560283,17.592712,13.631431,10.263604,9.364201,6.386521
22.199972,-21.155773,3.0732052,-14.7541895,8.733813,-17.971058,14.414488,2.3062713,19.98381,11.440451,3.26416,-8.998282
-27.865206,54.538536,3.7418184,36.45905,-2.5611935,57.10037,-17.620115,20.441689,-18.31754,8.373533,10.05548,28.071276
11.261989,9.99731,-8.177351,6.2798,2.919949,25.764133,0.5581879,37.62532,2.5354218,18.638182,-3.6931195,5.3573833
12.310538,-2.4549131,5.6092353,5.068301,6.59416,-7.725297,6.2112613,4.2137938,2.2760923,7.4915376,5.8192253,6.9286823
-7.2668095,26.866314,19.525831,22.10736,11.089303,31.016024,8.494177,-8.06838,9.442802,-5.2955647,15.675002,10.360042
1.7829247,6.3554907,7.308898,5.8963103,3.536244,0.5545976,7.190244,-4.0662656,3.7386694,1.5603619,4.9593325,5.5001106
11.070037,-13.898848,1.8701851,-8.131558,5.0134306,-7.670485,3.7543786,4.57689,12.125415,10.205117,5.300571,-6.9175677
-2.304019,11.5031185,6.0669928,8.035248,0.9516707,11.640182,0.9783898,8.298105,5.711229,11.601724,11.280061,5.950364
15.084765,1.0685107,5.036874,1.5752512,14.46139,4.0911503,10.396624,4.0060515,10.433471,2.8929195,2.2095666,3.1213803
-11.969665,23.31753,7.7152004,19.140772,-3.46813,18.43907,-1.820293,0.8644108,-2.0173435,3.8867846,9.378446,14.738018
6.509698,17.109587,6.3924675,11.956702,3.424535,7.9285293,9.062891,9.698995,2.9154773,6.7782207,4.8104815,15.134041
-12.145729,36.641365,12.673199,23.558315,1.202115,28.227486,5.036085,0.21510503,-17.760326,-4.1350675,4.360094,27.65785
-34.680958,46.66129,-1.8416178,36.73874,-7.1054077,65.70367,-27.79516,20.616028,-14.735918,3.9137647,5.7942038,20.202131
4.7965407,1.3005029,9.253511,6.246627,3.9968455,3.3031926,3.641983,6.5972977,9.1390915,9.01319,12.258387,1.8198062
-17.22818,30.927776,0.584513,22.171385,-8.02669,36.507317,-9.151333,13.756596,-5.9332395,2.9117393,1.7895776,12.155437
-17.656342,30.896753,14.149545,21.677608,2.4309216,19.155994,5.4669495,1.6816067,-2.3537369,6.1524177,19.56249,25.070782
-8.661089,25.91112,6.7805343,16.855597,8.156192,34.074356,0.9598031,-4.2070003,8.412159,-1.5890698,7.453671,3.2465255
-1.528551,11.38566,5.2479696,8.388066,3.3122642,10.689099,2.3008292,2.5095615,-2.8037295,2.1008093,4.7498026,8.751961
2.6707904,21.726074,4.629203,13.442178,5.9452357,33.372437,-1.9698288,19.569952,-5.6189327,6.3758383,1.6121337,11.220556
2.5830572,23.589373,18.931755,6.5289392,32.72284,24.142237,22.60953,-15.0958805,2.466653,-7.2177505,13.754074,8.775929
9.282001,1.2765411,10.123003,11.898997,3.0319772,-5.326332,2.2738066,4.336584,15.331385,9.920465,14.735955,7.975423
-16.624063,45.38287,14.643666,31.4043,-1.3629208,37.573753,1.9653578,9.666338,-6.690812,4.8057194,14.383594,26.826962
7.4540157,3.758612,8.207062,6.5705576,8.41566,-2.2720497,9.458214,2.3393557,12.093087,13.44651,14.913335,6.2518783
21.304625,-19.38651,1.1027269,-8.061349,5.542998,-13.211767,7.07943,11.968349,15.0182905,10.010664,1.770525,-5.2036242
39.36442,-35.93445,9.965354,-22.801292,16.090857,-52.985207,29.697752,-7.164562,12.706288,-0.41104737,-1.0909117,2.4808338
9.448783,5.1537414,0.7940134,3.1424594,12.773475,16.882221,5.33773,2.0481803,4.275495,-4.722042,-4.9408245,-0.06675782
-1.2307185,11.8141165,10.580626,11.756449,7.486104,14.4960575,3.3199842,-8.2861395,17.044245,-3.142301,9.928164,1.3505374
-10.70281,22.919794,5.12731,16.039257,3.1103716,27.300556,-5.3245893,7.84048,0.8431798,1.9874424,7.636929,9.835741
8.120177,6.4617414,-1.5814344,7.0700073,-3.58288,-6.494117,5.808146,14.743617,-5.5650034,5.704346,-2.2260523,17.568474
14.018457,-2.9540675,7.5911436,0.46835634,7.04681,-7.2189507,10.640952,3.7901897,12.349397,9.37448,7.5902367,1.4660356
20.399841,-13.917349,18.092262,-3.358449,14.160505,-13.177862,13.657953,6.5422797,26.061438,17.992872,19.959719,-2.5309973
-13.835189,14.086974,11.949367,9.449793,0.56454384,14.36105,3.0844977,-6.7204447,3.6675127,5.590652,16.546175,11.17071
-2.393662,7.65745,7.4340076,8.621205,-1.5318588,4.404456,1.1068648,0.66079146,9.90877,6.1409144,10.702399,5.507514
11.989135,-4.7268367,5.8223495,3.0324683,2.4704726,-8.086998,6.7065,9.456523,14.605263,11.199974,9.370197,5.4426584
14.372439,-3.5775824,0.5071436,1.8529302,0.3755957,-3.7236857,4.0745215,16.604399,1.5308605,7.4909596,-1.5123614,5.135551
10.261045,-2.397262,9.783903,0.5211345,12.08459,4.221151,7.7449265,0.579548,9.314096,2.9330437,8.577008,-1.3347019
24.57956,-15.705068,3.8124628,-10.455567,15.270669,-21.099173,16.714176,-2.894356,9.989767,2.543266,-0.73349655,-0.069049224
23.199865,-15.898668,-0.5567053,-8.212723,7.833562,-13.654097,9.173367,10.491924,13.982602,12.495139,0.092672534,-5.4826374
4.694757,19.5947,1.5876524,15.964803,2.9776335,11.631949,2.238074,20.72283,-6.0904593,16.435204,6.1681185,19.989315
13.345369,-11.75643,7.9980187,-1.8229854,8.332898,-11.750586,10.168199,-0.63974696,17.392912,7.4859147,8.424406,-1.4786665
20.137257,-14.512099,9.239342,-4.51718,15.721735,-14.065099,15.286029,-8.445612,31.10689,4.2988462,10.458776,-8.629764
21.517376,-5.1135,11.953774,-4.688333,16.099915,-10.782008,24.199293,5.0438924,18.07295,15.322549,13.8745985,1.532805
12.236888,0.11790869,-4.620737,0.23639843,3.5558999,8.95547,-0.2568536,14.270111,1.9831586,6.189762,-4.9494696,-0.9051278
1.640451,12.515911,-0.23622699,9.45145,1.9107752,17.338854,-0.65946287,17.591997,1.927537,10.721465,2.2089791,9.000064
23.347363,-13.8148985,-3.0888574,-1.1687678,4.6878643,-9.941373,7.7981715,23.724735,14.959421,18.699701,2.6165264,0.23526303
-14.9895,23.411077,7.539636,15.77856,5.324471,28.032331,-3.831403,-4.0598464,-5.440499,-3.0487397,9.705671,10.58461
40.743496,-41.032074,1.6193081,-24.232487,9.04395,-61.391075,24.403479,-0.13522737,10.4423,7.1046815,-4.9989443,-0.34311023
19.511301,-13.278646,5.8413672,-9.722173,8.664954,-10.781458,12.930365,2.9559612,11.262366,8.533231,3.3737173,-4.6690803
-24.73937,35.61694,-1.562956,24.844736,-13.127977,40.272827,-19.653954,26.713154,-14.636835,16.01329,7.3996634,19.026209
-31.348875,47.077457,7.4843473,34.82826,-8.684559,44.161114,-15.555275,6.9912844,-9.172051,0.7068739,11.93219,24.119244
17.058712,-10.695446,8.049939,-0.54832464,3.535773,-17.69316,10.807859,4.6622634,14.556289,5.8823953,5.414875,7.3493543
-16.29914,24.606205,14.625806,14.249662,8.723469,34.268517,0.5280551,-8.07435,-1.6924416,-3.5870824,13.359168,10.568119
12.66009,4.1983027,1.4488381,1.0951103,15.208785,11.38756,9.161273,12.759564,-1.5692316,5.1344028,-0.9160644,6.438004
6.922192,-5.1201296,1.1963317,-3.9290404,5.024891,2.0596342,1.6861646,7.6455383,5.0172305,6.111709,2.2348335,-3.130064
-3.7582762,12.726764,1.9673895,8.701995,4.039744,20.702057,-2.390042,5.472345,6.3906865,5.239199,5.110802,0.728284
58.169518,-69.56588,4.8015842,-37.91181,15.31845,-71.10402,29.399492,-5.961225,44.91763,5.8854475,-0.7124725,-27.114338
-12.754322,31.25187,6.369562,22.239258,-2.2168262,24.282623,-1.1268132,5.048962,-14.096947,0.2603695,4.942972,21.614952
20.497894,-22.117943,3.6912334,-8.136676,3.2008,-31.235546,10.360076,0.8409377,15.601128,6.947882,3.5404153,-1.8876671
5.7066836,0.54455495,23.464832,0.5882671,8.182561,-12.609251,20.936115,-11.056593,10.370441,3.5116885,19.29335,13.041549
-0.9890717,15.2520685,6.066887,9.146871,12.651654,26.402702,-0.41884032,11.343331,-4.9906654,4.853573,6.784844,9.247403
-6.214542,34.602135,4.437683,14.434418,8.897081,31.772413,6.8255343,9.002096,-13.728319,3.310965,3.284878,18.86869
15.479743,-16.342878,8.112572,-8.673273,6.761316,-20.333702,12.043932,-4.8416533,14.636998,4.0772834,6.8311677,-2.2455924
10.708987,13.978093,6.688974,13.302286,6.5977077,7.720671,11.834994,-0.29611266,12.6992445,-0.0014573229,1.3099884,8.535457
12.848183,-4.924153,4.2805877,0.53905475,8.616447,6.250146,6.2771177,7.2832727,15.488051,4.7221055,3.2631044,-3.3165402
19.724577,-14.87471,0.7944026,-11.225426,10.936851,-14.154135,15.2713175,-1.2104838,14.036479,5.2352414,-0.39520335,-8.477802
3.4054644,8.096932,3.9186566,7.763109,3.8305297,6.914626,3.1362915,5.03505,-0.6967457,3.4259923,3.5700455,8.11486
-19.117243,30.140911,3.155866,22.04403,-1.7850286,37.187782,-11.030903,8.23492,-10.423934,1.2106131,5.024453,14.450436
11.892874,-5.883853,9.568324,-4.369089,14.426888,-10.898589,16.246094,-8.067621,13.946644,3.4974227,8.21521,-0.3605991
20.070723,-12.700039,8.274304,-2.8849878,3.079441,-25.169224,17.49447,2.9386654,20.08209,10.563587,8.923671,5.4057603
-18.866695,39.184128,19.451715,23.65739,3.8886118,42.573696,5.5403767,0.30699062,-7.8924294,-1.2884789,13.374774,23.944733
2.506741,13.912975,15.014503,6.7089047,12.632351,-2.555396,17.4521,-12.944359,8.165409,3.5389533,14.149168,11.483516
-2.860701,17.778566,4.6698203,13.105432,1.3023946,5.8474402,3.3057396,1.970511,-15.275065,0.1471066,2.1896975,20.441761
41.24862,-41.189114,3.7956831,-17.442518,8.291244,-51.534863,22.847921,6.522177,29.429554,12.067394,3.571943,-5.2525196
-1.1149738,13.061838,12.343276,10.132235,3.2318404,-2.783304,9.494576,-9.727938,1.1655371,1.6073561,8.334553,13.253899
43.7102,-38.729687,2.7457824,-18.30128,15.384418,-39.341446,21.380579,-0.18778566,23.840641,2.8732142,-6.9184484,-9.739945
-19.227728,37.83797,-0.6185774,27.158985,-0.32397884,51.25878,-14.008138,14.513114,-3.9327865,3.522842,4.2787967,11.34001
-8.36423,31.424435,12.141147,20.340357,8.882722,30.727669,6.1349597,-3.2352598,3.0045645,-2.5980623,9.316013,14.471676
9.940732,-6.706494,8.89565,-3.5451634,14.243951,-4.641973,12.276733,-11.05841,22.818768,2.5148501,11.077345,-8.808766
11.331856,-2.0429912,9.82837,-1.6382636,8.270295,-15.658073,16.28149,-4.2814093,3.2068243,1.3978235,4.8430705,10.510426
18.439274,-2.192749,7.4054546,2.9534369,8.684615,-9.796755,13.167252,10.402811,5.3824277,9.711413,6.8432975,10.961839
-3.7093284,4.7701244,4.5472,7.182427,1.1011053,6.478737,-0.1757189,-0.8943645,9.781412,4.6504354,8.615969,2.1277533
25.637255,-27.818823,3.199185,-12.820314,4.8124437,-34.792725,13.371803,2.9547338,17.002798,9.614811,3.0059674,-4.9214096
-22.842031,40.819,4.5943666,27.402916,-1.8404522,48.563313,-11.397141,1.4173412,-3.755168,-4.4782257,4.5811224,12.15483
9.714775,0.05153425,1.8984963,2.137191,1.678676,3.9045012,1.485624,14.7669,3.4944253,8.461574,3.850194,2.4565146
31.794142,-35.688984,17.376589,-10.654752,12.728417,-42.495956,20.850622,-12.845656,42.255257,3.7609985,13.382392,-11.842767
-35.34936,53.621056,3.6527658,41.174156,-11.548821,50.790863,-15.824803,14.110833,-13.003129,9.67726,12.599395,30.490223
0.20730609,15.66242,2.7912426,16.770123,-2.5673664,16.395485,-0.31472856,19.814085,-0.9666322,11.24734,4.314293,12.525724
-14.655902,31.51669,10.339951,21.65904,7.1740327,32.897865,-0.54673934,-6.12425,10.190561,0.033351157,14.90936,8.530521
1.392462,17.42613,5.5224133,13.248982,6.6148777,25.396286,2.6013534,14.051858,1.6917336,10.169909,7.119984,7.08289
32.32298,-32.04225,13.688188,-16.405478,10.419311,-48.935516,28.242823,-6.383629,31.10624,6.782839,10.202853,-4.3873367
-44.487213,70.74812,6.6859827,44.22764,-5.8245792,67.98347,-16.97689,11.301499,-31.207495,7.511741,17.81905,33.9574
-2.1164057,16.846613,2.2055233,10.133975,6.7599134,26.857067,0.6731755,6.1109815,-4.162791,-0.45130613,-0.40420082,4.7782764
9.721934,1.3737134,0.5802894,-2.8710246,13.320529,9.008182,5.7100024,6.5746427,5.6143894,4.3773527,0.65415865,0.7169629
11.356596,2.181098,4.4326987,3.7898815,6.7341857,-8.391709,10.272899,3.8751657,-3.9391017,0.9985071,0.004642526,10.339452
4.481464,13.8698225,17.159767,15.301649,3.6694624,-4.6957755,15.245267,-2.5802522,9.114918,3.3066666,15.177049,17.729427
-16.015228,32.33062,15.913266,23.083714,0.2056854,27.991081,3.2702506,0.11010054,-3.2750933,2.6612096,15.435312,18.886028
18.864721,-7.0729394,14.15557,-2.4363217,15.906772,-10.4954195,20.922033,-7.699061,24.910215,4.0260515,12.718319,-4.238074
2.6929414,5.986535,3.0621614,2.160651,1.4408345,5.150986,5.751931,0.43137023,1.0673687,0.02942702,-0.2542105,6.4682384
-2.4756744,20.642542,4.304017,15.908852,-0.086745515,13.890399,3.000171,9.283744,-7.424926,2.2776651,3.2341356,16.365894
-26.440517,44.179676,19.224308,35.732456,0.119049475,44.147823,-1.2420098,-10.037973,9.964008,-2.988584,20.662813,17.534399
26.245155,-29.922585,5.371467,-15.028563,8.799327,-31.197186,13.839272,3.6834216,24.70408,10.450909,7.495618,-7.8982067
-1.8227811,25.21006,2.8196266,14.277908,7.837276,35.620804,0.72883075,14.362806,1.8454528,6.589294,5.228797,5.596808
-1.0004603,18.639828,10.792162,14.374567,8.285883,17.803532,6.853868,-2.3393323,9.545665,1.6934847,10.738964,7.2395825
36.530975,-33.383415,1.1734331,-19.55255,8.7427,-36.759243,21.152164,7.587429,22.038956,12.6227045,1.427017,-8.213995
4.865332,5.9458365,3.5562413,8.998307,-0.9080776,-6.3580036,7.4398813,6.8524165,-0.46001998,7.9735327,4.094988,15.770055
13.649822,-5.848103,8.102736,2.7637415,12.449419,-4.1737065,4.786537,2.6124187,15.169308,11.534309,13.41028,0.7366748
33.51945,-38.47982,2.7283187,-19.258928,12.255027,-35.17964,14.433052,7.181219,30.271204,15.342665,3.830149,-16.320114
17.5066,0.29517457,6.687165,7.070241,4.6629124,-9.734795,15.823494,10.771048,7.4836307,9.90008,4.895851,12.260031
26.068699,-24.352798,5.817293,-7.728068,7.5929356,-28.60015,12.139901,9.836626,26.633247,17.343695,10.068192,-5.295881
4.460814,-0.28505507,9.909996,4.574594,12.641733,-2.5341487,8.695701,-12.879046,19.91913,2.794764,13.864982,-1.261568
-47.18733,65.29095,9.358335,47.631874,-15.328127,72.81436,-24.670897,8.368052,-10.126503,3.2243457,14.649023,26.482712
-7.0322604,5.1646075,15.744209,18.301468,-8.545962,-3.2954886,-0.6341818,-2.9978201,18.395718,10.401481,19.679388,11.729181
22.684856,-22.74362,14.453999,-8.669612,10.425102,-33.943077,16.400122,-2.7339516,29.478718,14.643636,18.58056,-2.9991074
-53.005344,76.246735,9.329651,57.010086,-23.053446,82.35578,-21.35384,20.027828,-15.718232,3.3991756,16.596365,33.083008
-19.274548,29.866034,9.407212,22.270119,-5.572601,40.276943,-13.007423,24.011316,3.3289843,17.819675,15.558155,13.329185
33.073967,-29.677507,5.0330086,-11.632974,5.3527627,-37.701958,17.091305,10.896719,18.980835,9.191529,3.2571316,-1.1203448
18.061497,-15.703641,2.7019982,-11.453482,10.359613,-11.91756,10.714762,3.0471394,14.230746,8.698242,3.2196734,-8.656998
-11.517657,24.22071,5.732789,18.493633,2.488799,26.224152,-3.5284483,2.8009455,-0.47993007,0.5976885,8.049421,11.569982
19.11892,-12.102402,2.495025,-4.168702,4.6885943,-22.9434,12.30894,7.355618,12.356778,9.709482,3.24772,2.86964
20.470377,-22.303999,6.7058873,-12.161449,13.805097,-22.363722,11.627209,-4.5101175,20.812992,6.7366037,8.162411,-10.700472
14.035394,-6.426976,1.3187971,-5.2152023,9.293579,4.5464845,7.2296295,6.4886475,8.004971,4.8942504,1.1320276,-6.135311
31.490608,-20.550888,4.97036,-7.696731,7.445748,-36.178417,19.207476,9.028641,13.035766,8.673,0.93364996,5.5259557
13.439717,-8.040634,0.7286959,-4.3671236,6.805651,-0.6884591,2.3863878,13.0046015,12.61472,10.4519,4.204734,-5.058747
8.917057,-4.1668835,1.8245399,0.34989235,1.6495132,-13.908906,5.135208,4.364139,-0.19415025,7.0147905,2.10011,9.176763
1.9799112,30.880144,11.597271,18.533392,10.081353,30.952452,8.338791,13.069502,-1.8809301,9.71951,10.401544,19.453588
6.5777874,-8.228472,11.4829445,-3.176434,10.365756,-7.1266246,9.361963,-7.6638265,15.661217,6.0256867,14.934656,-0.15043011
20.680595,-5.353584,12.072192,-8.3843,17.364864,-15.968398,22.319824,1.3818538,7.9234185,10.011101,9.000316,6.5214634
6.025498,-3.7597265,2.0053961,-2.6401238,4.437023,-3.7404795,4.8695154,-3.1868587,6.337812,2.8103342,1.662963,-2.4406495
2.1471925,1.825595,4.7969646,8.170856,-2.0519989,4.44406,-0.031505905,7.0376177,11.09549,8.238139,8.760942,1.1646112
-0.8818615,17.806795,9.5080595,11.343016,7.139367,14.82781,8.656085,2.181771,1.9309399,5.059471,10.693631,8.382028
11.529787,-4.173381,6.7443323,1.9193289,8.063094,-10.51766,12.949591,-0.2766187,15.185067,5.902069,9.731155,4.2033467
-2.9335544,20.18302,9.116364,14.135566,4.452796,12.825304,4.6483917,4.876938,-1.6771306,6.400513,12.142519,15.765852
24.959753,-19.774313,8.156901,-8.728399,9.931786,-22.844484,14.917378,6.3062644,17.392729,16.035395,8.069491,-4.4931026
13.930118,1.8785558,9.6642275,0.4036283,14.685979,3.3818905,12.682281,0.67876714,-0.5631948,-3.0542355,2.0261264,8.450136
-27.656181,55.99667,7.1717653,38.846912,-1.0461732,55.92831,-7.43673,11.45038,-15.517071,0.6253242,8.404602,29.730555
-32.184937,49.68829,5.6681175,38.331963,-6.059985,55.411102,-14.644801,7.253544,-10.904901,0.19989754,8.80514,23.026243
20.784504,-14.308387,12.766696,-10.038524,19.31484,-15.788253,23.469261,-9.27151,17.269234,3.1681952,9.092429,-2.8364751
9.543332,-1.3223685,0.49795145,-1.7733768,5.424126,2.4967847,4.894125,10.840671,5.2201777,9.056935,2.6922047,0.43681592
22.428923,-25.12011,4.698283,-13.919888,9.947206,-25.676907,12.390307,0.97242534,29.336006,17.334003,10.600672,-11.9873295
-6.1540036,24.62507,6.929051,18.76182,6.1863475,23.366667,0.744236,2.331471,-5.6074777,-1.0282826,6.507295,12.492952
36.960373,-38.775604,2.1118162,-16.423292,6.4376364,-39.31837,13.960461,7.3336043,25.78627,11.4990425,0.4015338,-12.667634
3.3875089,4.986773,6.8711033,7.4276347,5.9843726,3.3585894,3.9896176,8.714518,3.9920266,8.300001,10.802828,7.7193747
0.61821115,24.15997,5.2240605,18.846151,4.21071,22.792768,3.2600565,15.883304,-0.072662935,11.111035,5.71921,16.550114
-11.733675,18.911602,1.7274132,12.599101,-2.9940312,21.002857,-6.7510114,13.5143,-7.189114,10.294079,7.3362556,11.450492
7.3191075,17.235973,8.627106,7.5875697,12.922386,14.959186,13.860391,3.116112,-1.9071112,1.2574258,2.4106228,9.580151
7.780628,1.423959,6.796193,5.429738,6.2332377,2.4251978,5.155863,4.149611,8.284383,5.747519,6.725762,6.039208
27.534277,-29.598043,1.6895856,-15.649565,6.146152,-29.968718,11.454046,10.012851,21.00581,15.852035,3.6675565,-11.0389385
6.39557,3.895939,4.503673,10.027762,2.068022,3.049854,0.5594953,10.178292,11.710783,13.907908,11.011372,6.6081805
15.86417,-15.534263,0.9692087,-9.690982,9.820622,-11.664736,1.6572982,10.569155,11.428934,12.972676,6.4505205,-6.791247
-26.308496,43.01352,6.3929,29.151274,-9.519102,44.873478,-10.350689,4.364549,-14.657335,-0.7418054,6.423931,21.696035
20.51656,-11.360582,8.96066,-7.550006,8.908684,-15.156647,16.21287,-9.01843,6.9388947,-2.4753199,-0.848,2.9017766
-2.5394337,19.723333,10.416058,18.125084,0.26267835,6.9857125,5.1245785,10.761406,7.3417063,8.519883,12.531445,19.30706
28.668667,-27.918835,2.7173138,-13.520331,10.482027,-35.924484,11.894928,6.2701845,27.47967,19.798658,9.041229,-7.5407352
-58.00243,80.34956,7.387487,48.486153,-5.706964,95.16203,-23.24273,0.65029943,-22.084095,-6.6694674,13.554332,26.129616
9.987775,-8.924825,5.7252936,1.0981523,1.4472903,-13.287383,3.9929452,2.578408,13.3138275,8.365632,8.227801,0.30998692
-9.073903,24.017931,8.168969,19.347887,7.3794923,21.48409,-0.41908208,0.9150797,4.171589,6.5229206,13.70208,12.844547
-0.6206281,7.0473943,4.0930643,5.543437,4.421359,4.1396203,1.6987141,3.4961457,1.8797528,8.57682,7.2703896,4.036777
-23.897264,42.711964,8.988533,31.592617,-5.392095,44.13714,-6.98181,3.7555542,-5.250505,-3.6932514,6.1200647,18.445238
34.13673,-37.590973,10.901501,-20.179451,13.850235,-45.190243,21.523886,-1.3028024,35.082462,18.840801,14.502125,-12.421109
16.078354,-2.7995074,0.50707877,-0.61592376,10.696707,6.8265333,8.801094,9.593407,4.9861946,1.9018971,-2.352463,-1.4366487
-8.298506,19.039852,9.032973,10.213574,2.6627753,14.925041,4.7486405,1.2558782,-4.6690307,3.2714095,10.592501,14.2510805
-1.4221078,7.098961,12.326736,11.976465,4.776245,0.1626371,4.8029456,-1.0131923,14.797188,7.9907594,18.381742,7.5429244
7.5983515,9.6550665,8.690272,8.114467,7.555872,-0.9864344,8.133206,5.4137297,-6.9454045,3.9415166,5.5921164,15.735712
0.120860934,15.907877,16.654394,7.515096,17.75176,18.580282,14.204421,-10.768658,6.21627,-4.602988,11.749536,7.5701575
-15.095931,30.16012,8.484221,21.343523,3.049564,29.216326,-4.5801673,6.9636703,-1.6140752,9.181541,14.226217,19.214012
16.572111,-6.6232777,9.850147,-2.2821438,17.415735,-0.9761096,11.416621,-1.060548,14.535379,3.1423962,8.772166,-2.0595706
15.851495,-11.313212,5.1713853,-2.1174872,2.0373704,-18.885406,12.278193,6.3361716,14.082879,9.09628,5.493634,2.862895
10.902577,-0.106511645,7.966224,6.5403,1.5990286,-18.691196,14.25445,-2.0686693,6.329886,7.358353,7.7871504,11.510903
2.5631442,4.061354,8.8619175,4.5388155,3.849107,0.5889765,7.272733,-1.3412338,7.529122,4.44216,8.275499,3.965608
32.32495,-19.723228,-0.6692381,-14.063501,12.912742,-17.368158,19.451982,12.395872,9.691626,8.294377,-7.7188916,-5.8037543
0.10948026,12.876131,1.867215,12.30937,-2.3396316,14.617762,0.7449616,12.9166765,2.2558136,6.426679,3.345253,8.770881
24.344118,-2.2690783,17.112411,3.0282946,20.357143,-5.137973,19.442682,1.2317662,21.754425,2.639041,11.698166,2.6721406
-6.1358523,17.771646,11.631123,12.181763,-0.10708617,8.325379,7.597769,-3.71133,0.4713025,3.8721719,11.198174,12.484455
6.7194138,17.003838,21.3129,7.0610957,26.2724,16.953175,20.034754,-16.135857,10.20048,-1.8035169,16.452974,9.164899
12.912562,-12.979968,6.9976153,-0.88636076,9.185228,-13.510921,7.363188,-9.238032,31.847757,5.070554,12.254026,-5.6625366
24.505642,-20.732933,1.6561558,-11.263922,7.423647,-21.038311,14.895092,4.2145314,15.162326,7.8889017,-0.63497424,-7.302844
-5.6460166,24.06869,6.4035172,11.804491,8.167824,31.313955,2.649458,10.374216,-5.698563,3.88693,5.9171333,11.534915
9.45662,-4.8488135,8.091744,-2.894224,7.7282014,-1.0646651,9.147039,-0.7127645,9.414683,3.1326046,4.727953,-1.0985062
21.311445,-2.2888954,5.474777,-1.2568939,14.527686,5.035518,14.75958,9.034711,10.116913,3.28067,-3.0533817,0.12704583
-9.334798,29.37595,8.380518,24.938778,3.8564966,34.867805,-6.815882,15.080235,9.500664,12.2369995,15.883964,8.887412
6.6858735,-0.6111686,5.81621,-0.8416102,5.7210617,1.6851335,4.8469477,7.9768553,8.315249,10.289218,6.828674,0.74034095
-10.848435,25.183931,10.525229,19.57546,0.071532734,9.851951,5.919713,1.2531385,2.7917707,7.1781015,14.993912,20.104296
20.325945,-0.21626435,11.399083,5.9114575,10.775501,-6.5354075,13.68085,14.078766,14.773845,15.326001,10.732788,7.389731
-1.5010557,17.58977,7.0691266,12.857954,0.0074363346,6.1768913,6.231651,2.0721931,-1.890255,2.9220977,5.5044856,17.987436
9.951993,11.635374,4.474902,11.028494,4.0189834,13.325318,3.0255768,22.63967,7.4764204,17.467522,6.493045,10.328386
-6.3338795,11.548954,4.707196,11.782108,-2.4219244,5.9860897,-0.82236224,2.4939442,0.34652182,5.37182,8.037695,10.917476
-37.773705,60.527298,7.1128583,40.701054,-8.796121,57.20165,-12.401217,10.183258,-19.729597,2.716241,11.1564455,32.236492
-15.684765,28.372028,11.032795,24.40741,-3.1418114,23.105814,-4.9217615,2.913556,-2.5867805,4.526029,13.368542,22.502892
27.453623,-33.765408,14.167622,-16.297056,12.180723,-36.909763,23.616041,-10.995552,37.177006,5.237598,11.296615,-9.674999
9.144962,-0.099369206,15.366095,3.8056724,15.042661,-0.8876273,7.2084627,-4.0543513,15.428296,4.641707,15.753372,0.23502335
13.790108,-0.6658583,1.8757206,3.084614,4.942271,0.7098951,7.1564,11.661856,1.405778,5.601183,0.14628735,6.176952
4.8078585,23.565142,16.513615,12.914895,23.064684,27.942635,16.053501,-2.913591,8.911151,-0.7877527,12.806001,11.111158
-9.220623,33.115444,4.715567,23.147245,0.1051249,29.321115,0.26964897,15.605852,-10.415031,4.1178975,4.5840306,25.557322
11.218521,3.3025444,7.7879243,-0.21235417,12.456651,3.3423388,11.3898115,-3.2752318,-0.55595493,-5.9695077,-0.52853537,8.458598
19.57761,-6.72263,14.986716,0.97065526,11.384568,-12.896628,19.226614,-6.690244,24.436073,3.7593427,9.08241,1.456279
-13.775606,35.618347,5.692396,25.582916,-3.2251751,37.67835,-4.305673,15.427941,-8.35008,2.8513176,5.874332,18.947462
-0.46461973,14.46946,-1.1544839,9.508335,5.6701536,21.371946,-1.6504446,13.742351,-5.8059697,3.014961,0.559905,7.017482
-7.120425,34.76839,10.602453,16.20737,11.864098,38.959724,6.6350946,0.13786688,-9.850505,-5.7902584,4.105711,17.900553
19.270292,-4.7167616,11.927878,-2.142184,10.530326,-30.149866,25.553646,-7.355941,7.061213,0.70273185,5.0120554,13.1748495
-15.948832,29.748829,3.495086,15.852168,3.2736228,42.25091,-11.798115,16.587074,-11.916321,3.0688868,5.3541293,13.511776
26.087778,-20.395685,6.805511,-8.811021,9.900669,-26.765839,13.837381,6.4457817,15.669421,12.198751,8.427895,-0.8455475
-10.861301,24.010859,2.7800484,18.605106,-0.7385545,27.456871,-4.549834,9.144658,1.0739756,8.217889,7.829328,10.430013
6.7005763,13.696395,6.9886317,9.737077,9.028074,13.730533,9.13022,5.8343525,1.8606353,7.2623887,6.999256,7.142647
-1.5644425,14.214162,12.934594,11.99409,9.776191,19.17045,4.8989415,-3.7405,7.9285116,-0.32859176,11.155393,5.4097424
26.297716,-20.707432,3.0412405,-8.93588,8.597591,-18.988123,11.033081,13.883334,15.882242,12.606359,3.5055106,-5.712184
-9.866819,19.339746,1.4002364,13.58837,-4.8535614,22.072872,-5.0012074,11.589539,-0.50647664,8.598639,5.357708,9.185644
18.401733,-8.559246,7.6966853,-1.7897193,7.692382,-10.730083,14.354194,12.041806,12.382169,13.823739,9.330955,4.243798
-10.675655,32.007587,11.239333,20.245066,6.5505214,30.272814,2.3766403,-1.6861078,-4.617758,-0.3214742,9.176876,17.532837
7.467604,-4.5894465,10.1797,-0.8046571,7.7957644,-8.6934395,11.811574,-4.995849,19.078434,5.4107823,11.438701,-0.30916277
-14.761177,30.45465,6.145262,25.957745,-2.622307,30.535843,-7.0201187,10.00409,-9.914151,5.687777,8.064424,15.858437
-0.26417243,13.181843,10.740124,3.543298,10.617373,21.635729,6.0460443,4.5720725,0.31231225,6.0939827,9.203553,4.860683
21.805899,-12.881864,7.424546,-4.137818,16.344418,-13.575032,14.976734,1.2289683,18.580639,5.385017,7.340032,-1.6092619
18.479742,-5.045648,9.062745,-2.7961192,16.592438,-5.4440093,18.056973,-8.210913,16.615719,-3.279611,1.8625411,-2.8880706
-13.279425,32.637913,14.89828,27.278105,5.174263,28.352736,1.433121,-1.6573627,2.8635762,4.074709,16.625654,21.137312
56.19058,-53.878345,7.2171226,-23.744362,15.898235,-50.044544,23.522625,12.640244,33.848583,13.583947,0.87410873,-15.605102
37.09856,-39.662403,-7.000336,-21.289835,6.8251143,-32.49144,12.517517,12.532798,20.618101,12.141311,-8.949817,-15.37041
27.63193,-19.83033,2.1745813,-15.276504,19.416243,-4.734645,16.275827,-2.3472667,21.822844,-3.0448265,-3.6724129,-17.737026
-11.276842,11.121645,10.007413,17.058153,-3.2152512,10.623878,-7.7170506,-1.3744375,15.847891,12.119422,16.54701,9.414466
1.3803232,9.851013,5.9254174,12.118333,4.8352985,9.893114,-1.2835186,1.874002,9.484682,-0.03924483,5.2851424,7.713007
-1.8052844,18.873615,1.9161307,11.41296,6.8848567,30.94336,-0.55398744,8.474353,4.751241,-0.47260323,-1.2246584,2.49331
-15.76409,22.334078,11.135102,20.322271,-1.9686215,20.597195,-6.203359,-4.563679,3.2263951,0.50708884,11.772776,17.043648
8.488624,1.5181553,4.6218405,4.8150363,8.353358,13.356394,3.1408973,11.864877,16.365076,9.999244,5.288627,-4.7243657
14.312047,-10.629479,5.208916,-4.8291497,6.793264,-14.64959,9.298642,2.4108768,14.203679,9.624183,5.520435,-0.93278176
0.99728173,11.918904,10.714769,9.990914,10.375288,14.764803,5.856163,2.1082313,10.472704,7.966927,12.836676,5.566617
29.757286,-28.232271,2.4290845,-10.32239,7.2983217,-31.428759,12.50541,8.0558,22.446423,15.446378,3.3276722,-7.146509
27.383059,-18.41505,10.085365,-4.984835,19.552107,-15.98908,14.92732,3.1502743,20.090897,4.774833,7.757658,-5.0386033
24.336174,-4.1893935,20.626802,0.9016958,19.75423,-15.281912,30.17345,-5.835234,18.823763,6.376662,14.340515,7.069076
-38.952667,51.569897,8.976093,42.153164,-21.962807,37.387733,-16.200562,14.399741,-26.483438,13.052827,17.47097,37.868744
5.015233,10.586307,9.368606,9.424405,10.025978,16.23915,3.510035,9.33605,10.731758,7.150078,9.886411,5.8918004
0.07665314,20.776388,4.0492873,6.580948,12.567324,24.854073,6.351903,8.299203,-17.870316,2.4191375,-0.48110998,13.760876
14.7297945,1.6839229,7.987942,4.69982,8.687982,0.83625084,5.0627975,15.669664,0.037415113,11.157108,6.349093,13.772294
6.998843,9.201982,3.937595,11.187402,-6.8123693,-13.295043,11.424975,12.440268,-0.6006134,17.025196,8.784078,20.977402
-19.471832,38.84092,10.566071,28.440857,-5.7718453,30.687057,-3.5738664,8.183952,-1.6964043,10.761352,18.353224,20.272238
6.453812,-9.460021,4.000932,0.22168818,-4.0729265,-18.2245,5.8199964,-2.6075,15.663921,7.7163205,6.553195,3.1345947
-5.430902,17.644482,1.5548472,13.929472,-1.7768443,22.264572,-2.3044674,12.246402,-3.271426,4.3571105,0.9352801,10.144715
19.109192,-7.4348936,6.094662,-0.8539162,13.684183,-0.9351321,7.748438,8.457759,15.409303,10.226816,7.8529997,-3.2634287
11.999978,-6.087765,10.407757,-0.25374588,4.7620173,-14.0550375,14.017604,2.4279206,14.042297,12.681828,13.200697,5.516052
29.061434,-27.257328,3.0507538,-14.966955,11.860472,-26.401505,14.071292,5.3420467,22.773687,12.864516,4.228489,-11.800056
-14.07625,29.14812,0.17101154,20.214657,-0.9210404,35.7989,-11.170862,9.354248,-17.432808,-5.1273003,-2.497198,17.389214
31.264757,-21.288721,10.696763,-8.261907,17.240648,-19.145218,14.685779,2.6602318,8.440661,1.7557594,0.54620945,0.07797064
2.5500937,5.9299793,14.793398,0.189111,17.028305,9.279536,12.988105,-13.159192,2.5571277,-6.4327326,9.071814,7.8023243
41.37157,-50.61466,5.56858,-28.403864,10.1367855,-57.731407,25.406147,-3.1829987,30.257586,11.630117,3.7480588,-12.224557
3.7582774,13.776806,6.9748855,6.8909945,12.574916,18.24657,6.317838,6.472011,1.190773,2.072339,6.173216,8.132857
0.118214466,13.642869,7.436659,11.204875,6.5796566,23.747662,-0.3601624,10.112107,7.512581,6.239667,9.383795,3.1702783
-11.124948,40.86829,24.528942,29.136639,11.48205,29.025076,8.564118,-12.155873,-4.2346587,-5.079231,17.924244,27.693878
66.22671,-83.76412,4.9559956,-43.445343,13.813741,-92.32939,31.969803,2.559447,51.710102,18.80666,5.757474,-23.21881
-69.4554,97.49201,6.3349347,57.77992,-10.864418,106.107735,-22.955593,11.170359,-48.4705,-5.0481095,13.089169,44.942673
-55.434433,73.029236,4.7034883,49.516426,-15.662927,68.60527,-20.955902,8.4447,-28.182205,4.731896,17.322113,40.048496
-9.669335,21.67216,8.867949,16.960812,-1.5647832,18.504168,1.1525882,4.2204814,0.70716655,4.9840198,9.418098,14.2233715
18.62238,-6.9477305,8.129931,-3.4240644,9.641216,-23.20777,19.09975,7.878983,-2.76099,9.783273,7.5591793,15.238603
25.790405,-27.34757,1.9622732,-14.795318,8.778934,-29.925611,14.415252,4.461418,17.655128,7.8951674,0.22466175,-6.2629676
19.086128,-13.000495,3.9412146,-6.498839,7.857926,-9.261052,8.4637,6.438307,15.35629,7.2007284,3.6621814,-4.6265683
-25.264725,39.716057,11.4783,30.740776,-11.486081,29.552729,-5.250985,-2.2007284,-10.154416,-0.44410038,10.723484,30.4942
6.777062,-1.4941112,5.2030306,-0.62025505,2.1104107,-5.5361032,4.92448,-0.5094257,9.355017,12.729373,10.095251,3.759506
-20.771048,31.531233,2.089185,20.46331,-2.6438935,37.84927,-13.739985,10.575335,-14.274781,3.618035,7.839626,16.512934
-39.433117,59.621014,-0.15886323,32.79248,-0.7978837,75.53978,-21.69897,16.284468,-25.643417,1.3485521,7.402345,22.341106
7.6501994,6.7392673,8.641918,8.151977,6.4771924,-3.9779027,10.424144,4.7892427,3.8566995,8.751965,12.374276,13.1974945
-3.273017,11.271197,5.201356,12.583117,2.2913437,12.5147085,-1.1625357,5.0872927,5.2577543,3.2513332,9.20196,7.1713924
3.441126,6.897853,4.0568647,0.5532413,7.809653,5.2125525,5.08933,6.0845785,-0.3539123,9.3692045,6.692609,4.5251102
-20.513815,33.515778,15.26134,21.948265,-3.2941258,22.421549,4.197158,-0.10885984,-2.786361,10.167691,20.284391,22.400997
-23.569618,55.630505,12.510569,33.13916,11.035695,62.128857,-0.403557,-1.192546,3.4072225,-2.5111792,16.840092,17.292212
4.2515144,3.421424,3.6971648,4.2824826,-3.5167172,-4.326305,5.405992,6.279838,8.503881,8.424313,6.290379,6.7858973
-12.221992,28.166397,9.463284,20.503956,-1.3583295,15.576233,3.5048966,0.9161308,-4.7432823,2.3725533,10.310553,22.212616
9.007552,-0.9561157,3.2434933,-1.6610022,11.225941,0.29724887,7.2085643,4.2888756,9.020716,5.907483,5.4203677,-0.90206003
-5.921789,24.034657,17.681047,17.993425,5.8700795,12.864539,12.049589,-1.0312797,5.360723,7.387517,17.800539,20.883902
3.9508462,-3.6541755,4.0558424,-2.8232443,2.5846558,-2.7725523,3.9373891,-0.5499485,10.695805,4.221739,4.815556,-3.8734262
15.143823,-7.473036,3.3679092,2.2295206,1.5330367,-17.674189,7.9160285,7.7527013,6.1147165,6.3163595,2.065823,5.005033
-2.8800542,11.743972,6.2217045,15.0595045,1.6783154,16.361204,-0.43611503,4.181343,10.386764,3.8786805,8.754537,7.835997
17.246056,-7.044169,18.254414,-4.1207213,10.845505,-20.702003,21.967333,-1.8102173,12.2013035,11.578615,15.647028,9.061959
39.388203,-38.12158,15.07311,-17.65438,21.039717,-45.81399,29.178953,-8.375248,36.34326,5.282074,9.943185,-11.214878
-37.11844,47.563576,4.442239,32.02903,-9.4893465,59.751335,-16.466156,-0.7762176,-17.849154,-8.789561,0.65508735,19.130735
-15.883224,35.889057,5.6646028,21.15086,-0.05802853,36.505096,-2.4825957,0.3282606,-8.323571,-5.125204,2.5578654,16.546576
-1.6309757,23.572409,10.06848,19.879557,2.0467896,2.4299479,11.26274,5.6013627,-10.337907,6.818735,12.639673,25.555433
-14.746652,40.132652,16.634144,28.954897,6.794323,38.55584,3.1477878,-6.190273,3.0964234,-5.0125995,14.361127,18.594471
20.473087,-16.373753,2.3481076,-7.461335,5.784007,-16.281359,8.836155,9.241531,13.048187,9.466404,2.3513,-2.608442
-11.606826,26.213184,3.1568904,15.472049,5.1288157,35.78163,-3.6972775,6.7174435,-8.855132,2.0496454,4.7736883,11.502766
-0.5824102,12.494257,7.7745233,13.069738,2.124444,10.838219,1.049625,8.611705,4.950378,8.009397,11.464249,12.390277
-4.696025,19.375235,8.066455,13.057231,-0.015499411,9.370161,7.2649474,4.5076585,-2.5461652,6.898384,9.061168,14.161742
-4.427546,42.74228,3.1409252,20.895334,10.770715,48.08535,2.614403,23.03134,-18.325586,4.122352,3.697099,23.461626
-7.9392657,13.573018,14.690753,14.138433,-0.33382088,12.393872,2.1694098,-5.312696,5.4867573,3.3626976,14.378011,7.9872556
11.424198,-3.9498463,6.381611,4.9433565,-0.56489193,-1.5905658,0.84663093,18.647938,12.356071,17.735952,8.162005,3.0852869
27.600513,-18.755913,2.5865731,-11.813508,12.474884,-12.904984,9.701995,14.751466,12.746838,13.19003,1.7967927,-6.5725636
7.6488476,-9.975816,1.140285,-5.0821667,2.227201,-4.8256607,2.8303761,5.3007174,14.146242,9.199269,4.369851,-6.9477406
-5.8191986,17.537312,7.836982,13.064043,1.6471483,14.758323,2.1426487,7.1150637,1.1266223,9.266902,11.994327,12.510759
-31.340042,37.943867,6.732485,34.81208,-19.036947,37.55091,-18.742548,6.500967,-3.4874656,3.1698895,9.387308,18.51565
1.9163336,14.8454485,5.7551513,14.355866,3.3566606,20.012474,3.4933522,17.868256,3.4848125,9.139068,5.740122,13.047117
-33.19852,47.383755,4.8811965,36.85154,-12.527419,56.600903,-19.272764,15.689938,-5.1056056,7.014159,10.907755,17.81048
6.695145,-1.2850317,9.177679,0.25682983,5.822368,-12.465334,10.73061,-3.4457512,7.404738,6.4102983,10.558665,6.357101
-37.58673,58.278423,3.2670052,38.63409,-6.991504,62.74701,-15.847251,5.1816406,-21.89213,0.1674793,6.8006306,25.88946
17.553623,-11.868422,3.009127,-4.682046,3.8397763,-11.64436,8.69948,12.022097,9.444766,11.883298,4.7280717,-1.6276373
-18.654398,35.014877,8.349824,23.024935,2.5499263,44.39216,-7.4020047,6.5069327,-6.5878158,2.2782183,11.053665,12.785869
40.665237,-47.358704,1.5918084,-29.730307,19.17519,-48.234547,24.742918,-7.508576,25.838976,5.31263,-1.3699247,-20.954756
10.580016,-7.857602,5.39283,-3.7227125,12.044128,-3.3749857,3.9687097,1.254077,11.202527,5.367456,8.044556,-3.0684257
-26.18781,39.316708,7.160238,30.892395,-11.454586,34.96168,-12.221222,14.734461,-8.507913,11.402242,13.180619,21.743456
8.219274,-9.148225,3.1485002,2.3330092,-0.9581657,-7.4568257,0.07500023,8.447421,12.067198,7.572581,4.753234,-0.013715804
-29.13636,64.01062,23.322937,39.742844,12.990166,65.92257,-1.4290385,-10.629995,-8.502825,-4.54623,22.444904,28.096651
15.689284,-13.761512,6.9081955,-0.81132203,8.572822,-11.37194,7.643979,-0.15595464,17.785818,4.84229,7.910681,-1.8057444
-14.231682,36.308346,12.157265,21.342808,3.9253964,33.677048,2.5480072,-0.21898098,-9.1841955,-1.419996,10.415335,19.656471
52.574528,-52.112812,4.5712423,-33.44917,20.089619,-52.986027,28.81744,7.2062187,31.38618,15.54931,2.1975324,-18.899952
33.30425,-24.503357,8.710923,-17.704906,26.900286,-25.477112,25.339703,-7.238463,29.984169,5.3294325,7.7376666,-11.916442
17.805616,-9.171818,3.0415294,-0.849402,8.529903,-15.851237,9.505643,4.7739005,0.98661464,6.0596313,0.9803023,6.842027
-7.4774046,19.760357,12.041767,13.563436,1.3060064,11.156491,5.5908575,-6.788645,-2.6399941,-1.5410247,8.097314,13.550495
-29.90687,48.210205,4.9216437,29.825758,-6.3838086,46.41265,-8.579841,5.80065,-26.716146,-3.629763,3.1982288,28.22692
-13.583263,23.388582,8.34568,21.282654,-1.3844409,15.947247,-2.8562555,-4.4287233,4.7598763,2.128447,12.815561,12.238107
15.522035,-7.7156825,9.832899,-4.70106,4.4280295,-19.552206,17.664885,3.193081,0.6492487,8.301022,5.667911,12.604171
17.924183,-5.5247655,5.543734,-3.0909922,8.31853,-7.4432063,15.111306,6.2800584,13.543175,10.043095,3.4369807,1.3349534
20.377491,-8.362968,6.2642665,2.1083477,6.175528,-13.439901,11.350695,10.078401,14.694699,11.858156,4.7548327,5.2820125
15.178742,-5.577326,16.290543,-2.6296883,12.620029,-16.930828,20.867266,-5.922021,21.873837,7.91167,15.969666,4.015774
5.962213,-0.33403867,-3.3425298,5.3861165,-9.44286,-11.082701,1.663722,11.900744,3.000049,14.197736,3.526779,12.68102
28.96876,-26.695513,-0.9433737,-11.9851,5.6551485,-30.112278,11.017687,12.757248,15.483126,9.877963,-1.5513759,-4.539601
6.589813,6.275691,2.946466,4.1690063,1.2043709,4.6088142,4.846704,12.95174,7.2824764,11.021727,4.6000896,5.090962
