2.7444236,6.617364,3.1477993,5.791146,2.5553815,1.220163,5.349527,4.0937543,4.833885,2.9470134,5.573767,2.1050086
8.895705,-0.10738998,10.954605,-4.261705,4.9240274,16.807463,1.955173,5.522575,-0.8471976,10.551626,2.829442,12.488207
4.9569755,4.595963,2.9806948,2.8146932,4.424453,6.1559896,1.4083588,5.847902,1.2708061,4.7686434,3.040798,2.9271288
2.675159,2.495565,3.3743086,3.6606112,5.055319,3.4697595,5.4468246,2.9856918,4.1073537,2.872224,3.2218122,4.319357
6.8691435,14.909033,1.3395773,26.950432,12.513825,-11.403255,17.425413,9.056078,20.194696,0.84746134,16.208862,0.012907622
-0.16428062,16.776917,-2.3434246,20.871273,3.1245966,-12.468508,15.116882,8.780571,12.94445,-2.0446966,12.866365,-4.043714
2.4962943,4.47681,3.4654908,9.739208,3.8077517,-5.1093955,5.4741693,-1.5154905,8.235072,0.504529,4.7206454,-0.1009617
12.194084,-1.1407925,12.161648,-6.1059747,6.5190616,23.813356,-0.89294064,9.098623,-4.471276,12.510089,2.0467422,15.110649
5.4743633,0.624578,5.5227723,-3.7051976,3.1679657,7.643907,-1.7095155,2.9230328,-0.40919098,4.2978683,2.4398284,5.406095
0.7241956,9.912431,-2.1368937,23.876127,6.3844385,-18.805613,17.20166,3.0656114,17.362003,-4.40087,10.331963,-4.9437404
4.0503807,9.86774,4.0498357,0.6738729,3.625361,10.34059,2.2233748,9.046578,1.5950737,7.788177,6.6365166,2.8259964
-5.7294307,19.64539,-7.256517,30.523592,4.332789,-25.100023,20.826542,3.0947895,23.42322,-4.673448,16.353907,-9.066608
2.2737145,7.884336,0.2891663,4.311675,2.2223618,1.9963847,5.8763905,6.462841,2.7250974,4.0694594,4.0627584,1.2860976
2.3471646,5.4707704,1.8503144,6.549066,3.044155,1.4249825,8.047581,3.0026062,5.185944,3.33469,3.7690027,3.0407865
1.3551737,13.502108,1.7813312,18.785194,5.619075,-9.6580925,14.914876,5.621334,13.633805,0.965551,10.091806,-1.9491972
5.3337297,5.0515323,1.7175019,1.5578365,1.8870418,11.854965,1.0089736,13.146662,-0.49312234,2.7031004,2.3784025,5.148479
7.2457056,2.1867466,7.422778,5.1836257,7.3758616,7.663624,3.5695643,4.6688547,4.4196258,5.371265,2.2973514,6.1120863
-0.61186796,7.120957,-2.1257784,9.449949,2.6003675,-7.6426406,6.5550613,1.8039638,7.918104,-0.51963073,6.3652744,-3.0370667
1.5577224,15.549746,3.1850176,11.098212,5.458316,-2.5269065,12.519759,5.741654,12.576273,7.071252,11.190339,1.0269755
-2.36416,10.207937,-3.0161228,16.360287,1.4830518,-12.38955,8.800362,2.4659407,9.929181,-2.0161366,5.3441715,-6.3364587
2.231162,2.7288432,10.091011,6.1882143,3.6972492,-6.2171526,10.274138,-4.552327,9.61973,3.2095537,6.7182994,2.4869814
10.384713,1.3014737,8.06383,9.725732,9.599315,6.6239567,5.5775814,4.511955,8.684088,4.613531,3.7203283,9.036308
1.5805312,10.235542,1.6957008,23.793749,6.843612,-15.371401,16.042974,1.3324119,17.100534,0.36537945,8.426407,-2.4492314
0.82376933,11.110535,1.6477163,13.746132,2.0821495,-2.880408,12.137463,7.7432284,8.817534,2.6864896,7.8806295,2.0171597
-2.7321296,8.702184,-0.3250051,15.861763,2.066784,-16.919586,13.795304,-1.0141292,14.664629,-2.6348987,8.4821,-3.293561
10.241552,4.2870455,10.349941,6.9547386,9.228188,7.3216467,4.934807,6.48179,8.528544,6.88217,7.372555,10.267515
13.219367,-7.107131,13.705205,-16.556995,6.3339634,30.759367,-10.233834,7.421322,-9.817981,12.073467,-1.5837985,17.526205
8.705351,2.04372,4.252174,6.8933015,9.45439,1.609762,1.3174617,3.8606062,9.662377,1.9337316,7.3087354,6.4185443
17.008028,-7.668038,19.32558,-9.383842,8.14378,34.0978,2.8059375,7.9680614,-7.090462,17.400398,-2.1839967,24.085388
1.9575443,5.652596,2.2884133,6.338381,1.6904218,0.57287717,3.826317,2.8163905,4.1200223,3.2320702,5.361956,1.9288828
5.1960406,4.651811,4.9348297,6.5027633,4.7298055,4.500866,6.237076,7.5606422,4.480013,3.2701275,3.2069247,3.9321725
7.064912,4.5376563,9.076068,10.933839,10.592107,-5.6374693,6.977476,0.64042974,15.106447,1.8576322,12.118675,3.7825377
8.717168,5.1105533,6.1671867,6.2076344,6.15003,11.374402,5.619218,11.560088,3.0387297,4.6593013,4.1559577,7.925102
4.8524737,8.225357,5.818829,12.224364,7.6020336,-3.0242283,13.330893,4.549879,12.829522,3.9049993,8.964482,3.78574
5.381225,1.7273704,5.0883346,-0.5707634,3.9844277,7.1706233,1.4499103,4.1827397,1.208772,3.8613741,2.043039,3.9624853
4.451751,2.0742989,9.484102,7.248088,7.361127,0.57406473,2.191159,-1.9847295,9.747165,2.3518963,3.3406336,4.0166435
2.9998546,4.3692575,3.506357,7.69843,3.7534685,0.2999287,4.643814,3.289392,7.340503,1.4438329,5.7690215,3.4103408
-1.3294702,8.567878,-2.168364,14.284453,1.1274109,-10.164247,9.658446,3.3668098,9.2606735,-2.3188038,5.9488134,-2.3124323
5.538516,10.436969,4.8289037,9.030518,6.969567,3.8127162,7.735367,7.891779,8.787051,6.7125897,9.377724,4.8870535
3.6973178,10.075312,4.155014,10.286939,4.9064174,-1.6958765,8.414401,5.8388567,8.853556,3.9087675,8.279747,1.8534795
10.348919,1.9677175,7.8621593,-3.0447483,5.678181,22.536884,-0.1536545,13.204171,-4.230904,9.622548,-0.12424176,11.63208
1.6008795,9.180988,1.9646858,17.97933,4.509775,-8.582352,11.384259,3.6267626,13.421156,0.58469075,6.987812,0.22638765
17.006136,0.119751394,18.179892,-15.458815,9.845157,38.827484,-2.8927684,15.854684,-8.869627,16.992126,0.753231,20.918507
1.3799628,14.131386,-2.4486177,22.775473,6.1129932,-14.758444,16.85525,4.9556584,18.29859,-1.900313,10.762118,-3.9185665
-2.5367122,10.221525,-0.4003125,17.798477,3.2043839,-14.178907,12.243658,-1.5095917,15.3981085,-0.10479935,8.723022,-3.2209988
2.69588,7.6113677,0.2610825,1.1103951,1.0605286,6.422307,1.1446847,8.737939,1.8001999,1.8959831,5.1071186,2.288892
3.1311433,5.7058024,2.9258938,12.596242,4.1227784,-3.2110546,8.305264,3.6008556,8.521612,2.4539194,4.24395,2.2729626
5.0172124,9.587787,4.44425,12.967942,5.543092,2.0840418,10.155551,7.88632,9.040541,4.908615,7.225527,4.7325387
2.330885,9.328402,3.4400513,11.104161,1.737593,0.1223182,8.219949,6.1651506,6.725946,4.3574476,5.6843843,1.7201294
11.142713,0.9433328,8.624222,-0.4178728,10.590045,17.08902,4.701519,8.029844,3.816418,8.263286,6.2615657,13.217899
3.3535557,2.4703584,5.067606,4.658922,0.1525261,6.046811,7.8109255,4.8787613,0.3910181,3.4227798,-0.49683577,6.3805666
4.1110854,0.9121443,3.9459035,1.7846644,7.1793833,3.340209,-0.014788252,0.33407393,6.3926673,1.5571564,4.3073244,4.0029955
2.287014,6.262667,0.8453589,9.807361,3.4342139,-2.7005754,6.9660497,5.189921,6.9558225,1.628439,5.360975,1.1208405
2.8610404,14.961137,2.2874568,13.80879,4.007535,-0.4394572,8.965388,10.609305,9.27361,4.20929,10.376651,0.6132018
-0.97133857,7.2757654,-0.65858346,8.138424,0.10436315,-3.3477056,6.226957,4.3258924,4.195029,2.336335,3.2227743,-0.41449887
4.358594,8.380559,7.3192554,-3.3679605,4.203665,12.416338,5.1607933,6.966342,3.9793348,8.664474,5.6100316,8.389647
3.7975712,3.3419247,1.720728,6.3204865,3.6139736,-0.44073954,3.5385876,3.654701,4.633539,-0.19929948,3.602591,1.0339408
8.707382,2.7081244,8.4664545,7.6373277,5.679085,9.173674,6.7153893,8.199879,3.4552574,5.3650217,2.6350095,7.378168
5.3110747,1.8298432,7.1153903,6.1817446,4.497669,7.6446967,11.628059,1.7605897,8.757425,6.196068,7.2030406,11.619757
5.470445,17.47498,3.151497,19.095007,10.227157,-1.6575437,10.083398,11.441204,15.416801,3.0593586,15.798819,1.0171227
7.0255823,13.062159,8.908972,6.776801,4.392236,13.233714,5.0103574,13.51976,4.160153,9.883467,7.2866793,7.645035
10.104865,9.79412,9.134499,10.647923,10.136462,5.3703084,14.032434,8.845806,12.793771,7.6581664,10.7993555,9.945821
12.946527,0.65331674,12.92018,-0.05712626,8.412567,20.65969,3.1348379,9.98002,-1.169235,11.998833,0.61339355,15.669849
0.69111717,7.7502303,-3.4399793,7.9043436,0.025191315,-1.1057849,5.6225653,8.40301,2.6170619,-1.1127293,4.1108384,-0.20069218
6.0635343,4.7725554,6.2343554,8.941854,4.083269,2.0552344,11.17738,6.495808,5.622686,3.9200132,4.4130993,7.18321
-4.7347603,25.87975,-9.562324,43.987663,3.878174,-36.985092,26.888706,6.914647,26.28035,-7.047621,16.129808,-15.916097
4.790793,9.887472,1.499254,7.8480153,4.7433424,4.018915,7.071567,10.223494,7.061784,1.7749732,10.283177,4.520477
3.3667448,12.5962515,-1.0755424,14.542998,5.315689,-4.562666,12.118225,8.837238,9.7287035,0.778078,9.124391,-0.613885
5.297496,-0.4129084,3.8759396,-4.4171195,2.4784422,13.608303,-3.1460109,5.196376,-4.2340274,5.8399935,-0.28337058,6.938191
4.881547,1.7546778,4.7470894,-1.486266,4.549176,9.203307,-1.7192539,3.872465,1.1769594,6.1431184,2.4209092,5.8700013
-4.564218,19.388636,-9.532267,31.10223,4.315051,-29.490507,18.45196,6.140049,21.642511,-10.774834,16.751886,-13.693773
4.0061984,0.42872682,5.4933243,4.378532,5.573551,1.8055977,1.8936906,-0.48638377,5.7813244,3.6130757,2.68257,4.6639185
11.515635,2.9134421,12.713592,0.6325322,10.074107,17.609303,3.543249,8.062953,2.8554883,13.213046,4.802918,12.538738
17.915127,1.2308172,17.911106,-1.3156506,13.05546,25.935764,2.5275295,10.316628,2.6824834,15.415684,6.4473376,20.953276
6.690554,2.633737,5.116273,2.5159595,6.13506,6.185883,2.4022841,6.024035,3.2329583,4.3724446,3.140929,4.825557
4.4150214,11.49443,2.191529,17.364391,6.923221,-4.8664618,13.554836,7.7937956,12.631667,3.135432,9.366188,0.85585004
8.676593,1.3600819,7.841637,3.9850738,7.846141,12.40802,5.564488,6.687039,3.081875,7.752855,2.5952106,10.074436
4.1036797,6.251609,3.9698563,10.128978,6.023509,0.10334098,8.147055,3.7599432,8.837348,4.0312805,6.2874303,3.1937902
5.2049317,3.9179676,2.9445622,4.6097174,4.057418,5.5343394,2.4949887,6.0788035,2.3929288,2.4761295,2.6675894,3.6631196
2.8356128,5.549964,0.7328097,6.305554,2.5409167,0.6560375,4.9621706,5.4683723,4.2432427,1.5622813,4.3283024,1.670213
4.0884824,2.1853342,5.9382896,3.137782,4.3337517,4.057254,4.3807545,1.6323597,3.497502,4.482125,2.714847,4.7460546
13.036724,0.5234964,14.017974,-6.332156,10.053463,24.293526,-1.2419307,10.179943,-1.5280097,10.829748,1.6644678,16.240982
3.0651207,-0.99360806,7.8651366,-0.12044101,4.0645294,1.8477923,1.4919112,-3.488844,4.9954014,3.2153223,4.0265923,5.4851027
5.838579,2.4672801,3.7172174,-4.8619213,1.0781323,14.866342,-0.83934766,9.152082,-4.6904488,8.381143,-0.97393686,7.94039
14.638022,-0.97851837,11.114492,-7.930675,7.417255,29.960974,-0.424765,13.017032,-6.8111987,12.163657,-0.9172901,18.158392
5.3219094,2.3640373,4.4038267,-0.8111982,4.6926913,7.432969,-0.06938907,4.3418016,1.4207202,2.8068402,3.5550964,3.3938131
4.47704,0.38830897,4.417178,-0.97208774,1.9968586,6.5201683,-0.6685053,2.9882143,0.4524109,1.8334705,3.6078637,4.297524
1.3781328,4.757067,5.140165,1.683758,1.0843925,0.956862,4.1791706,0.007260586,4.0536213,3.647153,3.8823838,2.8431256
-3.3189573,4.4005785,-2.2374823,3.1876292,-0.40632227,-5.461861,3.1837792,-1.775943,5.7389994,-0.8273382,3.4263694,-1.2044599
3.7143424,4.5307736,5.1498137,-2.5435832,0.59331226,6.352374,3.7038114,5.3786216,3.096267,4.694213,5.072707,7.0605145
4.885781,5.230884,1.4798799,5.7809763,4.360319,5.153729,2.2370336,10.7562475,1.4812386,3.899721,3.3312953,2.8876793
-4.033649,13.507365,-2.3638957,18.599451,1.2547418,-15.307287,11.262994,3.5189857,14.176582,-3.5943239,8.6435995,-6.2295613
14.777475,-2.769627,14.351929,-1.5984912,9.885232,26.423098,4.465337,9.098412,-1.1247287,11.865529,1.4254932,21.054071
7.1753736,2.2380319,6.152563,-0.16355938,5.737268,10.283965,1.418825,5.814728,1.6388689,6.6780715,4.4176226,6.9149904
-1.5969728,8.333005,-0.9814375,8.992638,-0.46330005,-6.2737584,8.101162,3.4884381,6.381392,-0.09083684,5.3269873,-1.8969473
4.5903463,6.6054544,1.3243172,4.4762897,3.6255624,6.049296,1.1509526,9.681283,3.6209545,0.8156278,4.444907,0.5634296
7.2308745,-2.8093174,7.8905487,-5.4622145,5.279049,17.119331,-1.379743,3.8131797,-2.5744083,8.253762,-0.5689975,10.835159
8.769909,2.391902,8.477284,-5.56335,7.8622985,16.49772,-4.658773,6.086802,-0.16686194,10.205524,4.2214766,9.669263
4.8573666,2.0581696,5.149608,1.5477082,3.8578668,10.531416,2.0411994,6.375979,0.7356014,4.04148,1.7366103,5.7368326
5.460522,11.52018,5.6604304,19.218824,10.180326,-8.262378,18.331125,5.3928223,15.91836,2.7939768,11.354924,3.619641
2.689162,7.6380916,2.030323,9.053112,4.622637,-3.3081713,7.07343,3.891658,8.1496725,1.9132758,6.0593143,0.2681805
10.886202,1.2655034,10.983358,2.8884237,10.184212,12.60303,6.623531,5.7566524,5.6525164,7.249424,4.459287,10.425425
7.5539174,4.1026797,3.178977,6.4072003,7.2371798,7.108066,4.0224795,8.831906,5.226034,3.0571573,3.9182441,5.093875
3.6089149,8.454878,4.3114247,16.914278,8.223719,-3.1962023,14.306197,5.3886337,12.792556,3.385577,7.709939,3.4637575
1.7277277,10.861842,2.7642758,13.308655,5.8648005,-7.9703526,14.491791,2.5169647,14.128967,1.8095653,10.031261,0.74848294
2.7010648,6.853288,1.0711803,9.638963,1.0755236,1.9888542,8.170409,7.537534,4.1335864,4.184615,4.1221466,3.4977689
7.332789,-0.029003227,3.58677,3.3982904,5.611932,7.3343315,4.8834734,6.3729334,1.5186564,3.0252779,0.81232756,6.8268175
7.791554,7.087048,4.8973994,8.690466,7.4235086,5.8320136,6.592672,10.153154,6.2732368,4.552555,5.957601,5.5123568
8.765785,1.3691406,6.0176606,-4.030098,6.5982137,17.277624,-4.1273375,8.602527,-0.5090886,5.3354316,2.3571198,8.811933
4.414187,7.041888,4.9720626,4.052372,3.9176018,6.4876633,4.7043037,8.590913,3.8605852,4.6040454,5.2024965,4.04946
8.12878,2.3444037,7.248518,-4.6205173,3.6581452,18.119553,-3.8634052,10.793161,-3.777196,6.529481,1.1728407,8.262667
0.6127229,7.555637,3.3838325,8.02404,2.1522124,-1.7939396,7.796761,1.980135,7.161787,3.2667005,3.9336302,0.41440988
8.332308,6.7142496,7.260856,2.5630248,5.3615026,12.756021,5.115764,10.175139,1.4054368,7.978752,4.406872,8.426563
8.18021,10.13139,6.7503123,4.433066,7.1954703,11.088735,5.7138376,10.863698,5.959047,7.572314,6.7482,7.398872
9.4875345,6.66396,8.746918,9.526103,9.768486,4.4419065,6.005945,7.7269773,10.476165,4.315916,10.607629,6.807036
7.650963,-1.451337,11.023824,-7.0195885,6.559207,12.888209,-0.5929853,-1.9099141,1.6575717,10.4102125,3.489726,10.23645
1.205368,11.828953,5.359804,16.90302,4.5001874,-13.438919,10.480732,-0.70058435,12.763909,2.168187,10.286943,-4.311839
2.7740245,1.3278522,8.202198,1.7264428,4.8982263,4.746603,5.6594987,-1.7178321,5.388116,7.589051,3.507054,7.6967597
-0.55948937,4.11345,-0.7974466,8.891652,0.4643079,-4.668053,5.3226833,2.5214405,7.857097,-2.207985,3.6318913,-0.2703358
-2.7557843,4.951752,1.4439027,11.424416,2.377005,-12.356797,7.7361093,-6.1916156,11.0155525,-1.0282389,5.0966377,-3.0127919
10.784389,-1.9101202,16.017094,-13.21941,5.353622,28.099085,-8.985823,5.1324735,-5.136655,13.682384,0.58504933,17.422152
2.7087169,8.477039,9.249611,15.032169,4.974255,-7.8464527,13.1608305,-0.7302126,12.297877,4.4830956,5.5319953,0.47134453
4.3851027,0.026536502,4.457045,-1.6978679,2.8288732,9.726272,-0.21775362,3.2153149,0.039751567,4.69367,0.9143539,6.699027
0.24905896,10.228634,0.37813544,12.172949,3.3637965,-8.395799,10.530794,2.6196904,10.74046,0.021300083,9.4713955,-1.3456309
4.770458,5.549281,8.084369,12.97915,6.85064,-2.966873,10.469488,0.30346614,11.344508,4.410332,8.255232,4.151293
-3.5043364,9.663723,-0.82098913,13.781373,0.38680053,-10.660723,11.389658,1.5914391,10.642445,-1.95292,6.523944,-3.212078
-0.42617315,14.078131,0.027423436,27.921774,4.845603,-25.054546,19.593046,-1.8335805,20.74549,-4.0564384,13.337234,-5.3447685
5.9285994,0.6731676,8.229074,1.4978031,3.4593625,10.9984865,3.5961556,2.830846,0.59716094,8.521025,0.026073094,7.9254885
11.438491,-0.077494234,10.589935,-4.5572166,8.584709,22.0598,-0.060950372,7.9005575,-1.6330858,11.41353,2.6782844,14.911877
6.5986886,0.050457258,7.398974,0.06566646,7.318407,8.45186,0.27825168,2.5307949,3.9695883,6.001111,2.9789762,7.9319444
3.8633413,8.879494,8.650153,14.088108,8.563525,-6.084448,14.551587,1.8160858,15.60221,5.404782,8.69458,3.8975835
6.765315,5.503404,5.211208,1.8452955,6.545407,8.184272,1.7037584,7.1181927,4.054059,6.1696467,5.402208,6.004885
10.949415,5.705208,11.914416,-6.2708273,7.3238654,18.174904,-2.7298281,8.936118,-0.42424554,12.867043,7.0614142,11.959977
9.020309,5.265403,8.69416,-3.598261,7.4975314,20.666641,0.70735097,11.11582,-0.72235084,8.497005,3.4678266,11.550397
-2.8809354,17.174387,-1.3551662,22.985458,3.3858733,-17.828938,17.453949,2.8290493,17.698288,-0.50944823,13.18357,-6.827828
1.0196576,17.461765,-0.6100412,27.696756,5.0069,-15.078273,19.957657,6.183769,17.083786,-1.4907818,10.644964,-3.9212084
-1.4419858,12.283458,0.54294753,21.999678,4.7584815,-19.431532,13.698084,-0.4709766,18.061907,-3.7697675,10.6936655,-6.6982427
1.5375606,17.701597,2.3940382,26.841408,7.568947,-14.720752,20.484758,7.4610505,18.160652,3.9943733,11.732669,-3.1296196
-0.91947407,8.726722,0.18899159,17.750313,3.8062196,-15.24527,11.979304,-1.1378369,13.401236,-2.5554924,7.1277003,-6.2124186
0.8681561,13.417697,-0.55532634,15.605552,4.1293225,-9.990528,11.032247,5.138103,12.444776,-0.13305368,11.400671,-3.306715
8.881687,-0.17842071,9.748816,-1.0251218,7.859989,11.612802,0.1756552,2.9935176,2.5740662,8.6450205,3.1911826,9.684054
12.063117,1.2361969,16.481308,0.68277293,11.493324,6.3125157,1.3832206,-2.1452348,10.957542,9.59615,10.3581915,12.64263
3.3521385,9.714891,11.577119,12.760075,2.455807,-0.81786424,11.774128,3.4193032,8.798804,7.891277,4.628218,5.1294317
4.2253447,4.56402,4.2681,0.99232966,2.462659,6.191595,2.0320265,5.5952563,0.9293454,4.738474,2.6605551,4.424273
4.090576,7.4154205,10.675747,11.200145,7.1058416,3.7583458,10.7363205,-0.17548436,10.103779,6.91963,4.900862,5.8038054
13.135362,-1.400064,11.243515,-10.253645,6.7589507,26.50728,-6.918148,9.77281,-5.9485703,10.340504,1.7267144,14.060331
-0.3464049,14.788912,1.174008,17.419167,2.6245165,-10.029301,11.91659,4.2132177,12.265071,2.0122252,10.048429,-2.9872255
11.324838,-1.774657,8.734899,2.2912521,8.309625,16.4202,3.448478,7.1068196,1.466639,8.051447,-0.36832687,12.810662
-1.0184858,8.876562,-2.1246855,16.387594,4.1257315,-13.385703,10.863839,1.9161232,13.332514,-3.5353587,8.915564,-3.8368409
8.239599,7.6904984,4.2321362,6.6035576,4.196385,14.317301,5.3064723,14.148559,-1.101259,6.929778,2.6549342,6.149913
7.238432,0.8550931,11.952386,-3.3240972,3.2456324,14.47545,2.8770325,2.010305,-0.3738321,10.842386,1.8560249,10.559767
3.0028558,10.048587,1.3843614,7.0452147,4.131104,2.8487473,9.444142,7.9855866,5.7611556,5.972045,6.681937,3.231711
14.683955,0.20594157,10.973258,3.4317644,9.904402,18.265678,1.3660172,11.923568,1.5100101,8.4042015,1.8510596,14.76673
4.253125,4.4769006,3.725771,6.8823304,5.341045,3.0773897,5.409224,5.0494576,6.3194475,2.3038392,5.2036757,3.173043
-4.6531954,10.939932,-6.072229,17.164568,-2.4187722,-14.983986,10.336525,4.9582367,8.597399,-4.765866,4.472409,-8.002693
2.9242034,5.3720226,1.0949502,7.37402,3.64603,-0.037674915,2.9835246,4.1691003,5.44514,0.91956806,4.611977,1.9732355
6.187605,-0.71298933,5.8492336,-2.474037,4.138365,10.538499,-2.4123008,3.277283,0.28308845,3.8349495,0.36381745,6.6683745
10.690718,2.4234252,9.013633,4.5281324,7.1532297,11.020185,5.538973,9.443459,2.8297966,5.471566,4.010491,9.9190855
6.309507,3.9129243,7.372434,3.1455443,5.0637875,9.644766,5.3402796,5.1397943,4.012766,6.7889075,4.1279,8.672488
0.8769882,9.19284,-0.4913485,14.531564,2.1801546,-8.140884,11.322712,4.937305,9.112861,-0.110031836,6.7581925,-1.9946268
9.534188,2.975953,7.282018,0.89794546,7.931221,9.78104,1.6376953,5.7194085,4.348494,5.314571,5.996548,8.197786
7.4919615,-0.40890473,5.90589,-0.8407585,5.6218834,12.559401,0.16514665,5.754494,1.1199862,5.3397064,0.8160158,8.492955
9.44277,5.1184754,9.309058,-0.94927,3.6005666,16.304562,3.13486,12.740829,-0.7203033,9.576671,4.4522066,11.982188
10.416241,6.869714,3.831458,11.398057,12.553371,5.5199423,8.286183,11.141451,9.382324,5.8321323,9.966878,6.0651994
4.5011764,3.9131649,4.3269267,7.8123455,3.494233,3.2518718,7.8961706,5.198953,3.796519,2.6143992,3.177785,4.7238517
-0.8322213,11.172143,-0.88567144,13.965458,4.4281926,-7.3477454,11.354355,3.850904,10.312108,1.2569917,7.269258,-2.7389252
-2.3403273,7.0813384,0.46962053,3.1725764,-0.42386144,-1.8128142,4.049461,0.9074277,3.7041748,1.9124463,4.5935698,-1.7163424
6.332167,5.1272306,4.484145,3.3300297,5.329041,10.623646,2.8339577,9.367951,2.4076543,4.916662,4.432031,5.5833664
-0.73429215,16.034813,-0.6434814,23.33291,2.7361398,-12.551193,12.467566,6.726137,13.514726,1.2128247,9.973092,-4.2150373
10.218414,5.1720767,8.533577,2.9335024,8.799125,13.930955,1.6508505,10.095882,4.25663,6.953084,6.2201753,9.148747
1.6842735,5.115391,0.88038474,10.335574,5.747572,-8.539599,8.096871,1.3654541,9.930372,-2.0589817,6.491693,-1.868251
6.9846406,4.9914427,3.964335,-2.116588,4.0419445,13.533087,-0.99386036,10.453836,-0.92327416,5.2855635,3.831769,6.357679
2.0461037,6.4528956,3.015948,8.051081,2.6341062,2.2201612,6.336911,4.6811323,5.586222,2.7198706,3.7901332,2.662199
8.205,2.3769445,8.478045,3.3922198,3.356228,14.692697,3.1070821,10.798745,-0.839281,8.6484585,0.8734284,9.893577
6.2351623,5.8208103,7.629227,11.429818,8.820058,0.6527865,9.371139,4.5212626,12.350389,1.9359396,10.277651,5.765993
8.136768,1.4459401,7.942171,3.8485684,3.0942118,14.707223,5.5390863,9.891569,0.89861405,7.4176407,0.21447287,12.207719
2.3419144,17.025818,2.7039592,25.29219,5.2839293,-12.817132,19.03345,6.48497,18.955975,1.4413126,14.025592,-1.9843237
4.1259723,3.303853,4.742455,0.5309243,3.5055983,7.6184416,2.4437194,3.1679695,1.0188096,5.894883,2.527321,4.920309
-11.6681595,23.648222,-9.006519,45.40367,-1.6418285,-44.428745,34.319157,0.9939389,34.213284,-10.850332,13.9476385,-13.914276
2.5847085,3.9229941,6.3266525,3.540848,0.43092474,0.22614989,3.3994632,1.2427676,3.5042222,3.290156,3.655375,2.934642
11.4278555,4.899473,12.904927,8.828458,12.523789,9.3754225,9.34011,6.431964,11.129829,8.851536,9.531455,10.27774
0.30552292,13.843698,-1.4969525,17.15219,2.325248,-9.158963,12.656154,6.9036326,10.727092,0.047966946,8.775518,-2.789011
4.442253,3.7856905,3.6902232,6.303198,3.6773744,4.432591,5.44083,5.3954296,4.0413914,4.3933315,3.2496502,5.244232
8.017361,9.880485,8.722647,20.456568,11.756826,-9.338264,15.184238,3.5022533,16.611317,2.0412683,11.384915,-0.49878305
0.16437927,8.231213,-0.8141135,16.401268,3.5956488,-9.913891,11.392681,3.6425586,14.263724,-1.4487141,9.034749,0.40462843
4.5972095,4.9813137,3.9585285,2.2630289,4.040499,6.5354323,1.2622184,6.6247525,2.203612,3.5339737,3.7544003,3.5929203
7.874325,8.712228,7.431202,6.4414887,6.5166154,9.7126045,6.720282,8.685046,8.818035,7.6055713,10.741785,10.3753195
5.2256436,13.298136,1.9728416,16.2649,8.789524,-2.6551466,14.658947,8.2797985,11.026489,5.509706,10.541203,1.6890491
5.982581,1.5398055,5.696045,0.57115126,3.769504,10.005873,3.0266917,6.902038,-0.38637948,5.4921227,1.3882658,5.8543186
13.922667,0.62156034,17.279041,-6.9067917,10.821445,22.759914,-3.8323376,4.4295654,2.101291,13.668168,6.417487,15.595899
-1.017601,14.157317,-5.4284077,13.811658,1.1329789,-7.299796,8.233696,11.224033,7.087507,-0.72010607,7.5340548,-4.992467
11.128531,5.8478928,7.0918155,0.7090524,7.4965453,15.64143,5.291902,11.8488865,0.41881734,10.333568,5.266093,11.782026
1.325825,7.248274,4.5733743,15.105818,2.0913594,-7.972334,10.159921,1.7099671,10.634298,0.9371066,6.346316,0.7564113
2.1244814,2.9922066,0.18022232,6.727423,2.431904,0.755824,7.9381323,4.1228933,4.06201,1.4017419,0.9041746,2.8518395
5.102822,5.5071926,1.9720362,8.337726,6.1498857,0.20844804,3.9891376,5.285929,8.105517,-0.9792894,6.144026,1.9146804
-3.9561052,14.203148,-1.2564278,22.27955,-0.046625104,-17.551445,14.231875,3.1446333,13.556104,-5.7882338,9.042752,-6.0690737
7.5374827,-0.1921863,9.335906,-9.386986,4.313623,19.93843,-3.958643,3.9299593,-4.0277567,10.211051,1.3778335,10.466163
6.7870436,0.05926839,7.434519,-0.5309673,5.445215,12.957127,0.7242343,5.7133074,0.16864839,6.5025315,1.7477968,8.408762
10.551935,-0.3994139,13.071561,-8.92082,7.07661,20.793938,-5.0408716,5.024947,-2.946829,11.499601,3.0254247,11.462329
5.951987,3.0054252,5.076089,7.5635595,7.6015015,-2.271156,3.8820865,1.7336594,9.612927,-0.10271296,9.972906,2.5174634
1.0476454,9.581051,1.0105962,14.276465,3.717765,-6.3616204,10.478957,4.102778,9.36508,0.36477503,7.2169027,-1.1377038
15.100488,-6.5054607,13.994322,-13.684545,5.884358,33.606846,-4.6925144,11.373196,-12.202967,13.123034,-5.624774,19.310238
4.5946093,4.201253,2.8458276,2.1113317,3.7024796,5.191798,1.6503518,6.1887164,1.110375,3.252899,3.9113352,1.8133495
-0.78130805,8.149462,-3.6611767,18.000757,2.2042115,-13.159905,8.79787,3.668966,10.223308,-7.3776584,6.6201587,-6.216533
5.293034,5.2990627,7.7672563,7.469802,5.150492,-0.2910188,6.3919396,1.8407379,7.5578156,5.839112,4.585419,4.2560515
1.7629417,12.325819,0.7850379,20.394049,7.639764,-11.528516,14.137316,2.7717366,15.259584,0.07151971,12.468801,-1.9400088
5.813602,6.585391,0.65014094,3.96474,4.122341,7.4721723,2.6942236,12.342584,0.6818928,2.6770458,3.341488,3.5200515
-2.3394866,12.914868,-2.8793497,18.266903,2.3513422,-12.447692,13.238544,4.527116,11.238976,-0.2620006,7.9703383,-5.165028
3.2605155,7.439874,5.4018297,5.757689,4.423818,-0.12805282,2.934597,1.7596322,7.240945,3.525546,6.3411593,1.2634553
4.8521223,7.370585,7.421796,11.937175,7.094178,-5.195957,11.10047,0.39002421,12.965846,4.6231556,8.309522,4.454809
3.6509027,2.0840194,2.4885216,4.3957896,4.543316,4.6259465,3.8750033,4.023814,3.0553799,2.9635653,1.8198164,3.240753
5.182468,3.278472,3.8233654,6.317247,6.8067837,7.904808,6.040838,5.7729383,5.045464,4.1880527,4.741747,5.0598097
2.4862845,6.7085195,2.0871038,6.162499,3.5909657,0.41546515,5.832988,4.596914,6.1250877,2.6061757,4.9358015,2.5296059
-1.4198356,11.513444,1.3909173,9.603275,-0.2577786,-6.5078206,12.470352,4.4651995,8.340899,1.2997735,8.024416,-1.4751334
10.0155735,6.730325,10.088745,4.2466855,4.3872566,13.369332,15.411785,12.084317,1.1985841,10.93303,5.023451,13.524564
13.878957,-0.9579003,15.450974,-13.0926285,7.6460066,27.897457,-6.9633317,7.7826896,-5.4843335,16.514288,1.9283092,16.676863
6.3524876,4.0895476,6.840331,4.684282,6.6512065,7.063321,5.4730763,4.8855586,4.55757,5.966812,4.275559,8.197985
10.246473,0.39667225,8.642558,-5.468378,7.3675947,19.42704,-2.3612952,6.1204453,-2.2259617,9.358039,2.3210328,12.561176
2.6866434,1.5943632,4.2931495,5.710821,4.630869,-2.4872558,4.6134753,-0.88378733,6.1558332,2.1258874,3.6521957,1.973205
15.738674,-2.1401856,14.201748,-7.3236628,8.664414,31.709076,-3.3595889,12.997726,-4.278034,13.353168,-1.8366168,19.148106
0.6234837,12.091471,-0.9987442,19.302197,4.261632,-18.277702,10.641891,4.0367675,14.662067,-3.0695531,8.600223,-7.0137115
4.600414,3.895395,0.12223913,7.245676,4.281126,8.4912195,7.590178,10.504173,2.0991414,3.2612138,0.14287807,3.4376273
11.354941,-0.84596735,11.879588,-7.095485,7.4594975,18.882977,-3.8378968,5.1578135,-1.4161983,10.129577,3.9232726,14.024021
6.3990383,7.103407,4.8936124,14.329572,8.936326,-6.0547915,9.079136,3.6918092,10.736073,1.5531218,8.925874,0.52944523
-1.8232741,14.630257,-3.1649146,14.919157,-1.88206,-7.305237,8.530543,9.916634,6.1574283,-0.18271202,7.4279127,-3.726667
9.847762,-1.0105389,9.509491,-1.6737875,7.9638395,13.545551,1.2421294,3.772071,1.110701,6.968537,2.9241872,10.846118
0.7359885,7.483493,-1.6760954,9.635766,1.8187406,-4.5625305,6.7712374,4.436436,5.999533,-0.14220062,5.418763,-1.7295622
12.105316,4.9472866,11.967692,1.6888686,12.3502,14.995975,2.7609758,6.606769,7.3684473,10.631303,12.429691,14.02963
0.80550146,7.666604,2.4691894,7.5177455,1.7906406,-1.3748548,8.34334,2.5585833,7.035378,2.6040962,5.7233105,2.2411108
1.7949653,4.0639086,3.798621,1.0535622,0.7359514,4.2430434,3.296795,3.141044,3.5950274,3.0276291,3.1712976,4.3741965
-0.33369306,6.472264,2.9299476,9.172074,2.217794,-6.510528,7.9341655,0.7341985,7.5811195,0.6055035,4.763239,-0.8788834
0.012014532,5.469723,4.822236,6.347493,2.1484737,-4.924776,6.7027693,-1.5275544,8.165606,1.4350306,4.051817,-0.50129616
17.152061,1.5802327,12.164798,4.869707,13.859436,22.315907,1.6808974,12.993756,2.7470143,10.397737,2.159002,15.891948
6.320677,5.0771465,4.859021,7.077881,6.613899,6.7573895,4.6660275,6.740328,5.9918184,4.949475,5.174851,6.6694913
-0.012263398,4.4267893,3.8090298,4.845551,2.647726,-2.489061,7.078246,-0.35897097,6.70538,1.9866066,5.591246,1.5662082
7.6543694,-0.9315561,11.916335,-6.588174,5.525281,11.918939,-1.2291106,-0.85837257,-0.30659,8.717816,2.2005966,8.8582325
5.2891436,11.31923,1.928753,17.311401,6.417335,-5.427015,17.062143,10.884305,10.677057,2.7059886,8.652343,0.79426116
9.293485,-4.077053,9.405294,-5.9199767,2.8691473,21.545603,1.31998,8.016991,-6.067003,9.007529,-1.9159298,15.357788
3.353308,7.7110415,1.2840203,9.40173,5.079213,0.26501402,5.2659683,6.7655525,7.783804,2.5155473,6.9511294,1.1418132
2.8247066,10.879257,-3.0433185,22.963165,7.879182,-12.373637,15.974857,6.5902877,16.486706,-1.2611434,10.299648,-2.171705
6.713078,1.5221864,2.0927486,9.821431,6.646159,-0.29586476,5.203745,7.137713,6.5297217,-1.065147,4.4655147,2.8641117
5.6633263,-0.21334253,4.103785,0.31570306,3.1376126,8.924331,1.2506758,5.3136067,-0.5929698,4.9210563,0.89353824,6.1254473
2.0138874,4.4135776,2.2301698,7.121595,2.6662176,-3.148841,4.696726,1.2946159,6.2067504,-0.0983971,4.8744698,0.58648103
3.6538055,10.511914,3.3572137,9.666236,5.037605,0.80297595,9.49899,7.1761813,7.573798,4.2971487,8.339731,2.5048783
13.830766,0.40039194,9.948859,8.9656515,12.162672,16.57924,9.088632,11.07385,5.47469,8.3224325,2.1078515,13.699892
0.56185526,10.1246195,5.7664795,8.239944,2.350427,-1.970231,8.517126,0.84919447,8.927083,4.6363335,9.984594,0.9522261
1.464535,11.0585985,0.9292919,9.801686,2.9700665,-3.5349262,6.701527,5.706916,7.544857,0.54811734,8.911974,-1.6340067
0.5107157,18.709942,-5.6923385,42.467743,11.906241,-32.864937,30.25372,5.0734324,29.518393,-8.597113,18.268358,-9.8673
9.671649,10.208951,6.6674833,15.139008,12.203933,-3.0075269,14.177923,8.857292,14.41219,1.438639,13.832406,4.626698
2.6475818,9.698385,-0.36953813,12.982016,3.0769417,-2.5397947,11.307084,8.249322,7.105656,0.6043598,6.049159,0.84149855
5.9465275,1.7239559,5.229574,-1.7560284,4.2381935,10.692122,0.61949897,4.4218273,-0.18880916,6.559447,2.6040576,6.4856324
3.3336103,3.7954245,1.9916139,8.37571,3.5835717,-1.2249457,7.161629,4.505786,4.716411,0.897829,2.6951337,1.2716534
5.2793903,1.3202838,5.25488,-0.38013878,2.4630764,10.214806,0.83608186,6.8269506,-0.80237377,5.8733845,1.3977488,6.9815135
3.996096,8.383652,9.032584,6.030891,5.5220447,1.8058846,9.833301,3.2616594,9.634767,6.714984,8.126267,5.165745
2.9892747,6.2703724,1.2337358,13.938636,3.2935958,-8.325064,12.622017,2.7626314,10.341199,-0.41368315,6.227667,0.6440237
4.918689,16.235903,5.6644154,19.74806,7.267372,-8.967493,13.268769,7.0651894,18.421988,0.5462326,15.715456,0.16173398
6.2799873,1.0504707,9.463141,0.3300232,7.4426627,8.95981,2.4317994,-1.1012102,5.0550427,9.115367,4.420964,8.438633
6.3685336,4.202211,6.6202636,-1.4096841,3.9125607,12.701766,2.3471923,8.523204,-0.1334861,6.4528623,2.2545986,6.9535623
12.365541,8.879899,10.788655,17.765568,13.562494,4.4843802,12.093789,6.9194036,15.440721,6.9876056,9.490948,9.605909
6.6814284,4.1282988,7.6727,0.30058432,4.0957527,16.159834,5.7451324,8.298495,-1.206254,9.4303255,3.1255856,11.717624
8.27469,4.370297,4.9746966,14.303175,9.930082,-4.903902,10.155767,3.9069033,13.453591,0.4812175,8.653779,4.532192
1.958034,4.9769206,3.5563533,7.9764676,3.2439137,-3.5342336,5.530932,1.1789902,8.060199,1.4064864,5.9855757,1.4183017
1.7577295,7.225027,0.24199025,8.29841,0.2556421,-2.2170208,7.0544014,8.739159,5.2948813,-2.0929186,6.292544,0.34904924
18.118355,2.9107628,15.542199,-6.7419643,11.513633,30.163822,-2.9652624,14.347187,-0.16312121,15.717876,6.520001,20.137524
6.7868757,0.82390445,8.835751,3.2379699,6.314121,8.455525,5.2117743,1.9241699,3.4427607,6.7769938,2.3303504,7.6410704
3.3269155,2.875007,6.0081406,0.5956506,4.007691,3.0641277,1.0576785,-0.96432906,3.2216358,6.7561965,4.0368304,4.4212813
6.8857164,-0.8991876,6.111444,-0.5253466,7.3506994,8.0573435,-2.0766702,1.5697503,2.9731374,4.979552,2.462288,8.101272
6.021934,7.6545296,3.119045,4.8806257,5.5555153,6.1823153,6.1395583,8.630243,3.8418946,4.8677034,6.2285314,4.3955793
6.240681,1.4024531,6.042329,7.7651067,6.5574017,5.543742,7.1695037,2.46349,5.1895294,5.7520638,2.400969,7.9491696
2.0592165,3.936453,1.799285,7.106435,2.9257495,-2.3913264,5.2702913,2.0010402,5.257754,1.0270717,4.022557,0.5593092
2.581961,8.717138,3.804389,10.850635,5.2635655,-2.4449425,8.789745,3.5261297,10.264716,3.1046016,7.3438644,2.0310955
-1.8275669,11.368318,-3.1368377,26.09145,5.441539,-19.661583,16.060225,1.8520432,20.085278,-4.003464,9.866397,-4.457174
-2.932364,10.406924,-3.6161098,17.296442,1.995614,-17.288956,14.198071,2.9450128,10.741252,-1.5541097,7.566655,-6.684686
1.7241144,13.265459,5.296324,16.100975,3.6636388,-6.2782974,15.376455,4.9290185,11.020197,4.0336742,9.010413,-0.3732071
6.231281,1.9744883,5.666985,0.5832262,4.904748,6.3408594,1.184387,2.9088044,3.2642295,4.909481,4.3664913,7.2219763
6.505829,5.599044,8.580771,2.0108097,7.6529164,8.953844,6.1942806,4.140615,5.212851,9.554085,5.9345827,6.9346466
10.3758,5.7632475,9.685569,8.929879,8.708917,11.470342,9.340578,12.231417,6.699823,7.8399944,5.625353,11.21404
5.3795896,5.0687394,2.5028944,6.749151,4.0533237,4.3611646,6.656391,9.561222,2.3365457,3.5298529,3.2391279,4.643368
1.6126962,5.4058075,3.5528562,8.596112,3.4450526,-2.2013836,6.3491864,1.999869,6.669221,2.1889727,4.7131634,1.4775127
5.0724163,6.0504756,6.1274524,6.9314237,5.4238586,1.835522,5.4622974,3.8165646,5.5319533,5.2736034,4.692821,2.555177
-1.0966482,6.8492866,-1.8060496,14.451407,1.3009251,-11.6131115,10.559629,0.99777055,9.138979,-2.4892437,5.7249355,-3.3235595
8.419319,2.1289496,7.794078,-6.354729,5.90059,19.54618,-3.1440473,7.859735,-2.315608,7.341078,1.6365318,9.049664
7.7935276,4.9190545,9.594139,3.3198073,6.141961,12.192885,5.0243454,8.014353,3.9248042,8.64943,4.1069584,9.793617
10.116527,-0.5407667,13.517278,-1.9192343,7.198879,16.60793,0.8118892,3.8919022,1.3814397,10.132342,3.5415916,13.117145
9.929416,-0.76424205,9.692807,-7.486707,5.1664257,20.02007,-2.975402,5.2936277,-3.923011,9.799368,0.6721822,11.117103
0.66628546,5.707903,1.8681887,9.09758,1.9361554,-2.601442,5.3342166,2.9043226,6.646406,1.3014972,4.3355646,1.6275027
7.632126,11.431515,3.2867148,8.840519,7.852639,5.239256,7.639278,12.728046,5.6165032,5.374865,10.17106,4.1499887
3.6706333,4.9728775,3.5997376,1.832512,3.2176,3.9281256,0.83048713,5.9205456,2.9481466,2.170855,5.83749,1.8133337
9.084679,3.2966766,9.346469,-0.94130385,7.818719,15.3572035,1.2446455,6.8421264,2.1157775,9.006738,4.930961,10.354041
5.5770507,4.17041,4.6736307,2.578958,2.8107126,5.9950757,3.3876915,7.0769906,3.4173896,2.9862268,6.8769608,6.6835184
8.254609,1.6928967,5.1246767,5.226836,3.8186584,6.966875,3.5053952,8.203435,1.3296562,3.2824066,2.4256697,6.200524
6.2675467,4.588759,6.096206,7.4966497,6.2536726,2.7811007,5.5631065,4.008873,7.8470645,3.5868714,5.2945776,5.73772
7.659961,17.621634,-1.5449568,24.737648,7.6059866,-7.02788,20.143879,18.22351,13.750395,-2.4869857,14.980129,-0.36998898
-0.30706736,9.122043,-2.7740524,13.401868,0.76257354,-6.3432946,9.2631645,6.5775433,6.7694197,-0.4888763,4.7105184,-2.1820242
11.763063,0.074995995,9.616272,-7.732671,7.040495,23.386011,-1.7297616,9.057212,-4.7717915,10.685285,0.053966522,14.860949
15.259215,6.918387,8.9553175,16.044493,18.318666,6.5648937,10.452876,11.856798,13.632553,8.275358,10.538028,9.112789
5.1510706,6.190667,5.873436,-0.41013795,2.6493092,7.782217,0.82347864,6.145111,-1.0363433,7.738605,3.3425674,4.3109684
8.317845,8.039412,8.313337,13.847409,10.292857,2.3419242,12.676309,6.1392393,12.898006,6.6385417,10.251695,8.79774
11.679318,-2.1424763,14.870803,-3.7514765,8.352583,22.857138,2.1979344,4.70042,-1.2479022,13.119896,0.6893504,15.804121
8.924159,-0.11829656,13.972748,2.2120209,11.0836735,4.2659383,-0.9207334,-5.671529,12.545245,7.956631,8.316989,9.179433
5.223802,15.060064,1.9502847,21.327087,5.7439585,-1.7834017,16.231321,16.169231,13.696992,3.8885853,10.774362,4.5705056
10.081873,1.7068667,12.728771,-4.8140087,8.108086,16.103882,0.040274173,3.7247057,2.8163137,12.649218,4.6415825,13.336882
6.943325,6.9540315,4.079596,2.7322977,4.979068,12.642402,6.1151123,12.817586,2.0695434,6.241207,5.8278427,8.352623
6.7548795,7.0844703,8.660461,9.548998,6.889229,8.573737,14.540639,6.2071395,6.2938447,9.910506,6.1307335,10.510604
6.193942,7.6997194,5.698717,13.112807,6.721441,-1.1441458,10.753995,6.792098,9.983889,3.8608143,7.3142867,4.5884333
-0.5315584,19.974571,-4.939381,35.635002,7.459319,-24.328564,24.212154,7.474324,24.369137,-3.725597,16.545822,-7.984339
2.784409,6.8842187,1.7848113,10.02892,3.8915892,-2.7223625,7.3299503,4.943845,8.092383,0.9354388,6.67061,1.4530036
6.331717,7.413971,8.473635,16.256874,9.142061,-3.8998632,10.386574,0.8474384,14.911598,4.99932,8.765571,6.3679404
3.0071895,2.9212453,4.082607,-0.5019874,2.5892417,2.1623297,-0.6134948,1.3641407,3.697013,1.6299928,4.1560493,1.2636594
6.129392,9.689853,6.228471,16.393211,8.732513,1.271487,11.298679,6.9926815,10.893527,7.208235,8.155805,5.280773
5.0074534,4.36425,3.470237,12.0567875,5.581506,0.73376197,9.492453,6.4282675,6.461867,1.0734477,2.4870317,2.7802372
5.169743,3.963046,5.0838227,6.8366356,6.5071535,2.0463908,4.7349825,2.9162242,6.3046775,4.185509,5.337838,4.8908415
11.993761,5.26986,12.655938,13.388228,14.565993,0.18870966,11.987377,4.514303,14.940192,7.8717127,11.0210705,9.81863
3.1870897,3.2105296,4.4357257,0.87274003,2.1193445,3.6656444,1.8797051,2.8212552,2.4561324,2.3825912,3.1702855,2.8751667
8.773334,0.63537437,8.088213,10.4973755,11.078218,-1.8867794,3.4992287,-1.3898889,12.213296,1.7585353,3.8558705,5.5343213
5.6683245,4.1389847,5.194642,11.334371,6.96802,0.46144012,9.647107,3.0071964,9.993766,3.7780318,5.407507,5.733966
4.8215375,1.3014601,6.863885,3.6023114,5.5295677,3.8413322,3.1511004,0.24255101,5.051212,5.8755608,2.0076582,5.4722366
6.1451197,-0.047430485,5.286063,-0.10232803,5.0743995,6.3606706,-0.75799465,1.8934674,2.6103501,3.7694342,3.2805183,5.6180434
3.880585,5.775492,3.9639888,9.215073,4.5579,-0.12429672,7.4009705,5.2963505,7.66898,2.4220603,6.1711035,3.737857
6.122234,2.4287376,2.1031744,1.5063343,4.4263864,7.429567,-0.22786072,7.1410875,1.544173,2.3496132,3.067962,5.3634543
-0.46384534,12.145117,6.696816,19.890276,5.187483,-15.033395,16.714394,-0.9189545,19.789188,1.310501,11.665016,0.5236734
1.7147657,9.872553,1.5051123,7.6450334,3.948141,1.0317613,8.651497,5.759552,7.565341,4.47502,6.3768263,1.189685
5.7183948,9.547013,4.8009076,14.882396,9.853014,-1.9144802,9.817233,5.523959,13.525921,3.056657,10.388419,3.5616822
8.025735,0.39934418,11.472643,-1.8110616,6.499673,12.382244,4.1445737,1.740423,4.618678,10.128232,3.04929,12.047586
12.4411745,5.3686776,10.682436,10.994644,11.040134,9.73591,8.688135,12.498648,8.2781515,5.177547,7.8346868,9.222672
9.411919,2.8734548,10.689456,4.737006,8.703191,6.861782,7.7769184,2.205465,9.348443,6.824703,8.077372,9.702137
6.1332674,-2.4818633,11.712691,-5.107997,6.4810724,13.487107,0.04323503,-1.1752832,-1.5704925,12.489605,-1.7569578,9.466546
6.9232965,-0.2292869,5.4332395,3.3125029,6.217531,3.891873,1.1594468,3.6882954,4.356644,0.912488,2.2568278,4.878418
8.3820095,6.2938733,7.534454,7.9313607,5.3412437,7.674931,6.5384545,9.938589,4.718601,6.5332613,8.403654,7.9282374
3.3602357,9.413607,1.4690745,10.857282,5.4901304,-2.0815694,9.186685,7.4915967,9.294686,2.5787616,7.4711256,0.8892672
12.429829,2.3074138,9.893947,0.4107742,7.7403464,20.121878,2.7495668,12.866908,-1.1643271,8.580364,-0.48861316,12.285171
5.499675,0.95310766,6.5859847,-2.5453491,2.7255013,10.718222,-0.5712419,5.982796,-1.4087092,5.7640305,1.0785732,6.7609124
4.292527,9.864825,0.17343687,16.670279,5.87346,-4.3195624,12.5198555,9.664464,9.915883,0.42574334,8.686632,-0.07218958
1.7639661,3.1119628,4.0328207,-2.155294,0.21637653,8.923286,4.0812182,3.2571838,0.19151615,5.467225,2.1355479,6.8428445
5.8714943,8.041712,5.899001,6.7011414,6.978233,3.1010587,7.535607,5.504537,7.7051044,5.4322815,8.176134,4.3174744
11.512715,5.039202,4.790689,2.5925772,7.584728,14.761625,0.0062249885,13.9675,-0.25676978,5.5352035,4.355972,7.473776
8.57911,5.030564,8.139491,3.9705281,4.850894,14.223348,6.3995194,11.473264,1.6338493,8.518919,3.0606313,10.423393
4.838394,5.5141273,2.046009,7.088754,4.9526663,4.305983,7.794933,6.1003857,5.5117216,2.8826292,5.381574,5.216021
6.211792,4.4354243,3.3589888,6.2519035,5.0453773,8.1568365,3.8609335,10.221302,3.2310224,3.4799552,2.9094512,5.476023
4.130571,9.149981,1.0257196,7.42716,3.4404318,7.742867,1.9774349,11.143764,0.6161456,4.4922566,2.9645443,0.6386409
6.3844213,10.236877,-0.21629778,17.197958,8.331957,-1.2766658,10.563816,13.1274185,10.266599,0.64722097,7.228611,-0.2519504
3.9379497,4.0317492,4.0691195,3.4790876,4.191327,5.4257145,6.0594773,5.032979,4.051285,3.2882228,4.0440826,5.0737357
5.4344773,1.6265737,4.044104,-1.9913278,2.3622708,11.027531,1.5549635,7.755743,-2.3026996,5.076677,0.8288423,7.2905974
2.6761749,4.10858,6.5162964,3.6021366,4.135623,1.3564768,5.8608513,0.8521324,7.2762976,3.8626564,5.5382504,4.48689
9.8364725,4.5330634,4.122563,6.7033935,7.5616755,11.610927,4.1962595,12.579646,4.4186797,2.268899,3.7089655,7.439159
-2.8071141,13.748898,-3.331492,20.42232,2.2074356,-18.870293,16.316704,2.9400032,16.776655,-3.2379742,11.192572,-4.717035
-0.024484111,6.7964425,-2.0081642,12.661552,3.2967641,-10.205807,9.437717,3.468315,10.746964,-2.0143492,6.418625,-1.8131697
0.08717307,14.483365,0.84957415,17.048588,1.5502282,-3.6080923,13.068793,6.7291813,12.9168005,3.359758,8.7264185,3.3050847
0.9343313,8.595554,2.9536433,20.024368,6.198575,-13.315899,14.320703,-0.3837756,15.985406,-1.769163,9.217268,-1.6446561
8.958174,1.6253008,8.180809,3.4117694,7.2924147,11.854464,3.6595383,7.876449,2.7129614,5.8112035,2.410635,8.785972
3.2797554,14.399638,0.6773509,17.46772,5.4964275,-6.5340347,12.148314,10.155324,11.671853,0.7222861,10.454234,-1.3881646
3.516026,7.5962567,4.5859685,6.3450127,4.032507,3.0673864,4.693854,6.777203,5.814193,3.4512722,7.1306405,2.9950502
10.194885,-1.2585425,13.328489,-3.404169,8.07382,12.957141,0.68499374,2.554267,2.442166,10.182189,5.4101133,14.012424
8.909805,3.4307654,6.4596496,5.998939,7.916017,10.344198,2.830647,8.462531,4.933758,5.089284,3.6679802,8.264601
5.24579,8.0004015,5.0942235,15.048638,7.7993827,-5.3029203,10.221748,2.4102337,12.10356,3.8487136,7.5065265,2.5490391
-1.8983811,13.279864,-5.783325,20.072428,3.01767,-10.316177,12.6946,7.3211637,13.605356,-3.4294145,10.530506,-3.5769308
4.57123,3.4948006,3.4027853,6.608006,4.4856873,3.249695,6.266331,5.813565,4.707888,2.6584835,2.1067455,3.25506
0.74400425,5.687707,0.22972201,6.5694265,0.9460082,-0.0047734003,5.6479406,5.1482477,4.13072,2.3047237,2.764504,1.0085607
-3.7986472,14.755541,-0.7318379,21.164474,1.1572064,-16.990335,17.247229,2.7102518,15.175664,-1.7565433,12.1318865,-5.039809
1.7594604,5.600429,3.5654416,10.579611,2.0840838,-4.6424503,8.003773,1.3968217,7.614522,1.6749132,6.101653,1.229157
2.2752247,3.0538428,0.9785286,2.455882,2.822345,2.613692,0.7940301,4.3505173,2.6190245,1.0500692,3.0789096,-0.30007434
8.762113,5.0946765,6.2854,0.74268764,8.581606,13.305271,1.5331345,7.846488,3.6781437,8.815095,5.5848866,8.67898
6.579775,0.88191766,7.830083,-1.1165707,4.0342274,14.423057,0.75931567,5.746402,-0.8393672,7.8414216,0.9879212,9.92245
10.850926,5.230347,9.797963,4.914183,9.782561,9.455965,2.900606,7.026753,5.3453455,8.345004,6.508254,7.065339
12.181091,8.302475,13.182643,-2.6660032,8.153585,26.190279,8.755974,13.520579,0.5708486,17.755829,6.609608,17.656885
3.5812683,5.7033634,-0.3275166,9.375506,5.560066,-0.67832524,6.464362,6.3190327,7.3662524,0.20235035,6.318225,1.5384996
1.9678215,11.103187,4.761939,16.973927,8.734471,-12.478039,13.060552,1.3722533,16.663765,2.7611377,12.368256,-0.3027598
-1.201108,3.2165787,-2.3295045,5.9016147,0.34627858,-4.8757334,3.6864195,2.29829,3.4623687,-0.92845315,1.9420313,-1.9807899
7.9118824,8.767045,5.530062,7.543606,7.445827,7.692824,7.1639028,10.7923355,5.1484556,7.830445,6.3351874,5.4440284
7.310997,7.0345106,7.4883175,7.2384996,7.00776,5.340229,7.362604,6.548274,7.688038,4.9053373,6.9608536,6.0743856
7.4439635,-2.7472875,10.154278,-6.3404007,3.392563,15.251882,-0.43246254,3.5386088,-4.312875,9.4290285,-0.57123816,10.909163
8.154771,4.79164,2.2512128,7.068525,7.699548,2.1957455,7.119549,10.650178,4.716143,1.8566089,4.3928733,2.010219
-1.8571349,13.442505,-4.6864204,10.105712,-1.6211511,-5.9289885,6.6983447,9.461346,5.8083215,-2.0689397,7.0022783,-3.8578162
7.473154,9.2018795,3.4725661,14.020713,9.373095,-1.4994898,11.701121,6.7482567,11.992462,2.2356305,9.499662,3.326263
12.921801,-0.025680434,13.6403475,-5.8188972,8.988366,23.9942,-1.7363061,9.6794815,-1.3933762,12.479212,1.8328415,12.622115
9.779276,-0.45684665,9.776097,1.2725874,7.826,12.292374,2.0133498,4.053085,2.6809132,7.5341926,2.7411804,10.951491
3.7437303,9.666511,1.7112768,12.653041,7.0654206,-3.082951,8.720247,5.3487144,9.861274,1.8416662,8.364127,0.55063057
3.0743592,8.629333,3.5709925,20.165575,6.389988,-5.2972107,13.115446,3.7343543,14.0597515,0.46936777,5.0099254,1.13394
0.13308951,13.906283,-0.57446486,21.387342,4.0312204,-14.71901,14.353429,4.381686,15.869331,-0.90716606,11.073583,-3.2377172
1.9667974,1.8006291,5.0038,3.1142237,1.3899935,0.009944851,5.7304983,-0.7403286,5.0960565,3.7805364,2.7430608,4.510509
11.190637,-2.428067,13.721467,-3.9936597,8.019181,16.836514,-0.7426568,1.8009268,1.3046778,11.488842,1.0724481,13.902283
2.4488966,5.774083,0.68689495,11.715307,3.1869507,-5.608787,8.326598,3.0188937,7.2469273,-0.20843045,4.876942,-1.2160119
9.324704,2.9899104,7.1182475,-1.9513016,6.331456,17.227282,0.21582085,9.356205,-0.44484562,9.240758,3.639765,10.94399
5.5285263,-0.39663887,7.7269955,-7.3239393,3.032373,14.674667,-1.5779853,2.8232546,-2.389368,8.283981,1.0192144,8.835593
2.854218,7.2119956,0.7153408,11.447399,5.4750304,-2.777302,8.764054,4.464356,8.73247,1.2376385,5.8845925,-0.5481556
3.5897255,2.0726738,3.5279877,-0.95774525,2.0127704,7.8384686,0.4269555,5.014277,-0.11882087,3.3492608,1.2430139,4.0485015
0.9775848,7.317062,1.3631195,6.896356,2.3132536,-1.5694822,8.730912,3.2189958,7.6537848,1.1138881,7.2343545,2.0676076
0.8711102,11.918735,-3.30917,16.525448,2.492443,-5.8717866,12.547303,8.907236,8.631279,0.06469654,6.8321767,-1.7091386
2.8506868,5.320733,1.006711,8.212282,3.8086922,0.4100642,6.13494,5.3799663,6.396906,0.9034841,3.5725968,2.3406525
7.139854,4.2003503,8.91757,4.4975843,5.2308326,9.767313,8.605642,5.5575337,3.492731,9.119183,4.7127566,9.815535
9.182348,-0.62487406,9.1316185,-4.5560865,5.953289,15.575515,0.15675263,3.8376894,0.37863305,7.8821464,4.3116355,11.314709
8.768569,1.8459563,7.839855,3.7102013,8.851727,13.6660795,4.826221,5.3579407,3.4322894,8.886048,2.711309,10.942444
4.2864103,4.542048,4.3883343,8.022514,3.582301,3.316555,6.0573897,4.7196364,5.0765195,3.6610236,2.7209115,3.939063
4.267187,8.637105,5.827487,21.14965,7.680328,-6.3765664,19.697237,3.111509,15.199824,2.699509,7.653223,2.9328058
4.397393,-1.007629,6.9950814,1.1026036,2.3442698,8.309837,1.8309238,0.8772728,0.7725975,6.187764,0.20813768,8.136466
6.249956,0.5374773,4.4741683,3.5408022,5.2236414,8.359585,3.9735785,5.456016,1.5755666,4.6459627,0.82002074,6.526204
-0.69994193,8.957282,-3.229348,13.004328,1.5974802,-7.7191277,8.901016,4.178919,8.406528,-1.5976051,6.669785,-3.6549404
7.204863,-1.8976766,8.7020855,-6.7442846,4.461021,17.29649,0.87997025,4.135606,-2.6688137,9.79413,-0.1158517,12.202337
4.0802484,9.4936905,-0.7372041,21.712008,7.198498,-11.976352,15.060091,6.819069,14.089064,-1.3541894,9.190784,-1.7852583
1.4946553,9.93191,-1.1822282,13.968922,3.1419053,-5.5715446,8.856146,6.73312,8.392782,0.4027981,8.094356,-1.2880441
2.8227706,2.2536523,4.9537096,0.95179176,3.5077927,1.6443332,2.156319,0.78917956,2.7214417,3.1211267,2.5472598,2.0998583
3.7594779,1.6150817,7.134737,-1.1703849,3.545639,6.5328126,1.5618005,1.2464952,1.2275122,5.9045568,-0.068789005,5.55798
9.273316,3.134346,7.3226333,1.8639258,8.180176,12.91085,2.0116565,7.8261776,2.5192854,6.5905924,5.3582153,8.562255
3.2171133,11.193806,0.659377,10.925245,2.879983,-0.47556794,9.124338,9.07349,7.684618,2.3698797,7.307791,1.2422527
2.113416,9.249416,8.539336,7.956504,7.5735765,-5.529342,12.049994,-4.8950143,16.485897,4.848186,12.653244,2.5938642
3.408006,6.355693,3.7620702,10.929839,4.1316323,-1.4332218,6.679137,4.333527,8.460009,0.4676681,4.9481287,1.7742195
10.180926,6.3506126,8.775094,1.4548006,9.363266,8.393194,0.72642994,6.9035597,5.947754,6.4075146,10.109106,5.7469006
-0.23577599,11.114938,2.5236757,20.152859,6.1030197,-17.27657,15.739419,-2.1372857,18.614733,-1.41503,12.89666,-3.6100917
6.1926394,4.1680965,3.1201797,6.24884,4.435657,2.8158605,3.8395646,5.391061,4.5232906,3.5538306,4.651798,5.409695
2.6791067,7.2750382,0.5252155,10.691502,4.9038944,-3.9544544,7.655633,4.3954215,9.739732,0.5805167,7.2284956,0.49113742
0.07348163,11.526621,1.7190582,12.189721,1.5289012,-3.8683486,11.043414,4.204893,9.184863,2.8409724,7.55012,0.654255
7.613952,-1.024193,7.7928176,-5.64904,3.7781007,14.042805,1.0925798,4.505914,-1.3095548,7.8645015,-0.19543546,10.305294
7.359758,4.906365,10.680264,4.914185,7.6310945,9.101624,8.873849,4.239593,8.072412,9.781,6.2720275,10.666524
2.3089187,2.6857667,6.293782,-3.5506907,2.6147108,4.172742,-0.73357314,-0.27485818,2.8003366,4.4982195,2.925964,4.7403398
6.099552,1.7818516,9.1696,12.61926,7.5443683,1.119615,12.354166,0.9054769,8.916478,5.281151,3.065847,10.018716
7.504157,2.8753731,6.9043617,4.711911,6.933548,8.35519,5.7355537,4.517973,4.759059,6.614068,4.413343,8.635205
6.424261,3.375373,4.29684,2.5326557,5.5326815,9.606619,6.1677017,7.921136,3.185504,6.034839,4.607284,7.983415
9.560477,3.6145608,6.7368464,14.994776,11.102553,1.1319078,9.466734,4.839903,13.904762,3.5166934,9.495646,8.643052
1.8775123,9.556578,3.9976645,15.360554,4.767431,-10.704686,11.283369,1.9616205,13.0316305,1.0278436,8.462191,-1.3742219
-0.5102432,9.380242,-2.1523552,7.677658,-0.24813154,-2.7860188,7.63537,6.5634017,3.6618254,0.6973045,3.0264816,-2.2434163
3.3715136,8.856043,4.590164,4.796639,3.6793842,7.02437,5.0430355,7.988633,2.496585,9.434819,5.2233872,3.5965567
11.038173,5.2406116,12.466995,3.7981658,8.7589,14.067149,7.931087,8.162536,6.0905733,9.369206,8.711938,12.408576
3.7219963,5.8617945,1.1163105,5.9776134,4.6890965,-1.0467283,4.0297627,5.218862,5.1133504,-1.6455203,6.8249054,-0.8308915
7.633992,3.4303544,13.031609,5.6296897,10.126972,10.167275,7.0488396,1.922632,10.615905,11.706038,6.6279173,12.258903
6.7983437,0.25116256,10.062543,-0.93916607,5.465792,9.976957,4.041903,1.2827022,2.7955525,9.624559,2.8233624,9.598335
9.286404,2.811599,9.858883,-7.5514817,4.6480846,17.566364,-2.2603748,7.8372197,-2.822614,10.100995,1.6654843,10.326639
10.164925,4.73964,6.9257827,9.50905,8.402839,9.901171,9.361994,12.433266,2.8472946,8.423104,4.34967,8.572159
10.442905,2.3451793,7.9252725,5.2848597,5.6210666,15.789388,3.4489517,12.129651,0.6546755,6.8086696,0.8918867,10.671535
-0.13063698,8.16514,-2.633302,8.803207,-1.751847,-0.19267969,5.4999485,9.627263,3.6206796,0.32289836,3.672195,-0.75830346
2.1108847,2.602582,2.923913,4.0767565,1.9485205,0.60300577,4.0318303,0.573316,3.0977294,3.329277,2.1060717,2.3638937
1.4561417,12.426202,2.8464627,19.490984,6.6135235,-8.2311325,14.941189,5.4195685,15.429158,0.38621014,11.476848,-1.5489876
10.574518,4.3251133,10.285024,2.1646037,10.057494,11.478533,4.4604793,6.9587092,5.423558,8.687008,7.9117513,9.713156
2.0601425,5.560842,-0.22509927,15.047799,2.2267435,-5.1909356,11.440864,5.3591285,6.2951283,-1.0492107,2.586898,-1.4688555
4.4302564,3.2699802,1.1439439,2.6939557,2.5722895,6.066725,1.4825954,8.028383,0.017433785,2.859925,1.2416235,2.4880183
-0.4453626,5.997741,-1.1047776,6.6672573,0.5459626,-3.5963216,4.498471,3.1098056,4.4553146,0.23233315,3.1969395,-1.5751228
1.3166165,6.2450895,3.382994,-0.14578886,-0.7494723,7.8319445,2.101039,6.2208405,0.5605412,4.359271,3.4986596,3.1934073
-0.7562465,11.109182,0.60741144,15.5609045,3.4104548,-9.083389,14.525016,3.4996963,12.664293,0.8006602,7.7197027,-1.5893421
12.628004,4.6845613,12.169397,-2.079849,9.20401,21.527077,6.293216,11.574894,1.8202608,13.29437,5.573981,16.026127
-3.1908615,13.025593,-9.253915,21.341635,0.7644695,-16.491066,12.694141,7.7274036,9.370195,-5.5309896,5.9722195,-9.761539
0.6287644,9.951485,0.0443928,5.874793,1.5566642,0.72536254,7.8204184,5.1627254,5.3272824,4.3998423,4.8138885,1.6501
12.669576,1.2457116,10.414769,-0.5653508,10.677944,25.106678,2.404917,12.4133835,-1.1636164,14.415367,2.3197505,14.9432335
1.6656698,2.163839,5.0164914,1.6642619,1.287604,5.380985,2.0834594,2.061878,2.5801957,4.0036,1.5496736,5.3796167
10.493189,-0.88105875,9.467763,2.380461,5.2953615,17.185501,5.0899434,9.142569,-2.1656623,8.269996,-1.1491218,11.403855
2.0810437,2.2243767,5.381397,-0.2654077,-0.040789757,4.8726716,0.83810824,2.4139955,0.34455654,4.2042813,3.0479064,4.281357
-0.27756056,12.557692,0.15050952,12.605283,-0.057674248,-2.0753772,11.415138,7.6926827,7.60455,4.332953,5.549699,2.1909719
4.6431565,2.0201168,6.3331475,4.581391,3.4422524,4.5126777,4.8632216,2.9087603,2.8787003,3.2615545,1.6925511,5.1090784
6.096743,2.6878157,4.8586755,8.037067,6.7907195,4.5654635,8.879475,4.607696,5.6407194,3.6362782,3.4294415,5.553267
5.082257,3.0065157,12.017159,9.4651375,7.88935,1.7642097,9.796754,-3.2298288,8.269758,11.690303,6.082946,7.7796245
-3.3382814,10.912446,1.1433126,18.865005,-0.051162403,-15.50821,12.711645,-1.5964905,13.50216,-1.6745025,8.046164,-4.3551345
7.940274,0.70981586,9.219473,2.1047437,6.319069,11.595707,7.317276,5.1825686,2.3770432,8.3824625,3.0460978,11.650637
3.4649847,12.295783,1.8101623,20.758766,7.9166455,-12.261907,12.769011,4.394687,17.695738,-1.5177181,11.519231,-0.5642903
2.0713873,9.074012,1.8680856,10.214578,1.5285461,-2.079571,9.367634,8.455537,6.971823,1.5864825,6.6104655,1.3323886
0.8549629,5.8324947,3.0716352,10.860886,3.9590747,-7.1849046,7.7291636,0.33709127,10.329826,-0.5073933,7.40281,0.2824064
9.15763,7.6577797,7.18467,6.4830265,9.195309,13.367712,8.731435,9.909472,6.224885,8.292359,6.0016713,10.073272
10.31408,3.6306458,8.889959,9.5409355,9.897546,8.920981,3.3982725,4.834651,9.382174,5.618454,8.830822,10.985011
0.35339785,11.643869,4.433751,14.3816,4.2181444,-7.8680596,12.964107,1.676434,12.640108,1.9771807,10.277768,-1.9060006
6.2686725,1.348235,5.063093,1.9432745,5.8833327,8.238312,2.0397897,4.6945863,2.6828206,4.769887,3.2660446,6.858031
0.20029888,19.590637,-5.762183,28.94948,6.3133917,-17.808167,20.274174,9.309299,20.399998,-4.3053026,16.513632,-6.381283
9.782751,3.6180463,10.06562,2.1950443,8.857203,12.035948,3.303751,7.2346473,4.751257,7.920077,5.9234915,9.244974
2.0878727,4.9556174,2.6882834,6.180025,2.0100436,0.08141857,5.9211187,3.6482272,6.1099715,1.9189105,5.6556325,3.9201157
4.6694927,4.11708,3.0708966,7.761147,5.1306067,1.3985109,5.272815,6.2137537,5.6652036,1.5772462,3.9181411,3.03544
1.978073,0.44125837,3.1336648,-4.562235,-1.1680086,10.1181345,-0.52870816,3.2091017,-2.811222,4.685876,-0.3357939,5.4496894
7.9287558,-0.16732678,7.0937185,-0.8375922,7.226829,11.242515,0.47441903,4.7674613,0.9593865,6.342443,2.0652826,9.03527
5.055454,4.6493144,11.812074,3.8347757,10.904921,0.8480613,5.175523,-3.461302,10.63852,6.578597,6.7741303,5.4305835
-0.94501764,12.06967,0.34431615,13.828429,2.0494893,-10.407035,11.048592,2.9513254,12.287225,-0.8675812,10.40079,-3.7684872
1.0794897,7.8492994,0.16705517,5.8461757,-0.42227098,-0.09273024,7.6077724,5.5707808,5.110412,0.83628136,6.1845107,2.6341639
7.9628572,2.374559,9.050167,4.6204934,8.375025,8.839626,6.3042336,3.15271,4.5597463,7.9716473,4.2506876,7.8761005
3.898531,0.4140199,2.251946,1.3257314,2.768519,7.058057,1.0799117,5.023775,0.9269792,3.2781692,0.5619165,5.599068
0.16977619,10.603963,1.5005074,23.147093,5.6910443,-17.137804,15.359956,0.23492073,15.6155,-0.9903991,7.070258,-4.5769553
10.755322,4.686597,8.986104,0.5345555,9.545253,18.610006,0.70872504,10.756159,1.9120084,10.37696,4.6077666,10.884473
4.636421,11.439652,3.6336026,17.083076,7.818866,-3.1121554,12.577992,6.226287,13.181375,3.3891196,9.702939,2.7628841
1.7866906,9.287123,1.7835714,16.523048,6.211652,-9.984945,10.745813,2.461136,14.016947,-0.4406413,9.435541,-0.98799884
0.6862696,11.115935,2.0736766,16.135324,4.4623146,-9.862819,13.026024,3.6986256,13.078427,0.81738836,8.711442,-1.5505553
2.4577165,5.705409,0.6737621,10.041935,3.622028,-0.46300554,8.790162,6.057353,5.9717546,1.7414572,2.864308,1.0914638
2.995456,15.10485,4.014547,29.412615,8.163601,-19.081944,22.385927,2.764712,22.06645,-2.5953429,15.144325,-3.557192
5.696693,19.728395,1.7947038,24.526854,5.8189,1.8214916,19.549946,19.859152,9.65686,10.426685,7.1697984,3.6656353
7.175618,2.8119943,7.2929683,-3.9405177,4.699361,13.339126,-0.23609765,5.315507,1.3002175,7.271187,3.7458487,8.896136
-2.018252,6.464689,2.57759,14.243761,2.4543564,-12.236008,10.119447,-4.9734488,11.443008,0.36920893,6.4793386,-2.501163
7.635523,2.4170372,5.039448,0.81859356,6.741582,9.134651,2.5280278,6.3274727,2.3289514,3.6789608,4.4202104,6.3240128
9.935087,1.4566865,9.825289,-2.8171813,7.7770586,15.494665,2.8906405,5.5128856,0.34537676,10.485873,2.5118313,11.622207
9.480558,4.2399497,5.610601,3.8907354,12.376572,10.927767,1.1922259,7.404174,7.493871,6.684246,7.68177,9.114607
1.7605834,9.431861,-0.12129542,14.752714,4.564923,-6.250676,10.53207,4.6396356,10.1877775,1.8819714,7.387032,0.32652476
8.883711,0.65848374,12.588981,-2.5717947,9.144132,14.868123,5.647779,2.617655,3.0123105,11.405763,4.519791,13.751946
7.6712327,9.904466,4.906824,19.079561,7.865744,-3.5553334,6.929726,7.19845,14.102837,1.5060499,10.655979,1.3210704
7.649449,2.8228862,6.7980475,-0.108847104,5.810686,9.963121,0.07022718,5.5380344,1.2338958,5.50384,4.4314294,7.2060995
0.58415264,12.055415,1.2680688,18.655437,3.2938776,-9.148352,14.697935,4.692205,12.227978,0.8965935,8.860808,-1.7139244
8.554651,13.657186,11.59893,18.538343,11.69433,-2.4163036,18.155937,5.58965,15.578497,8.243078,13.589249,5.4627485
11.984548,4.389875,9.184921,1.5534416,8.375289,18.863579,3.0128462,13.270519,0.50889176,9.90729,3.3235183,10.631871
3.6200058,5.0920606,6.769076,7.0873094,6.783288,-0.60086006,8.173001,0.5033298,10.752693,4.7579045,8.499322,6.0553155
2.2648313,7.6753907,5.2421117,0.945028,0.025530059,9.134445,2.045785,8.435619,1.9861243,6.8871546,6.0256863,4.9530077
5.6995015,4.511331,8.116478,13.570454,8.124059,-10.259535,9.830779,-2.2483866,15.782959,1.0710876,10.947453,2.8874784
5.188933,6.077271,8.48505,7.99683,6.2210445,-0.9235924,4.9562974,2.5614617,8.005908,3.7410567,6.2982006,1.9116323
3.5141973,2.8164637,1.7557402,1.3807693,2.463622,5.2557917,6.2278523,4.4960494,2.1047041,5.157887,3.031311,5.517257
2.9489417,5.1145144,0.37924078,7.265229,4.1932545,-0.989346,5.4764843,5.214754,5.7352314,2.4702125,5.4333725,1.6395047
2.7435362,2.7457433,2.4076385,0.204647,0.19628328,7.492393,-1.1737436,4.9772124,-0.48886186,4.1906466,-1.4629325,3.5376751
14.929722,1.8990726,5.4281197,4.6495914,13.864428,16.808512,-0.8002267,16.186895,2.255789,2.5657368,5.3580003,7.076134
1.4072287,7.206108,-0.4990911,10.597956,1.7391864,-7.5526795,5.3582244,4.68378,5.8958683,-3.1958206,5.943242,-3.4574792
1.9957976,6.52222,-3.5875394,7.728107,0.96235675,-0.32774863,5.643812,8.188397,3.2690938,0.47415462,3.553794,1.0276836
4.8241067,7.350379,4.1918154,7.347738,5.658377,3.4455688,8.250323,5.773466,7.3690915,3.571589,8.340208,3.02045
-1.0389733,9.561773,-3.612184,18.190771,3.2872531,-16.580769,10.468842,2.5926151,12.56324,-6.252821,7.582835,-6.6463842
