8.355164,10.335688,10.988658,12.799533,9.123726,9.920438,9.403233,11.534689,12.6931505,9.886835,8.137992,7.2597923
8.92753,10.890051,9.574104,12.16529,9.269362,10.1206045,9.983283,10.625097,12.453704,10.301837,8.39746,8.275052
4.6148376,4.0404296,4.2803717,2.5589883,4.8140445,4.5803304,4.1484203,3.994489,3.1286323,4.2043095,4.9344263,4.7803683
4.9377313,4.0358872,3.8804529,3.3477068,3.9754355,3.9146366,3.833399,3.8725607,3.6201198,4.179653,4.2021537,4.814998
3.258704,2.805822,2.7241964,2.5166845,3.3664558,2.730943,3.0190582,2.5441635,2.58513,2.9300928,3.4174414,3.3036323
8.489181,9.142028,10.005308,10.442744,9.106855,9.220717,9.165759,10.170538,10.561982,9.339759,8.620993,8.463578
1.654745,2.0739012,1.2610333,0.6637556,1.8377604,1.7210925,2.0008912,1.305948,1.2721162,1.6138902,2.0304854,2.6567323
6.33942,5.2614655,6.979796,4.2497134,6.8641953,6.134085,6.2169127,5.8637977,4.6067405,6.6711326,7.272181,8.171394
6.8229766,8.405405,8.492619,10.278439,7.4606085,8.312441,8.749441,10.145482,10.997374,9.227274,8.044512,8.100623
6.061839,7.4519377,7.543883,7.536759,6.7780523,6.8537827,6.862988,7.5523987,7.5815697,7.0224147,6.18357,6.688089
3.1369631,4.139913,3.5227556,4.9930234,3.2026265,3.0298016,3.635603,4.0478745,5.141921,3.1236594,3.16609,3.0923045
3.4872932,2.529523,3.5287082,0.68355554,3.6679592,2.879355,2.8188257,2.3209207,1.0208949,3.1925008,4.292623,5.1586933
5.730478,5.3356843,6.2114396,5.3864017,6.12841,5.7896366,5.5985165,5.5461974,4.9666705,5.542418,5.9931335,5.5258574
10.707101,10.302698,10.025002,10.698357,10.217539,10.667953,10.027379,10.401791,10.509025,11.068802,10.052715,10.024614
8.75321,9.615566,10.248854,10.569448,8.97601,9.622627,9.199479,9.684129,9.759838,9.140137,8.175403,8.373885
2.6307147,2.3970776,1.5219088,0.97371817,2.5670314,1.821392,2.4541197,1.6756203,1.4609318,1.760664,3.0773072,3.045895
5.0595746,4.7928534,4.4672956,4.7994976,4.9952283,5.3696303,5.430908,5.026541,5.1943293,5.5432262,5.721332,5.5175858
0.5824484,1.2512548,1.310888,-0.7917939,1.1606021,1.0172446,0.8432054,0.5750026,-0.11111217,1.1861124,1.8375189,2.7048998
10.665308,11.594347,11.6664505,13.610077,10.971086,11.215556,11.03099,12.577303,13.283428,11.851946,10.311218,10.364835
3.5446358,3.7243247,4.620114,3.2865322,4.1154056,3.7044542,3.0402563,3.5326624,3.331701,3.8522546,3.6264641,3.8774993
1.5092373,1.3317041,0.36490628,-0.43904832,0.5244069,0.56532526,0.3216934,0.12178515,-0.44033244,0.6871848,0.79380083,1.926527
3.5085204,3.2875135,2.3566177,1.0558897,2.9599779,2.4523132,2.0502036,1.900097,1.6216527,2.0722902,3.3834503,3.5182858
5.9597273,6.1609254,5.9728527,5.3881326,6.4003015,6.4132733,6.489684,5.7814584,5.8118668,6.4230967,6.8574066,6.8598604
7.3870144,7.2828436,7.809267,7.959077,7.623228,7.637056,7.3578644,7.704363,7.594811,7.892718,7.3010454,7.2497277
7.171676,9.726069,8.9206505,12.978434,9.580553,9.6310625,10.72682,11.788066,13.916921,10.513092,8.785722,6.940818
3.2374134,3.2667067,2.4649448,1.2285725,2.6441483,2.8025122,2.5573778,1.7403406,1.2156292,2.572385,3.1760623,4.119217
7.919859,8.119503,8.252717,9.599765,7.857556,8.549466,8.327411,8.395916,8.896318,8.284357,7.8689227,7.421123
10.426323,9.814811,10.180158,9.149787,10.168419,10.164197,10.511643,9.703833,9.111107,9.770005,10.513399,10.796198
3.2424877,2.8036256,1.8273538,2.3964229,2.9952664,3.1982522,3.3367724,2.7104287,2.890198,3.5133307,3.6453817,3.4317718
2.6795769,1.6375506,1.6968734,-1.3393619,2.2193735,1.6062639,1.4108474,0.5174386,-0.48439294,1.5091441,3.1148777,3.9475415
8.468223,8.719599,8.066624,9.899962,9.092554,9.204518,9.863419,9.551694,10.410836,9.499089,9.162231,8.367505
4.8636217,5.1841655,6.90659,7.314467,5.826944,6.018586,6.1918793,6.895112,7.3224325,6.5470457,5.841806,5.574245
9.363068,8.878601,9.345622,10.09983,9.194153,9.679082,9.295897,10.043588,10.253057,9.862608,9.372905,8.891614
7.712458,7.134792,7.617807,7.993397,8.294717,8.186726,8.324458,8.031691,7.954334,8.375229,8.352342,7.6140137
2.9407644,3.1121118,2.992598,2.2610636,3.1742437,2.6252954,2.809104,2.6856909,2.6747773,2.6513014,3.2837098,3.441248
10.212787,9.237593,9.909883,9.393108,10.235319,10.243296,10.03319,9.547469,9.321242,10.430523,10.693464,10.32315
6.0732303,5.66426,6.5157394,5.0019298,6.7222667,6.1300797,6.7100024,6.132741,5.5582004,6.287626,6.8319955,6.9850974
4.809357,5.0603266,4.8049254,5.3411384,4.5819254,4.630306,4.3769727,5.209933,5.5812697,4.8726563,4.457247,4.3373575
6.6813884,6.6983333,6.7305183,7.3761516,7.162714,7.1790056,7.804347,7.3678327,7.5496635,7.275925,7.281336,7.1437078
9.38001,10.476378,10.645433,12.795246,9.529438,10.876702,10.622397,11.307,12.079879,10.497841,9.164201,8.7751665
6.8504667,5.698609,6.2726216,6.626404,7.537997,6.8878794,7.6320376,6.9196386,6.6653495,8.059624,7.969833,7.9458
9.239682,9.054809,9.872394,8.9232,9.308824,9.704096,8.662912,9.52784,9.482549,10.10452,9.820447,9.726566
6.085944,6.09174,6.303494,6.9297223,6.3609905,6.5961347,6.756338,6.9695096,6.882601,6.653498,6.4964395,5.9305654
11.058276,10.135446,10.358268,9.717449,10.521233,10.712967,10.249994,10.060261,9.987151,10.973778,10.720171,10.779949
9.604953,10.639459,11.533311,11.821854,10.441488,10.684147,10.849309,11.652899,11.809569,10.900036,10.422974,10.216883
5.009008,5.3573627,5.874642,6.5515223,5.5585237,5.8105235,6.3255997,6.69939,6.759363,6.3339095,5.6512914,5.7007294
1.4918033,2.2287269,2.2377985,2.7501442,2.0165584,2.2422097,2.9666107,3.0494857,3.0847692,2.8897133,2.330267,2.7695642
5.2365246,6.49888,6.6054044,8.026547,5.5509486,6.4579825,6.485418,7.345706,8.151219,6.3972,5.418991,5.0966268
9.043474,7.7869124,9.053975,6.383033,10.057579,9.094692,8.967648,8.086059,6.82275,8.503689,10.320213,9.275112
11.042847,11.780673,10.820825,12.179431,11.145472,12.007052,11.697383,11.393582,12.0174055,11.734584,11.041446,10.588428
6.169865,7.281324,7.2795978,9.208014,6.799207,6.984156,7.2541947,8.51488,9.394073,7.4190016,6.3141947,5.965546
9.279354,9.082327,9.525986,9.36225,9.157077,9.403605,8.885892,9.233449,8.69636,9.592367,9.065965,9.360815
9.507848,10.686323,9.833438,11.986312,9.58879,10.242655,10.925635,11.206529,11.61178,10.828687,9.254015,9.884624
7.62634,8.728448,8.553032,9.257376,8.16453,8.627553,9.059768,9.114911,9.302573,8.788201,8.161661,8.537407
9.670122,11.612019,10.533628,13.582001,9.92645,11.655661,11.552673,12.339707,13.664862,11.59093,9.686684,9.234339
10.186659,10.734695,11.094184,11.619403,10.650905,10.571768,10.76805,11.006757,11.232283,10.773134,10.086564,10.289322
6.9486856,6.034851,5.8383656,5.2452703,6.6590943,6.4465885,6.596787,5.8666787,5.5533476,6.2658806,7.0493884,7.089242
5.5995398,5.2817817,6.031762,4.754178,5.669413,5.818294,5.223799,4.830904,4.1509924,5.714928,5.5564075,6.050473
3.0931752,3.3970017,3.7788436,3.7201524,3.5426967,3.559658,3.4944658,3.6520321,3.5465932,3.7415242,3.4622228,3.6540227
4.2628956,4.4165425,4.1849194,3.406142,4.1679654,4.258262,4.0144634,3.7799108,3.8698473,4.2184777,4.527287,4.7432985
10.91968,11.392072,11.575808,12.474425,11.328882,11.404853,11.591471,11.79262,12.179167,11.343978,10.620293,10.561308
7.2360177,6.38116,7.1464124,6.4890194,7.952175,7.553909,7.9827094,7.2595243,6.721869,7.7038436,8.352193,7.8379073
7.928003,7.0929246,6.6601663,7.2761097,6.60166,7.0307026,6.6238704,6.4670167,6.512475,7.0072722,6.290992,6.8745365
5.2913704,5.7570987,6.80105,6.6499977,6.100924,6.221954,6.515989,6.464525,6.350556,6.2994547,6.179713,6.1924286
8.192938,8.583571,7.8585443,8.670079,7.890367,7.885333,7.8263283,8.353783,8.635777,8.401113,7.7431455,8.135368
3.8895328,3.7857506,2.5342424,2.5333993,2.962143,3.0793514,3.1668262,2.6092706,2.8520784,2.9266279,3.4393914,3.9209666
4.5068574,3.5597272,3.6292846,2.962357,4.1508846,3.3634202,3.4703171,3.2675445,3.0916016,3.3750787,4.0559454,4.0255303
6.123757,6.548206,5.6841025,6.621071,5.736703,6.419729,6.7825465,6.6889915,6.4301276,6.1636705,5.834839,6.349115
5.572622,5.9667673,5.8688855,6.4213467,5.8477955,6.182354,6.7027917,6.392108,6.770539,6.092047,6.1138606,6.132854
10.143531,11.009165,11.508627,12.584668,10.69197,11.711888,11.539023,12.641706,12.832817,12.192621,11.087533,10.756739
10.290262,9.36071,10.285788,9.574147,10.261973,10.657397,9.984857,9.7369175,9.207625,10.415807,10.139001,10.15232
10.307112,9.961293,9.303683,10.456677,9.78314,10.783497,11.121739,9.934029,10.351866,10.435043,10.396527,10.162402
7.532605,6.6014004,6.833536,3.1690047,7.1757417,6.78599,6.794034,5.1070566,3.7759159,6.6730065,8.450815,10.151634
9.096689,9.701509,9.911548,10.342828,9.880268,10.116127,10.457465,10.465958,10.93092,10.2660265,9.842125,9.624698
6.762174,6.2090077,5.4315286,5.5576878,5.641556,6.526053,6.103254,5.5789347,5.559649,6.689566,6.7613916,7.440786
4.995682,4.286222,4.3200045,3.2978013,4.557392,4.381963,4.1650915,3.8931093,3.5638413,4.3860006,5.016562,5.2085476
11.3168955,11.646116,11.2616415,13.841176,11.167889,12.365559,12.521248,12.83809,13.370957,12.611568,10.876307,10.566616
6.159909,5.478116,5.0160527,4.6506104,5.5321755,5.4918456,4.9788895,4.8064995,4.670445,5.3594117,5.746125,5.92951
9.265721,9.97103,10.104273,11.889842,9.839478,10.243701,10.819193,11.290882,12.4408455,11.054496,9.738815,9.52473
9.771227,10.113464,9.084934,11.317744,9.273681,10.4503765,10.786702,10.431537,11.6202,10.100486,9.340395,8.880386
8.007188,8.703908,8.276062,9.256398,8.3566675,8.505642,8.674687,8.722712,9.436636,8.548236,8.158375,7.925594
4.469353,4.0456877,3.7002335,2.2535505,3.6452236,4.1341825,3.126605,3.0918028,2.4808266,3.7561417,3.7745073,4.5463095
3.974341,4.174796,4.0424476,3.9260476,4.2318325,3.6648762,3.767524,4.1798506,4.09798,4.0025635,4.146993,4.273203
6.619575,4.6635814,5.0609474,0.4412163,5.69458,4.662597,3.7636878,2.7972863,0.92848283,3.8483493,6.2993426,7.077607
3.577938,4.359249,4.3053403,3.1096644,4.3396263,3.5110593,4.023896,3.8299375,4.069741,3.5192347,4.6893935,5.209926
6.9098854,6.190457,6.2359114,6.838529,7.322115,7.0342455,7.8368487,7.24036,7.135575,7.220042,7.7451253,7.2587543
9.03158,9.761731,10.72844,11.596762,9.160398,9.661066,9.019314,10.966373,11.007609,10.275726,8.575848,8.92613
7.472198,7.4932675,8.036175,7.8288875,7.7649193,7.2386274,7.2110415,8.322174,8.120005,7.893307,7.66763,7.644117
5.0509744,4.9433217,5.8297997,4.9615884,5.5927377,5.258076,5.6709967,5.7080503,5.2923985,5.649703,5.4424543,5.9806395
3.3974876,3.4300835,3.3639321,2.1222095,3.8015685,3.0731666,3.53644,2.8908842,2.5339108,3.1680782,4.040034,4.450525
9.68408,8.953919,10.819187,9.384971,10.341593,9.975114,9.367344,9.892716,8.371275,9.603639,9.285643,9.042463
11.383558,11.472048,11.315196,12.279785,11.640007,11.608858,11.808516,12.000355,12.628589,12.174627,11.6991415,11.546836
10.126029,12.163914,11.923546,14.202143,10.665605,10.713516,11.418819,12.90987,14.234424,10.77547,9.160031,9.296358
6.7359147,7.886427,7.7962008,9.03563,6.706538,6.9771886,6.6231556,7.76036,8.796371,6.97852,5.8629003,5.791752
10.161433,11.316202,10.940949,13.077966,10.8224125,11.973794,12.084027,12.643263,13.359704,12.116511,11.202509,10.246579
7.1229005,7.8310733,8.177975,9.809991,7.5602465,8.046148,7.924934,8.667669,9.327137,8.4539,6.967851,6.811692
7.4219694,7.342062,7.4164686,8.0468645,7.3054776,7.211771,7.453494,7.8773856,8.201184,7.290791,7.250807,7.099609
9.808522,11.595738,11.974707,14.294905,10.822123,12.3336935,12.138693,12.817017,13.988836,12.770667,11.034931,10.049906
4.90534,4.250191,3.797654,1.8535961,5.0850887,4.7103586,4.4179974,3.4311256,2.8328826,4.3471804,5.8670464,5.732225
3.294254,3.6417263,3.1166856,2.5645487,2.8623447,3.1075969,2.7479692,2.5812879,2.5126352,3.0018628,3.0439227,3.8167415
6.944121,8.113121,7.4198723,9.831716,7.3900323,7.9188366,7.985598,8.707187,9.613405,7.8541064,6.6351027,5.962294
10.334554,10.701515,10.343855,11.365298,10.141185,10.904857,10.796644,10.816882,11.184485,10.467698,9.984639,10.123552
2.8501384,1.4764782,1.2971536,-1.4907635,2.333329,1.8231217,2.0919666,0.39761275,-0.87990457,1.5071698,3.5353308,4.067632
9.519836,10.6659775,12.484,10.632968,10.7701845,11.10787,10.566427,11.2165575,11.18434,10.60874,10.632249,10.891727
2.8418136,4.323348,2.846991,4.498209,1.9795164,2.5441246,1.8533198,3.1931925,4.0693474,2.5234623,1.3452004,1.8058568
7.053975,6.9748,8.26408,7.764261,6.6187825,7.155166,5.752958,6.835683,6.393045,6.3523993,5.912947,5.908903
8.460225,7.5776334,7.1819754,5.199384,7.2821374,7.6699452,7.126351,6.312528,5.650426,7.2759943,7.9719176,9.044687
10.832911,12.231644,12.352559,13.632714,11.566223,11.921297,11.922877,12.860651,13.853069,11.547664,10.698479,10.533791
4.7705297,5.419994,5.339254,5.610355,5.4093585,5.5466404,5.610422,5.9940805,6.358257,5.550716,5.6429205,5.1065903
6.779628,6.5739245,7.1811295,6.444529,7.1894183,7.2755165,7.206507,6.5065317,6.5218897,7.1090937,7.2408576,7.2792253
6.4531527,6.303556,6.920233,6.1687055,6.886583,6.257365,6.5187235,6.808862,6.7862263,6.3898277,6.712086,6.39085
5.6108713,6.6071353,5.9293895,7.4209695,5.540727,6.0398035,5.4879236,6.427805,7.048104,6.4052124,4.6735826,4.8947153
4.782217,3.824469,4.0249586,3.4338815,4.857028,4.345613,4.322572,3.8695717,3.731105,4.5399537,4.8520885,4.5347705
8.749025,7.9725375,8.080506,9.780933,8.487485,8.861705,9.341141,8.951744,9.316016,8.692844,8.450302,7.7770367
4.537385,4.4380293,3.8666124,4.5964537,4.161627,4.2848263,4.2889867,4.5036726,4.4413958,4.4619913,4.340373,4.409005
7.884455,7.51285,7.581562,5.8647327,7.7678356,7.6830983,7.3666024,6.727194,6.587417,7.178248,7.793373,8.134963
8.798272,10.421133,9.4997015,11.85041,8.726963,9.851266,9.656719,10.733579,11.966551,9.861614,8.542435,8.455958
9.446691,8.071663,8.123138,7.145744,8.8232765,8.540643,8.174244,7.696463,6.995782,8.536275,9.239348,9.410019
3.9845164,5.2046824,5.687329,6.013437,4.489071,4.9487567,5.0967865,5.581759,5.860254,5.088071,4.2805114,4.903806
3.0093343,3.390751,2.8659115,3.3800087,3.0159333,3.2312145,3.6358953,3.3246374,3.676221,3.219344,3.349733,3.3149567
3.6271966,2.5112238,2.4644966,1.163357,2.6763673,2.5841122,1.9302197,1.6448112,0.90439945,2.3336754,2.4436018,3.0699618
9.662842,10.197379,9.997233,11.122507,10.833836,10.968701,11.830892,11.270214,11.695322,10.630801,10.912014,9.738447
6.9345827,6.835413,6.2581344,5.5632534,6.8730097,6.2587576,6.7491083,5.9394855,5.9952154,6.309368,7.171104,7.79518
5.8926644,5.948638,6.4643188,6.424518,6.5206223,6.1486382,6.6577706,6.602488,6.6875944,6.1532636,6.6935935,6.1934333
3.0848181,3.6354477,3.332831,3.2829218,2.8179357,2.9756184,2.9691606,3.1332917,3.509844,2.920103,3.4278486,3.4324164
3.2867157,4.827084,5.138405,6.228147,4.851209,4.7973933,5.600141,6.036433,6.730256,5.400427,4.772159,4.527532
9.188988,9.111045,9.557219,7.729863,9.428787,9.042911,8.6273155,8.283895,8.530099,8.22346,9.628413,9.407481
7.1325464,7.655225,7.697857,10.01075,7.8066926,8.047683,8.8092985,9.445789,10.161782,8.707896,7.8719077,7.133273
9.370912,10.160926,10.515548,11.656367,9.889681,10.094782,9.06081,9.892351,10.53251,9.676693,8.54444,8.100842
3.5459087,3.9904087,3.8434746,3.0382829,3.0046434,3.8619235,3.04862,3.3957405,2.783711,3.8298852,3.6286595,4.274075
3.905915,3.3324502,3.2058034,2.4765556,3.4568632,3.5189369,3.8339293,3.0402071,2.6142454,3.7666376,4.077012,4.684589
7.787906,8.537855,8.81315,10.4322405,8.554559,8.881464,9.2091465,9.982768,10.451885,9.225717,8.520817,7.911223
9.198783,9.262516,9.756915,9.894145,10.009534,9.8878565,10.871571,10.496506,10.51228,10.560807,10.452798,10.810546
9.6532955,10.578233,10.021205,10.367909,10.112928,10.532317,10.933845,10.608148,11.181923,10.278284,9.984285,10.184305
7.8440385,9.5178795,9.4004,12.4973955,8.631351,9.604936,10.159268,11.28771,12.83871,10.130406,8.463914,7.7737174
10.0754795,11.558164,11.767563,14.205952,10.783016,11.397323,11.486599,12.436484,13.723757,11.528786,10.686696,10.17264
3.2813377,3.3364227,2.7130318,2.7912745,2.7771914,3.025438,3.1807344,2.973112,3.0174818,3.0455148,3.0904114,3.3078177
8.5984125,8.225055,9.033656,8.7547,9.055119,9.077351,8.985296,8.806571,8.410815,9.268539,8.764557,8.91162
6.976234,7.165204,6.8991036,9.245241,6.6842394,7.775638,7.908218,8.339788,8.437574,7.6908164,6.922848,6.4558244
3.4588075,2.863614,3.6529896,3.1789348,4.109269,3.287043,3.8294091,3.2351675,3.280457,3.5238848,4.1483116,3.7347028
4.129963,3.4468117,3.4400628,1.2282448,3.539568,3.7932584,3.443474,2.6407547,1.4233799,3.2059748,4.457507,4.7548957
7.755102,8.083294,7.532372,9.545295,8.177093,8.787468,9.273178,9.021527,9.964213,8.402304,8.152472,6.897893
11.469991,12.36732,11.82336,14.219643,10.942507,12.033627,11.288885,12.348281,13.381288,11.72004,10.205966,9.882627
10.172073,9.147455,9.530206,10.055913,10.150185,10.906535,10.306292,9.8255825,9.436679,10.673416,10.57751,9.678421
8.923065,8.929798,8.39476,10.299155,9.207978,9.491916,8.564429,9.266582,9.867226,9.190301,8.363158,6.8923965
6.839552,8.732068,7.7927613,12.5511675,7.3560715,8.445172,8.751542,10.002264,12.41261,8.841787,6.907169,5.4892635
9.323404,9.638968,9.986934,11.200573,10.257476,10.157457,10.511945,11.055164,11.859895,10.441273,9.973009,9.23075
10.631661,11.407864,12.292599,11.716152,10.494209,10.989941,10.086761,11.110521,10.87455,10.412194,9.768165,10.239536
7.838359,7.9144287,7.141114,8.144909,7.1326947,7.756398,8.138351,7.833875,8.241721,7.3651714,7.3157015,7.33385
9.592791,10.82568,10.553248,11.543069,10.394111,10.814272,11.032493,11.177851,12.290859,10.497153,10.162942,9.494095
0.88727266,0.3650797,0.21345977,-3.2300236,0.15550976,0.20328073,-1.0371087,-1.4542191,-2.543083,-0.46977538,1.077616,1.957958
12.638058,13.28488,12.65961,14.847202,12.57446,13.160589,12.749313,13.249747,14.027905,13.284667,11.830182,11.541547
10.099656,10.241873,9.755632,10.5241,9.30194,10.214657,9.578132,9.748052,10.4598,10.10566,9.768589,9.6785
7.635264,7.5522933,7.7291083,8.2834835,7.716693,7.7987595,7.529355,7.4834924,7.3896875,7.661708,7.037202,6.9183645
4.002577,3.7141023,3.283672,3.8499937,3.5315084,3.5300128,3.730703,3.2857747,3.0110395,3.0389547,3.4456632,3.2948132
5.921317,7.2299995,6.3322535,6.9244833,5.8175616,6.972233,6.4674067,6.8900266,7.4080596,6.832399,6.5487237,6.6842146
3.922699,4.3378124,5.2012897,3.9656622,4.9193525,4.6965923,4.781624,4.6809726,4.470526,4.8732796,5.147166,5.2676144
6.8866158,5.3340197,5.386311,3.1442263,6.3667264,5.7627964,5.5914726,4.4063454,3.7453625,4.8037896,6.94871,6.1647525
7.316639,7.965503,7.7742176,8.080656,7.1607785,7.3762126,7.0783153,7.8318844,8.125948,7.450142,7.1409426,7.217355
4.775073,5.083171,4.5660005,3.5069153,4.6606455,4.7506056,4.8486347,4.625968,4.5829887,4.4679785,5.015137,5.4593005
1.8718313,1.9878331,1.5802687,0.57827085,2.0262253,2.05736,2.093935,1.4406079,1.1093224,2.1129167,2.7211084,3.0531907
8.629882,10.00393,9.988936,10.281049,8.9361725,9.651525,9.318482,10.33864,10.579907,9.603858,8.544353,8.962035
12.190954,15.47553,14.5554695,19.47124,12.63808,14.348414,14.384509,16.199854,18.683613,13.981282,11.135183,10.880769
5.4992375,6.001699,5.834251,7.3244333,5.6578603,5.910488,6.4067106,6.6225805,7.196916,6.191003,5.423088,5.3176327
6.5960026,5.8376584,6.2043123,5.4036007,6.4940357,5.865072,5.9047427,6.0981803,5.5972886,6.5009117,6.184353,6.8944416
4.4122405,4.9461823,4.3126583,4.8448715,4.1699843,4.486291,4.4149947,4.6655726,4.772693,4.532706,4.2908044,4.565003
3.337669,3.2888165,3.1542492,1.7313324,3.187303,3.041025,2.5818553,2.4289823,2.0282943,2.6640534,3.3700397,3.6571012
4.67698,4.663106,4.1553783,4.2118235,4.6807294,4.322243,4.474643,3.7913167,4.0510197,4.0836706,4.9438744,4.5834656
3.292812,3.6249833,2.9651906,2.3219888,2.409466,2.3754256,2.4519327,2.365864,2.9908607,2.1712244,2.8628948,3.6164703
8.374642,9.410584,9.847107,10.071041,9.025823,9.508943,9.288133,9.940734,10.009588,10.029144,8.944353,9.25587
2.2090237,3.4185774,2.213662,4.368073,2.66195,2.656443,3.9233272,3.7230065,5.0425253,3.0993178,3.4185095,2.870884
1.335381,0.95711946,0.791682,-0.15069889,1.268872,0.91681576,1.4811927,0.8237784,0.29428604,0.9450071,1.6778778,2.2879593
9.056374,11.686119,11.886122,15.061595,10.518914,11.370622,11.407558,13.2677,14.5416155,11.401258,9.5050745,8.643325
10.867097,10.5525055,12.077724,9.122039,11.255528,10.781652,10.323727,10.944464,9.328984,11.370519,11.151794,12.792447
3.1392162,4.2281327,2.919092,3.1236885,2.9683113,3.3470674,3.2583535,3.127262,3.647071,3.0195663,3.416623,3.5319097
6.845132,7.601683,7.446977,8.931689,7.922023,7.894396,8.397496,8.649443,9.056416,7.8448915,7.3515387,6.440591
8.518006,9.411159,10.052455,10.443725,9.611587,9.347583,9.191855,10.2609415,10.455588,10.090402,8.945085,9.07995
11.281007,11.243231,12.096077,11.761221,11.304242,11.134066,10.584578,11.647033,11.606857,11.4418545,10.5980215,11.062192
5.0050597,6.0941467,5.573131,8.055101,5.6555333,5.5615287,6.899834,6.932952,7.9578133,6.1238256,5.562942,4.9545507
5.8098006,5.5429235,6.2907896,5.5986543,6.679315,5.9775805,6.7907047,6.258089,6.0339794,6.0475354,6.9292865,6.7223067
8.044646,8.137091,8.016377,8.792399,8.182167,8.090329,8.667787,8.706658,8.911338,8.368886,7.693987,7.70965
5.133331,4.3655443,4.93909,3.0334938,5.1759553,4.669878,4.3703837,3.7368398,3.0770402,4.3619065,5.2907915,5.5459976
3.327106,4.1202207,4.836177,3.873172,4.4799566,4.2565293,4.663276,4.654707,4.813915,4.6291876,4.4593916,4.8704734
5.3457503,5.03347,4.921578,3.5716763,5.1710696,4.7335873,4.409867,4.263134,4.10632,4.3522983,5.159441,5.252918
6.041712,7.1196237,7.856063,8.525198,7.239898,7.396032,7.7527876,8.293477,8.668337,8.0244465,7.115732,7.1686683
4.049819,4.4206314,4.503503,2.987689,3.9791906,4.309015,4.275379,4.329079,3.812404,4.4253087,4.5014615,5.265938
5.209454,6.700945,7.000345,8.2451725,6.3232765,6.9908843,7.3571773,7.9096837,8.313937,7.2629523,6.015206,5.9540496
6.0772533,7.2146316,7.9789677,8.13561,6.7341714,6.9578776,6.479752,7.6962214,8.025676,7.150944,6.233133,6.314502
11.314385,10.2339325,10.717437,11.247315,11.494828,11.102579,11.226252,11.232434,11.093862,10.980431,11.122568,10.234281
6.4840326,6.4344215,6.800561,7.2317843,6.6021466,7.0926027,7.2156177,7.22905,7.130575,7.6552286,6.747202,7.140995
12.994237,13.181436,13.416939,14.871738,12.690285,13.332149,12.5546055,13.604906,14.003348,13.165534,11.880562,11.665054
9.840848,10.760466,10.9623165,12.723022,10.504622,10.910113,10.573788,11.880466,12.385778,10.951474,9.827289,8.962665
9.427137,10.347888,10.239606,12.131535,10.107516,10.864764,11.420719,11.506037,12.325252,11.367445,10.619938,10.3216305
10.4893265,10.0923,10.658745,10.297331,10.594775,10.588747,10.1464405,10.038145,10.0151825,10.995679,10.223759,10.629909
7.2669535,7.9072404,7.0828767,6.9363456,7.16696,7.1063113,7.0564313,7.2267647,7.440848,7.002593,7.2446866,7.646541
6.3931007,6.1700773,6.16054,7.254449,6.9599276,6.811522,7.413322,7.017413,7.56931,6.9377685,7.157023,6.354657
10.12509,10.615996,11.03328,11.165662,10.263282,10.835259,10.500682,11.014161,10.973112,11.192018,10.404254,10.761271
7.488483,8.109741,7.6956396,10.630201,7.745159,8.590034,9.066907,8.968759,9.8808155,8.994948,7.474577,6.976963
7.694077,7.7784753,7.3653336,6.9382215,7.178144,7.3315015,6.9355774,7.094773,6.9448056,7.339114,7.03351,8.018117
9.982541,10.101169,9.427921,10.497274,9.294513,10.323116,10.036242,9.7289505,10.297165,9.300483,9.052588,8.679427
12.273299,10.932903,11.640752,10.844871,11.032168,11.942673,10.041608,10.137251,9.179051,11.669391,10.886166,11.165744
7.491637,8.732262,8.441806,11.136128,8.157116,8.769852,9.079466,9.620484,10.950658,8.833215,7.6823874,7.1605096
9.2465725,9.098876,10.010973,9.848367,9.024127,8.618473,8.32778,8.769382,9.154505,8.420043,7.9635663,8.50499
5.114217,4.9740653,4.4347553,4.9237595,4.771367,5.2109075,5.05745,5.117529,4.9930763,5.1111255,5.287272,5.208227
5.92365,4.9355474,5.1251674,3.0869896,5.3291693,4.943651,4.1198545,4.0022407,3.3056147,4.6304646,5.505401,5.695705
3.3025804,4.483826,3.560277,3.6959012,3.6003776,3.8500624,3.7938242,3.7638123,4.129951,3.4912667,3.6531043,3.795742
4.2958927,4.5399895,4.64737,5.2576613,4.2435055,4.3300586,4.150806,4.9705386,5.131346,5.1271124,4.228744,4.536464
3.1450067,4.1435704,3.4334774,3.1428404,3.3411052,3.687224,3.4573565,3.159097,3.6849394,2.9969203,3.531397,3.1964602
13.37578,13.894376,13.8684845,16.006727,13.316089,13.930674,14.022999,14.683899,15.421875,13.541913,12.8502245,12.245038
4.6227813,4.621026,4.349379,2.7351763,4.5290484,4.043008,3.4761844,3.4262187,2.9168737,3.6391714,4.4038253,4.5716796
8.310985,7.8202753,8.364165,8.828296,8.638954,8.61741,8.415298,8.56817,8.717823,8.557008,8.439154,7.58862
12.622972,15.305845,14.166636,18.201855,12.24912,14.050064,12.783872,15.239137,17.443064,13.480615,10.721079,10.031293
7.9591174,7.0277314,7.2181067,7.297223,8.861108,7.9573646,8.205084,8.060378,7.889419,8.176635,8.592619,7.3886466
5.332899,7.2056932,7.952274,8.5955,6.842691,6.7042646,6.7358756,8.2961855,8.374538,7.2171535,6.148958,6.3345904
8.474883,11.136073,10.187717,14.845543,9.982988,10.539878,12.317955,13.281086,15.62937,11.271203,9.41972,8.679383
6.354053,8.016246,8.299143,10.645637,7.3942704,7.696232,8.514162,9.624983,10.533356,8.442488,7.176126,6.671135
8.094369,8.332011,8.836447,8.114956,8.625768,8.843376,8.452481,8.538459,8.252886,9.1019535,8.65932,8.847396
11.498576,12.182065,12.136624,12.718901,10.230687,11.7644005,10.898986,11.77512,12.075622,11.273347,9.937918,10.516669
8.732219,9.027247,8.55771,8.157865,9.197248,8.989325,9.410638,8.784064,9.027948,8.593829,9.890002,9.485379
5.5968122,6.543172,7.652993,8.556273,5.931911,6.7863817,6.253197,7.765125,8.225994,7.340252,5.7426705,5.6374335
10.863809,12.185054,11.090565,14.857777,10.752468,12.25103,13.170979,13.3586,15.052504,12.467346,10.982633,10.879723
10.480286,11.262555,11.770311,13.171527,11.494783,11.720787,12.124963,13.070574,14.109434,12.178408,11.5655155,10.643385
6.050339,6.4447517,7.119972,7.2394204,6.8031406,7.0342116,6.795134,7.213034,7.3480563,7.2444215,6.565559,6.409753
3.703639,3.584869,3.4774427,1.1655272,3.1859603,3.0883765,1.8676506,2.1647832,1.4467813,2.4973664,3.1951048,3.5645938
3.941707,3.1212714,3.2003615,-0.36291572,3.4396152,3.268988,2.585036,1.4396765,-0.08489011,2.9427128,3.9307315,5.4231324
8.575553,8.932993,9.144277,8.948607,9.052803,8.553245,8.765744,8.98647,9.534532,8.540331,8.777961,8.4875765
3.5639977,3.25584,3.606932,1.2349114,3.4334114,3.1555574,2.2584915,2.0251477,1.214242,2.967437,3.558752,4.3450656
0.90285456,1.0439855,1.0395654,0.09095012,1.8769572,0.9878267,1.4531684,0.8849143,0.9850582,0.8426429,2.0935028,1.8086218
2.6048396,3.1649854,2.862834,2.3188446,3.0175786,2.1653478,2.9906187,2.2322247,2.830754,2.0678577,3.0718927,3.415126
7.499605,7.235143,8.120716,7.2643766,7.2796144,7.5522556,7.086153,7.2916226,6.8901863,7.561091,7.106026,7.6368475
9.30474,10.055614,10.982867,11.268915,10.082272,10.387178,10.461181,11.594232,11.755233,10.533422,10.064776,9.678741
5.8559027,5.5204196,5.508254,4.129995,5.380505,5.4901676,5.247586,4.564566,4.36735,5.622226,5.844709,6.576951
3.393833,2.6863115,2.7211897,1.6783705,2.7753727,2.8984036,2.316092,2.3810909,1.4982972,2.9853156,3.2748985,3.9780927
9.593257,10.275685,9.81262,11.567742,8.935942,9.744592,9.383982,10.225682,10.949181,9.660608,8.553139,8.859004
1.2040602,0.38647667,0.83573616,-0.81895936,1.6126789,0.81630886,1.2659823,0.3802289,-0.5673586,0.8780807,2.1190422,2.1455612
3.211527,2.5176353,2.1204214,0.06857986,3.232306,2.6704447,2.4117074,1.654556,0.96742123,2.8738933,4.161474,4.623044
7.0715637,7.4438477,7.3550963,8.564262,7.4959126,8.126287,8.3741255,8.397725,9.473864,8.23151,7.982711,7.272756
9.826295,9.883375,9.478492,10.913616,9.502717,10.360198,10.479315,10.24109,10.533165,10.151291,9.710089,9.423234
7.814194,8.146402,8.419656,8.734847,7.8078737,8.195136,7.0631633,7.684586,7.623762,7.419862,6.801715,6.35236
11.359379,11.377396,11.214771,12.856374,11.661789,12.03781,12.222067,12.003155,12.953193,11.626474,11.145621,10.270526
6.9341073,6.6272726,7.151058,5.562844,7.891806,6.9172964,7.7450504,6.8116217,6.442439,7.410556,8.239012,8.572369
3.3392625,2.3697104,2.7709422,0.72240895,3.2603638,2.6273205,2.3956838,1.9644749,1.005254,2.5568724,3.658676,3.686772
8.67528,8.491983,10.263522,9.219853,9.591057,9.292246,9.266761,9.355174,9.1224,9.251833,9.351412,9.2041855
3.6821334,3.5843847,3.9749146,4.480801,3.920229,3.35467,3.6283529,3.9659948,4.174051,3.7132046,3.7438643,3.381113
12.030145,13.846005,12.807598,17.468624,13.550035,13.994311,14.952747,15.467867,17.642067,14.359587,12.680289,10.6578455
13.10443,13.615408,13.25212,16.607836,13.93196,14.611602,15.19435,15.233935,16.486666,14.839084,13.706602,12.110377
12.572289,15.891804,13.982724,19.142914,12.134349,14.459453,13.825825,15.672232,17.997286,13.816644,10.504156,10.503365
4.663988,3.3380868,3.750544,0.76190066,4.869778,3.5897553,4.365239,2.405833,1.5732872,3.289137,5.4257736,5.844782
3.1790996,3.9290626,3.259137,4.6049814,3.9832418,3.7261798,4.328748,4.48148,5.1348495,4.40601,3.961525,3.5900133
9.381653,9.6945915,9.763824,10.505175,10.035621,10.592609,10.585839,10.79736,11.047618,10.555343,10.414751,9.784005
8.353869,9.485329,9.828707,11.112822,8.688362,9.358724,9.515681,10.630487,10.7012205,9.838363,8.347995,8.696509
9.475351,9.407922,9.042214,9.983871,9.741137,10.309792,10.20914,9.735787,10.028866,10.278765,9.949173,9.367537
9.977571,9.388856,9.808593,8.1244335,10.44676,9.880765,10.042877,9.293034,8.537522,9.731016,10.7744875,10.945786
9.295798,8.597093,8.935993,7.870518,9.000837,9.298122,8.647761,8.636834,8.033142,9.121469,9.112892,9.113299
4.2089806,5.5766535,5.376782,6.1633873,4.9211726,5.1939306,5.5442977,6.1382833,6.7101765,5.5697823,4.8023367,5.05283
9.710748,10.412639,10.532453,12.02096,9.173595,10.366868,9.643151,10.568348,10.806764,9.977685,8.459358,8.575553
5.944993,6.4494405,6.653342,7.1682115,6.9004507,7.0466757,7.643233,7.473283,7.7744174,7.064406,7.2928805,6.737536
13.301706,14.47969,14.190767,14.94691,14.080624,14.568543,14.778533,14.7262945,14.992713,14.348201,13.527483,13.488206
5.1831117,6.174668,5.175292,4.6989613,4.7436743,5.253429,5.103546,5.1057806,5.163864,4.9031563,4.761508,6.007651
5.2115016,5.185835,5.474377,3.1909368,4.928371,5.0367284,4.1911383,4.519537,3.834615,4.9691734,5.220911,6.3187027
6.423642,6.092353,6.521583,5.9364133,6.431937,6.5475817,6.8598413,6.6218305,6.3415933,6.943584,6.748232,7.336599
7.729472,8.625644,8.794222,9.898853,7.7098927,8.114189,7.9655123,8.9208355,9.578983,9.003552,7.2141395,7.8738437
3.9018657,2.884315,3.8107493,2.015708,3.86916,3.6192951,3.6354504,3.3414595,2.2427847,3.4438946,4.288451,4.5628767
6.6353784,7.6251764,7.5409646,9.764532,7.34853,7.7392135,8.1062,8.975741,9.681748,8.690012,7.4948254,6.999005
4.0841007,4.1042776,3.8743966,4.7388444,4.439564,4.6136756,5.1718874,5.1156464,5.155383,5.301692,4.995563,5.087466
1.9034342,2.0907009,0.43519703,-0.51475316,0.51070327,1.330412,0.69028395,-0.49482378,-0.35751137,-0.21384224,1.5630788,2.034583
11.401638,13.496307,12.8096,16.146296,11.699153,13.083835,13.281364,14.022657,15.857377,11.57789,10.438183,9.477343
8.036868,9.664497,9.559236,10.332831,8.44046,9.500482,9.46,9.86615,10.858267,8.769498,8.4359455,8.244812
4.8394017,5.335504,5.1417766,5.973773,5.198362,5.1900525,5.712651,5.9323525,6.0550356,5.4627595,5.069713,5.116669
4.805072,5.1146784,4.32495,4.64873,4.5214868,4.5480866,4.321779,4.5365853,4.7013626,4.1530967,4.539984,4.087588
7.0063133,7.630526,7.7051854,9.28189,7.1370816,7.8170166,7.506121,8.617237,9.17927,7.9467216,7.0454197,6.639823
11.594299,11.662609,11.977308,14.378629,12.491704,12.56714,13.020559,13.3073435,14.344328,13.037,12.205447,10.938093
8.792288,10.768986,11.742726,13.787852,11.133421,10.730068,11.823647,12.887828,13.647542,11.004534,10.242689,9.204976
6.1425385,6.366027,6.0319905,6.4432483,6.67037,6.3737664,6.6111746,6.332485,7.057932,6.3298535,6.256367,5.89976
5.024705,5.1345935,5.036864,4.36513,5.025285,5.070624,5.128329,4.7141066,4.4929366,4.912448,5.2808676,5.4269886
6.580598,6.5515065,7.6450996,7.0522623,7.127792,6.9494567,6.311016,6.7331896,6.465453,6.7481394,6.8040595,6.2740884
8.587478,8.521675,8.557169,9.620808,8.828535,8.905054,9.065158,9.080791,8.983644,9.322851,8.8457365,8.470086
2.0308218,2.4015555,1.9575037,2.095982,2.5741172,2.2039835,2.8714523,2.3942642,2.5113842,2.14722,2.752823,2.5712893
7.693388,6.9862075,7.600949,4.7588286,7.8263803,7.3533635,6.815999,6.4322133,5.058518,6.8897247,8.044982,8.286746
9.579522,9.384816,9.545708,9.909756,9.126345,9.476857,8.6429405,9.3543825,9.326253,8.880866,8.079201,7.743983
9.872939,9.661485,9.102153,8.800648,9.832664,10.291193,10.080255,9.131936,9.763962,9.803282,10.46925,9.957412
5.7845817,5.447879,6.188542,5.0027432,5.8645205,5.656866,5.4891496,5.707121,5.37103,5.776761,6.0249534,6.38923
2.16377,2.2848444,1.5249443,1.480582,1.7529845,2.0102015,1.607584,1.6561246,1.4762821,2.2193022,1.9923594,2.2955399
3.5701754,4.500051,4.4102283,5.2830954,4.1239114,4.2187085,4.3741765,4.9504185,5.519902,4.1245227,3.8771193,3.4299133
7.8731446,7.7364764,8.244308,8.474044,8.505306,8.373947,8.943616,8.783974,8.98182,8.55043,8.866009,8.319095
7.0020957,5.9941936,6.2303905,5.9920573,6.4957695,6.517817,6.564438,5.822334,5.4717937,6.508216,6.7228746,6.9973373
3.872373,3.6401672,4.2586346,3.8311942,4.778696,4.2620344,4.403828,4.2255645,4.339536,4.5783052,5.1369624,4.36135
10.697237,10.847772,10.710294,11.064283,10.537961,10.826357,10.921005,10.934788,11.249618,10.942081,10.902853,10.821568
10.374617,10.599114,10.259644,11.936869,9.729132,10.517232,9.723457,10.581495,11.048226,10.336134,8.9168,8.763301
3.870217,2.567961,2.916612,0.33581856,4.0948973,3.012317,3.422859,1.8656638,0.90082675,3.047118,4.9736876,5.244043
4.785922,5.041305,4.950208,6.4122353,5.1738763,4.285911,5.1579895,5.3024755,6.5440745,4.3720455,4.70043,3.7742677
7.662072,7.818464,8.205005,8.243603,8.114463,8.492973,8.397881,8.529077,8.315155,8.560938,8.109713,7.957668
9.44793,9.43302,10.683213,9.5830555,10.084453,9.643693,9.149164,9.543525,9.339756,10.0203085,9.685431,10.168199
7.1269317,7.6874704,8.492655,8.419478,7.6984234,7.8710747,8.33019,8.461954,8.669901,7.745357,8.056427,7.978537
11.712854,10.949933,11.350937,12.375886,11.888092,12.295139,12.137808,11.988222,11.755418,12.497504,12.12884,11.373092
7.632169,8.105142,8.883177,9.204172,8.148657,8.002496,8.183901,8.807196,9.082978,8.392401,7.7264147,7.8004704
12.370995,13.358879,13.328925,14.753443,12.019772,12.476372,11.001125,12.4869375,13.294422,11.848395,10.239211,10.480491
4.0548053,4.0126452,4.2065387,4.5666466,4.174653,4.0824804,4.376718,4.4796567,4.528088,4.440875,4.2134047,4.3431473
8.938538,10.489122,11.155498,11.196284,10.362261,10.135591,10.119579,11.036055,10.997283,10.595097,9.817768,10.318303
4.798937,5.229778,5.876363,5.0927515,5.0342584,5.71125,5.0443583,5.01555,5.0702353,4.9563556,5.272411,4.913395
3.4987395,4.9304643,4.405013,5.035579,3.6669347,3.8290844,3.6954174,4.284679,5.2878437,3.8613226,3.4727023,3.5270698
6.8853855,6.469895,6.8432884,6.9796557,7.345526,6.8296657,7.246189,7.0091043,6.804879,7.31263,7.4076514,7.291651
12.352237,12.287951,11.682297,14.636402,12.115158,12.696516,13.008427,13.31651,14.591046,12.962805,11.924627,10.853984
7.552327,8.779443,8.977688,10.742994,8.490082,8.529307,8.7256565,10.000592,10.754918,9.225045,8.188867,7.5914946
9.000158,9.252429,8.477425,8.467842,7.943927,8.580823,7.23097,8.021859,8.20317,8.181443,7.329901,7.774383
12.829895,11.857012,12.789181,12.424562,13.02728,12.759457,11.955539,12.172594,11.973427,12.339718,12.417168,11.673778
9.38521,9.903624,9.566902,10.228842,9.146477,10.056961,9.258295,10.010796,10.492147,9.719294,9.214734,8.895061
5.9323463,4.9784517,5.705224,4.3467183,5.5377865,5.03193,4.941388,4.8554196,4.1968164,5.251363,5.64009,6.3837924
6.2635565,5.3211293,6.626879,6.402438,6.289505,6.4925146,6.612555,6.4939904,5.7700586,6.821408,6.556837,6.4844637
3.251359,3.3527129,2.7922435,2.2461705,3.4609385,3.3534985,3.3339288,2.7736418,2.991989,2.938029,3.953755,3.5402963
4.5922327,3.5521753,4.318777,1.6101019,4.8189874,3.5312936,3.0767891,2.5900085,1.5609205,3.5327492,4.9381576,5.4104314
6.091198,4.955313,4.7049503,3.3172834,5.1524024,4.839374,4.842202,3.7281687,3.4984229,4.292871,5.880484,5.8118086
3.2540865,2.7637708,3.1326787,2.3842661,3.499344,3.105792,3.5002804,2.9741213,2.6595635,3.3241694,3.8796694,4.0838866
9.436036,11.140901,11.099989,13.522333,9.888187,10.54404,10.262231,11.760375,13.026473,10.774737,8.615794,8.590747
7.9234123,7.369355,6.5502453,6.4416847,7.57512,8.092999,8.083781,7.072115,7.478264,7.403622,8.330485,7.6817975
1.4381822,1.8241211,1.5194396,0.25500497,1.7529393,1.101293,1.6092364,1.2267491,1.3353418,1.213883,1.7691528,2.310119
5.0089946,4.627198,3.8075142,2.642146,3.3377564,3.9634395,2.3594432,2.8163023,2.4940848,3.4683042,3.540032,4.118983
7.0131044,7.2081957,7.3185334,8.044416,7.378843,7.343454,7.919622,8.027462,8.368233,8.199834,7.589471,7.8212047
7.7267346,7.936041,7.3868446,9.251906,8.227659,8.440014,8.919335,8.646763,9.804995,8.54221,8.352375,7.3836656
7.2298646,7.1726975,7.66171,8.13428,7.197099,7.484632,7.4605794,7.532125,7.52896,7.4428954,7.0438776,7.0068154
1.4385855,1.4217069,1.1820185,-0.9157131,1.1349518,0.4271996,-0.081279986,-0.022152178,-0.5169914,0.8689678,1.3134739,2.0690255
5.588511,6.5048394,6.6500287,8.817706,6.4934373,6.7455444,8.263398,8.067444,8.975026,7.0044985,6.6581116,6.305683
9.154281,9.057959,8.292742,9.678659,8.3261,8.830477,8.567035,8.780386,9.447613,8.700267,8.215781,8.079242
9.158514,8.217492,8.051715,7.772109,8.429447,8.819919,8.587022,8.086986,7.5274296,8.273763,8.683392,8.589765
13.375295,13.032745,13.804875,14.471369,14.146471,14.117661,14.144768,14.7148285,14.797593,14.341851,14.040308,13.100719
5.9497223,5.251764,5.774835,4.2729583,5.7001777,5.086854,4.9619827,4.86203,4.685136,5.000039,6.0578346,6.141666
13.656924,13.817466,13.849901,14.286436,14.8516245,14.823888,15.692579,14.618344,15.147006,14.567604,14.745148,14.15198
9.519571,9.830357,9.843719,12.541372,9.527798,9.919153,10.485538,11.104494,11.730782,9.865612,9.156722,8.1647625
10.542859,10.8756485,11.973159,11.777441,12.227858,12.060754,11.968897,12.450562,12.000166,12.622515,11.790872,11.163902
6.5955615,8.874761,7.5039473,10.954884,7.239578,8.118326,8.344242,8.883693,10.8833475,7.769972,6.434847,5.649424
5.048128,4.044681,4.947483,3.70421,5.177084,4.449542,4.616536,4.375641,3.8766215,4.798401,5.705797,5.7357492
2.806559,2.424592,3.0329297,2.1568918,3.8741674,2.4871595,3.2394843,3.0208645,3.1988297,2.7384105,4.0118904,3.0275903
9.488516,9.154321,9.256432,9.783924,9.116536,9.705336,9.394536,9.138454,9.361311,9.472299,9.250327,9.149537
7.1656337,6.78518,6.012638,5.3042574,7.108324,6.743388,7.2105494,6.1828356,5.850757,6.3705816,7.3548427,7.590693
13.888845,12.81461,13.037808,14.87908,13.331774,14.056428,13.719779,13.870669,13.753383,14.355584,13.10785,12.946084
6.0173182,6.3002753,5.198798,5.4150763,5.9933934,6.3201294,6.285072,5.864868,5.7637095,6.034462,6.2131724,6.158886
4.136263,3.152692,2.8893523,2.5759993,3.7529974,3.1922464,3.056254,2.867668,2.1963618,3.1885688,3.737793,3.367433
9.162672,9.873777,10.376138,10.588115,9.675247,10.220816,10.369648,10.480304,10.58519,10.3416195,9.7007885,9.940938
5.9818068,7.613304,6.6077666,9.251653,6.2429895,7.038161,7.8861,8.402796,9.247819,6.665412,5.8478465,5.464501
4.516963,4.6928453,3.8540409,4.853763,4.104321,4.5676246,4.1593223,4.2900295,4.5093007,4.3402133,4.154695,3.789522
5.090179,5.6250806,5.3771715,4.898291,4.5493946,5.3726087,4.4888935,4.5656433,4.8891973,4.683844,4.6086907,4.83308
14.881738,14.085005,14.899988,15.244879,15.505573,15.413811,15.498207,15.4410515,15.090103,15.973894,14.973831,14.645116
11.469752,10.803649,12.085398,11.385156,11.069482,11.516292,10.555556,10.761012,9.986921,11.407517,10.894994,11.546584
2.4369054,2.775538,2.9020624,1.9868542,2.8298674,2.4741492,2.3246417,2.1473951,1.9907937,2.6156483,2.5452201,3.1252909
9.219196,9.2216425,10.020521,10.06437,9.395727,9.55273,9.0163765,9.438318,9.548299,9.410141,8.635198,8.690014
2.199826,2.7871175,2.5312939,1.4697145,2.1781104,2.3669782,2.4314566,2.12846,1.9931537,2.2807424,2.784557,3.6077335
9.569236,8.272378,10.221842,6.425594,9.458364,9.410302,7.535901,7.3213124,5.38487,8.229093,8.895318,9.284442
8.882027,9.598467,8.969631,10.901612,9.120421,9.659047,9.6359415,10.453877,10.934194,9.905867,8.876398,8.507307
7.0799727,7.8563085,8.173369,8.865513,7.9616427,7.655487,8.0185795,8.823225,9.196713,8.358304,7.6856074,7.868564
4.3315616,5.1042666,4.4438787,5.6495805,4.425734,4.414117,4.8600273,4.7465525,5.5275216,4.5163536,4.6578813,4.3293796
6.1542115,6.406531,5.7315803,4.6284513,5.7260017,5.612901,5.0870547,4.936312,4.712441,5.4581566,5.7137384,6.343015
12.34244,11.138682,12.006047,12.308462,11.925935,11.558571,12.51094,12.045481,11.965978,12.591896,12.17552,12.765637
6.695727,7.7745175,8.033843,7.641533,7.365027,7.9201565,7.8854766,8.356993,8.07182,7.8235984,7.773919,7.7719173
5.0024805,5.4093266,5.901297,6.3863773,6.0301566,4.828576,5.572383,6.03473,6.4521847,5.3060327,5.5370426,5.325028
11.058508,10.599958,11.694928,10.802928,11.372395,11.462082,11.056396,11.2340355,10.721104,11.736524,11.388136,11.580183
11.45328,11.71024,11.9239025,13.714398,12.242079,12.458487,12.6797495,12.880508,13.41268,12.07745,11.703939,10.723603
7.5760455,7.3261237,7.2986894,6.322238,7.393352,7.678458,7.844943,7.0009246,6.6373305,7.2988076,7.878852,8.330793
1.3412727,1.4879851,0.58912486,-0.3335143,0.87619036,1.446927,0.95484716,0.2557322,0.12767282,1.0798601,1.7264181,2.276244
5.699362,5.347272,6.115297,5.0817895,5.7430253,5.6829653,5.394343,5.2472773,4.7661014,5.8342257,5.52326,6.01923
11.356134,12.424651,12.715005,13.3111,11.099994,12.812378,11.573898,12.751727,12.890136,12.309009,10.707925,10.975319
9.341519,9.705191,9.475483,9.329927,9.428816,9.901772,9.821912,9.933948,10.086647,9.909019,9.98951,9.9986105
2.912731,3.1717138,3.105302,2.3882453,3.1571255,2.8576162,2.6507816,2.572513,2.5591068,2.6723766,3.2086134,3.1092932
5.4017277,7.0292225,6.386641,8.413521,5.647672,6.5959544,5.9580803,7.1501446,8.484398,7.0164375,5.161484,5.2416315
4.4708447,3.8774776,4.192972,4.3017845,4.5396495,4.4059963,4.101105,4.2920747,3.947172,4.95745,4.6429863,4.581494
5.864356,4.9627676,4.380492,3.0806491,4.358039,4.8392386,3.5452268,3.4775608,3.057436,4.0681405,4.8326864,5.0819674
4.139651,5.884509,5.998832,6.095499,5.0060544,5.164929,5.2099643,6.0032935,6.1587286,5.565063,4.7861295,5.3854356
2.6159017,2.7048383,2.1911945,2.0522895,2.6141598,1.7848319,2.2708957,2.2315755,2.654706,1.7877959,2.6510842,2.383683
4.135797,4.7287283,3.831738,4.3350782,4.272944,4.5859556,4.670241,4.2723603,4.4931884,4.16226,4.4887166,4.182408
6.7673965,6.8942833,7.6994786,5.1091895,7.107309,7.7855673,6.6486073,6.8838096,6.1631837,7.4937754,7.9286604,8.343985
7.826186,7.385374,7.3589025,7.043415,8.14918,8.070036,7.991443,7.4121537,7.2987146,8.159036,8.443608,8.185604
5.4693036,5.162967,6.022494,4.1751337,5.7099824,5.2833095,4.8065634,5.2688236,4.575689,5.4124203,5.5917892,5.9507847
4.33271,6.14879,5.146146,9.068417,4.848537,5.909301,6.4776363,7.2667003,8.79117,6.6801534,5.387744,4.519387
6.671214,8.298399,9.217888,9.5984,7.399413,7.8506975,7.9567904,8.873218,9.147046,7.983751,6.69774,7.428293
7.1541133,7.328981,7.512583,6.1033764,7.821504,7.669817,7.375135,6.9954476,6.554417,7.372391,8.046831,8.188963
13.413999,12.992154,14.454146,13.48128,13.790872,14.074913,13.076792,13.728575,13.549555,13.777862,13.508041,12.9179325
10.696811,10.008383,10.411386,10.029451,10.350293,10.2082405,9.437366,10.085341,9.723168,10.605735,9.998792,10.504106
6.9471965,6.7314487,7.1396503,4.806331,6.9858,6.291752,5.97307,6.120417,5.447592,6.523851,7.2624316,8.14479
9.529536,11.635846,12.034077,12.369091,10.424072,10.970835,10.42964,11.936633,12.573463,10.320054,9.07782,9.030048
7.929758,6.5698133,6.859459,4.6764283,7.5014005,7.3899913,7.30042,6.3243127,5.3541403,7.030764,8.188694,8.489676
2.8708637,3.3630931,1.8222188,0.10271103,1.8200139,1.825241,0.61304647,0.3262437,0.63997203,0.6866353,2.0293653,2.5403335
7.3387303,7.378257,6.6611066,6.8150654,8.137866,7.6307735,8.604837,7.460572,7.4932494,7.4951015,8.6179495,8.051333
5.4625306,5.9190216,7.091662,6.1278644,6.594337,6.760419,6.728921,6.720274,6.3783083,7.017547,6.848923,6.8591084
9.821493,9.786581,9.952275,9.7125845,10.57324,10.200229,10.655683,10.358581,10.401526,10.238881,10.818143,10.422992
6.5742407,6.5345783,7.3414965,8.417166,7.0422187,7.184978,7.4277663,7.8966665,8.074726,7.5350795,6.952202,6.2119737
7.5375786,7.121727,6.6733804,6.7778845,7.7771144,7.6418605,7.449455,7.2177672,7.2516813,7.5152807,7.433243,6.897049
10.054741,10.14879,9.168581,11.694133,9.342502,9.725749,10.023763,10.290907,10.816567,10.108746,8.891393,9.04924
9.9655485,9.587102,9.524539,10.192191,10.402531,10.100839,10.569543,9.959165,10.352106,10.5681505,10.008135,9.872975
7.108493,7.5522738,7.4998794,7.195492,7.410578,7.8979397,7.848726,7.4939475,7.3552713,7.609913,7.6801195,7.6671276
11.731531,13.690622,13.702549,16.74583,11.527956,13.188734,11.891582,14.392562,15.752157,13.755062,10.623241,10.458762
7.0962048,6.9857326,6.7670813,6.126937,7.680602,6.887663,6.67643,6.7805114,7.015929,6.656755,7.394679,6.7660303
10.464448,11.02221,11.025081,11.405817,10.97928,11.563335,10.983104,11.285159,11.692324,11.064843,11.0826845,10.240817
8.659521,8.985256,9.19374,8.728672,9.334845,9.180825,9.208592,9.021057,8.797173,8.871092,9.207146,9.207198
4.0182195,4.179139,4.0894914,4.3442626,4.636602,4.0016856,4.90585,4.6611714,4.63555,4.6772704,4.803823,5.045794
9.420113,9.937659,9.516958,11.991529,8.56209,9.519097,9.014451,10.089486,11.175651,9.399732,7.9781213,7.763411
2.7129042,3.7958188,2.8383532,3.6643062,2.752502,3.5558932,3.8029263,3.7767718,4.042903,3.2272065,3.113455,3.2056243
7.2961655,7.7055564,7.6087856,8.4536495,7.5453777,7.825379,7.796491,8.142126,8.261333,7.536658,7.3621707,6.9182878
9.627646,9.548599,11.501665,10.193928,10.068333,9.698284,8.796505,9.889522,9.245909,9.865629,9.180175,10.004844
4.4250493,4.7707458,4.544542,4.3127513,4.9215245,4.661304,5.133729,4.9829173,4.6772795,4.948834,4.88142,5.2944603
4.501519,4.204409,4.8824286,3.4886358,4.9953966,4.65746,4.413035,4.1776786,4.1723495,4.8030133,5.2983294,5.422083
7.156138,7.386281,6.9851303,7.3026605,6.9123883,7.222548,7.1690793,7.1342497,7.257636,6.791622,6.7830963,6.7157426
8.047781,7.41839,8.592957,7.0594935,7.9756002,7.86485,7.1738605,7.6348987,6.889135,7.760266,7.5110683,7.8434997
4.6210537,4.1333394,4.620007,1.7849289,4.134622,4.003952,3.1157055,2.7682745,2.1783445,4.075893,4.528612,5.640545
7.660613,7.106947,7.2815814,5.542277,7.3952203,7.068377,7.1395197,6.6556273,6.0213556,7.137117,7.7676845,8.590085
3.72431,3.6443334,4.211402,4.195461,4.149582,3.9080083,4.3310776,4.5433335,4.472656,4.4638715,4.126834,4.309911
3.7906466,3.8139338,3.1916368,4.907229,3.3248475,3.4048147,3.8663366,4.0542665,4.719891,4.2418156,3.137502,3.4223018
12.013008,11.845386,12.7684145,13.010279,12.119902,12.70345,12.302213,12.683339,12.282816,12.691991,11.614561,11.582666
8.173791,9.402613,10.827,10.808409,9.854604,9.863228,10.184944,11.08705,11.014119,10.497763,9.365399,9.438505
6.3908305,7.342984,7.5399094,7.2607822,6.9347153,7.076788,6.686804,6.923996,7.10796,6.8247676,6.6010814,6.8022776
3.8016632,3.5448742,2.8120377,3.0285516,3.310636,2.8947282,3.1858373,3.0016363,3.2587945,3.2016077,3.2881114,3.669338
7.1936584,6.7928877,6.7991214,7.1955395,6.5309486,6.7769747,5.9680033,6.3183174,6.5708733,6.1341453,5.9302616,5.565003
7.8131332,7.861159,8.182243,6.630682,9.136318,8.444438,8.32445,7.202852,7.27056,7.519777,8.812753,8.17289
5.219058,6.839665,5.9378924,7.7154784,6.054517,6.8072605,7.3476906,7.5394316,8.396192,7.4428625,6.0653377,6.3652596
11.420387,15.254445,13.756594,19.38272,10.964426,13.559168,12.070013,15.426654,18.190622,12.914863,8.860282,8.151743
12.084023,11.17282,11.683436,12.526681,11.641107,11.827717,11.373381,11.87158,11.82674,11.991473,11.604264,11.139057
6.1813507,6.343555,6.4663754,7.1107264,7.1684146,6.637921,7.2500873,7.1866565,7.4822235,7.011426,7.1702733,6.4199557
9.264328,9.981332,8.325131,11.384636,8.084095,10.226959,10.62395,10.124718,11.054881,10.124357,8.532549,8.892576
4.185148,4.538059,5.226569,5.1466007,4.9925365,4.825999,4.656194,5.3024735,5.1664543,5.101034,4.7877665,4.384154
7.7678337,8.425918,8.599689,7.522115,7.8223004,8.562644,7.536104,7.5099635,7.45814,7.041802,7.482467,7.2642617
9.422338,9.735254,10.599234,11.341676,10.084299,10.347126,9.609699,10.66872,11.082299,10.455249,9.633163,8.991453
6.1178946,6.0510597,6.6857347,6.9370437,7.0225687,6.5967007,7.593589,7.010178,6.965056,6.957013,7.1600757,7.1302004
0.74504626,1.5606188,0.5023433,-1.499535,0.25019133,-0.18282638,0.28095448,-0.3818425,-0.7368158,0.06763328,0.58910906,2.8248408
6.749395,8.078594,7.5903153,9.352084,7.144578,7.492833,7.3035846,8.302445,9.083733,7.924758,6.564645,6.481105
5.987015,6.495835,5.717275,6.8546033,6.1414895,5.7289705,6.301788,6.2044177,7.5127068,5.789706,6.4271183,5.5511994
6.2691007,6.269742,5.035659,5.092912,5.5601707,5.7181506,5.628336,4.9854507,5.4362593,4.774716,5.712087,5.5236354
8.97453,9.289645,9.291497,9.016562,9.112024,9.44912,9.430685,9.287977,9.164507,9.45309,9.280282,9.575713
6.1349955,5.778313,5.5697803,4.5174956,6.824606,6.4249535,7.519292,6.237375,5.7183113,6.6214924,7.5029497,7.6633763
4.5811048,3.708387,5.1940145,3.6517115,4.8910565,4.5672326,4.189271,4.2977147,3.5285745,4.5842605,4.927434,5.0197577
8.727687,9.131477,10.074064,10.1719055,9.117596,9.5767565,8.318447,9.329709,9.130364,9.075036,8.18214,7.863734
6.0199738,5.233343,5.0804176,2.2172978,6.3182163,4.7759433,5.0737295,3.7757213,3.1227462,4.6502466,6.5784698,6.8493967
8.611281,8.387953,8.371213,8.326342,7.982294,7.8489685,7.437258,7.9240913,7.84491,7.8023562,7.920622,8.166062
9.145051,9.786987,9.719821,11.586657,9.311448,10.008036,10.184997,10.893896,11.417873,10.152386,8.865755,8.664359
7.408915,8.350477,7.794635,9.351068,7.9721966,8.350125,8.988734,8.994168,9.940115,8.349156,7.766271,7.4098277
11.484639,11.465065,11.843478,13.627128,12.345787,12.425707,12.428094,13.196695,13.442032,12.874838,11.963461,10.68346
7.618744,8.837465,8.492826,10.289394,7.780483,8.64244,8.012316,9.033994,9.821824,8.582312,7.093819,6.7579474
7.273983,8.217011,7.4684906,10.266079,7.885804,8.168778,9.081327,9.088449,10.365725,8.708499,7.323639,6.889413
2.652518,3.1790452,3.2721615,1.7367333,3.256847,2.6496522,2.5283473,2.5055492,2.22105,3.1586018,3.3409016,4.1369658
5.9669166,6.7788877,6.3208003,4.796721,6.0798197,5.7209144,5.0762515,5.270567,5.099105,5.3683515,5.6622252,6.1095977
7.316153,8.131768,7.8050575,9.9513445,7.409949,7.806612,7.7922816,8.790154,9.650172,7.8469253,6.522299,5.9195485
6.146859,5.700476,5.8876557,6.032757,6.558194,5.8294706,6.6847034,6.2834477,6.514125,6.1201563,6.7785525,6.3333554
3.7878406,4.7344093,3.5698888,4.0509696,3.5915046,3.443825,3.8091383,4.0116334,4.310348,3.6930017,3.4381528,4.391332
6.7861767,7.1070065,6.942791,8.520812,6.738568,7.1941676,7.211067,7.533549,8.113976,7.6798925,6.8937974,6.6430163
6.6144605,7.375868,7.2351527,6.791885,6.8737926,6.90437,6.643733,6.9581885,6.9917564,6.753967,6.7379417,7.097451
6.824571,7.7178197,7.505701,9.042391,7.612451,7.759161,8.861912,8.896005,9.712267,8.351079,7.895124,7.85529
5.0108414,5.017718,5.196819,3.5229468,5.2282295,5.0632553,4.6653824,4.3554792,4.0521216,4.858261,5.688492,5.60346
3.5388093,3.9083855,3.3219738,3.9131904,3.4412098,2.9090726,3.3031526,3.7534034,4.1838884,3.2965026,3.5739913,3.4460158
4.0925264,4.2779417,3.7409763,3.847384,3.8480566,4.02556,4.331206,4.2165184,4.3459635,4.3795066,4.351238,5.0280004
8.4071665,9.095103,8.47794,8.539585,8.204285,9.047189,8.299762,8.495236,8.7028265,9.0728655,8.674806,8.828398
4.291567,5.682876,5.376615,6.259005,4.912489,5.381683,5.4783773,6.2728124,6.7279663,5.3427424,4.852181,4.5505223
4.6124444,2.61777,2.9941487,0.4357129,3.5961683,2.8038893,2.1877365,1.1829103,-0.40780059,2.182697,3.4925952,4.1532755
5.025791,3.6818461,4.7386346,1.6892936,4.5794277,3.691761,2.8267848,2.757301,1.4664571,3.640183,4.5999756,5.3711276
10.362093,9.364559,9.927188,9.000229,10.100193,10.410636,9.787056,9.347363,9.143936,9.633086,10.546765,9.982751
11.361913,12.450102,11.62625,14.817321,11.629227,12.851856,12.922219,13.67246,14.498907,13.026224,11.322809,10.385649
7.7168784,7.7752514,7.545982,7.5018096,7.571994,7.77717,8.227569,7.8902383,7.458121,7.9900002,7.978173,8.633214
5.3482795,6.081946,5.685129,6.268234,5.5861754,5.592696,6.122164,6.227171,6.8756394,5.813659,5.991377,6.190773
7.732694,7.4243236,7.9786882,7.9516244,7.9881444,7.7944098,7.5154877,7.830738,8.071525,8.048149,8.239226,7.6845803
9.544218,9.343979,10.67624,9.963961,10.260041,9.957903,10.4051485,10.766955,10.34316,10.4820595,10.484601,10.587703
3.6800609,4.2749076,4.24484,2.728451,3.5729985,3.730321,3.067685,3.1596947,3.521999,3.522277,4.113664,4.344808
5.9685254,4.633361,4.492627,3.9398801,5.9911366,5.13365,6.341824,4.8255296,4.4113493,5.4485745,6.885453,6.8974166
6.648334,6.019771,6.7277503,6.613437,7.545749,6.9167976,7.3107824,7.1516843,6.8620477,7.0657253,7.419723,6.7543035
9.441967,9.176598,9.811403,8.980093,8.969775,9.488886,9.006825,9.212637,8.92415,8.917401,9.1613245,9.345557
3.2348156,3.1609738,3.823011,3.159153,3.4776587,3.2820883,3.1503434,3.396824,3.154984,3.187449,3.2454085,3.2179413
4.1824827,4.152646,3.8399546,2.6463697,3.688843,2.9418294,1.8961284,2.8300989,2.6408093,3.1967947,3.8644845,4.0635858
4.568636,5.5883636,5.4534225,6.2005453,5.2801833,5.4001107,5.6000695,6.1606026,6.831357,6.073575,5.1926713,5.4259286
6.067835,6.123574,5.2620816,5.290785,5.2611804,5.5797396,5.583425,5.2026987,5.3640842,5.361924,5.4474382,5.959285
1.8767005,1.6756157,1.9221278,2.0486166,2.7937098,2.167314,2.8353708,2.515787,2.6550636,2.6153061,3.1080282,2.642641
2.6293445,2.57969,2.6875494,1.8992971,2.4249666,2.3698554,2.2390485,2.4327672,2.3296998,2.7550018,2.9340563,3.3644345
4.341699,3.1644926,3.4549596,2.209659,3.5058978,3.2162647,2.8017855,2.426707,2.1018698,3.1162663,4.0625343,4.2333307
2.620587,2.002426,2.0395365,1.0551792,2.2427933,2.456513,2.4967122,1.9911678,1.5159073,2.6907687,2.856969,3.724101
7.1566005,6.946527,6.796072,7.249614,6.694388,6.6551676,6.480867,6.9751005,7.301068,6.7923913,6.499777,6.509985
3.4453976,3.8281076,3.3416464,3.1826773,3.1710167,3.2427258,3.3489668,3.37332,3.3102143,3.5680509,3.661257,4.2456307
8.257974,6.686775,6.685137,5.968531,7.4268713,8.057147,7.630404,6.872688,5.868493,7.9575877,8.105968,8.131451
4.229515,5.7256217,5.143675,7.199804,4.446209,5.0858617,5.2293615,6.1163034,7.189474,5.156003,4.3044667,3.934712
8.059934,7.8716908,7.386052,7.3690014,7.637616,7.980415,7.9594946,7.286855,7.249204,7.818635,8.088379,8.380828
9.616472,9.808933,9.950457,10.550727,9.9615965,10.192899,10.051594,10.23888,10.333616,10.410745,9.756803,9.634047
3.3793736,2.4818583,2.6602216,1.2315552,3.2269099,2.3459058,2.05163,2.106913,1.4157798,2.30642,3.4040956,3.5222797
10.046461,9.974627,9.877339,10.007629,9.675121,10.009002,10.285164,9.7996435,10.094413,10.382517,9.78889,10.52229
10.671665,11.360665,11.331842,12.152793,11.0489645,11.335505,11.085801,11.515722,11.816616,11.339234,10.493082,10.454697
3.4880457,3.0661068,3.3686886,3.331002,2.6089406,2.9328945,2.149598,2.6352015,2.6539125,2.9182627,2.6243534,2.6618555
6.689261,6.429833,7.6207175,7.642167,7.4177027,7.375423,7.874361,8.0246315,7.78145,7.8142824,7.5372357,7.5326314
12.435664,13.046141,13.017909,14.605899,12.014253,13.162031,12.461702,13.669347,14.311218,13.549163,11.535748,11.5679245
6.9842515,7.2324114,7.838903,7.6879883,7.329604,7.9524536,7.4796524,7.991613,7.564731,7.8451204,7.2971377,7.00043
4.536962,4.131149,4.1798253,3.918758,4.3363233,4.6611133,4.34366,3.9033403,3.8516345,4.914104,5.457312,5.4508853
6.5557203,6.393098,5.8923626,6.332394,6.906217,6.129293,7.1096277,6.5219326,6.6405716,6.7262383,6.7704163,7.0227413
10.737451,11.1318445,10.559427,13.055536,10.60266,11.166734,10.902247,11.423883,12.286885,10.977806,9.907681,9.219349
3.255767,3.3119845,3.0172424,2.509936,3.2126758,3.1062756,3.0329425,2.8989482,2.6932366,3.4631758,3.3826404,3.9309266
9.318544,10.210885,9.824829,11.803526,9.782148,10.814117,10.691747,11.410502,12.385851,10.792111,9.9551735,8.82693
4.23128,4.106888,2.6365407,3.4776702,3.2112167,3.54304,3.38877,3.309067,3.8794477,3.3980393,3.762712,3.8061302
10.825843,12.209596,12.053768,13.288961,10.506199,11.775694,10.7279005,11.980582,12.3137865,10.697421,9.043651,9.190816
12.619778,11.210892,12.5785885,12.012934,13.425576,12.452094,12.421157,12.074745,11.438325,13.015943,12.802402,12.554802
1.213378,2.2653008,1.9168024,2.9683504,2.0563765,1.8687487,1.7576644,2.7118416,3.2661252,2.0910823,1.6098912,0.7458301
13.667114,15.72944,16.106846,18.474035,14.55177,15.550292,14.745971,16.698761,17.64114,15.755686,13.199173,12.803805
8.042942,7.309177,8.206096,5.169097,7.7039857,7.003513,6.4495163,6.5525384,6.2002754,7.1181774,8.173504,8.813386
6.8589387,8.394564,8.978769,10.816938,7.743555,8.706371,9.236493,10.331461,11.1092205,9.596148,8.063084,7.9825597
5.4817877,5.383196,5.474784,6.025883,5.5910563,5.7969003,5.473705,5.553126,5.768089,5.7818766,5.592361,5.211542
8.3133745,8.715675,8.220286,9.02882,8.479182,8.3758335,8.955823,8.8266535,9.161436,8.717286,8.708737,8.666042
12.974487,12.430892,11.923387,13.264425,11.9676895,12.789394,12.144982,12.108522,12.355373,12.129413,11.514025,10.958295
4.7220135,5.88225,5.6890283,5.958938,5.248338,5.2707467,5.6585145,5.775049,6.2015367,5.2843175,5.4172025,5.6727715
2.095196,2.2127585,1.7472957,1.9084808,1.4455231,1.1740094,0.6225166,1.4864534,1.6498526,1.5634645,1.1138564,1.7365831
5.815461,5.0442314,5.833094,5.096155,5.966481,5.4135923,5.6311502,5.3408656,5.04389,5.662358,5.9255037,5.972168
11.815911,12.692541,13.011173,14.069314,12.265515,13.258597,13.412631,14.076807,14.477252,13.396437,12.2664385,12.182408
